# units: hostId; total_energy(Wh)
5044;h_11;11;0.0000
5044;h_10;10;0.0000
5044;h_9;9;168.1896
5044;h_8;8;0.0000
5044;h_7;7;0.0000
5044;h_6;6;168.2004
5044;h_5;5;0.0000
5044;h_4;4;0.0000
5044;h_3;3;168.2018
5044;h_2;2;0.0000
5044;h_1;1;0.0000
5044;h_0;0;168.1857
TOTAL;;;672.7775
5044;h_11;11;0.0000
5044;h_10;10;0.0000
5044;h_9;9;168.1896
5044;h_8;8;0.0000
5044;h_7;7;0.0000
5044;h_6;6;168.2004
5044;h_5;5;0.0000
5044;h_4;4;0.0000
5044;h_3;3;168.2018
5044;h_2;2;0.0000
5044;h_1;1;0.0000
5044;h_0;0;168.1857
TOTAL;;;672.7775
5044;h_11;11;0.0000
5044;h_10;10;0.0000
5044;h_9;9;168.1896
5044;h_8;8;0.0000
5044;h_7;7;0.0000
5044;h_6;6;168.2004
5044;h_5;5;0.0000
5044;h_4;4;0.0000
5044;h_3;3;168.2018
5044;h_2;2;0.0000
5044;h_1;1;0.0000
5044;h_0;0;168.1857
TOTAL;;;672.7775
5044;h_11;11;0.0000
5044;h_10;10;0.0000
5044;h_9;9;168.1896
5044;h_8;8;0.0000
5044;h_7;7;0.0000
5044;h_6;6;168.2004
5044;h_5;5;0.0000
5044;h_4;4;0.0000
5044;h_3;3;168.2018
5044;h_2;2;0.0000
5044;h_1;1;0.0000
5044;h_0;0;168.1857
TOTAL;;;672.7775
5044;h_11;11;0.0000
5044;h_10;10;0.0000
5044;h_9;9;168.1896
5044;h_8;8;0.0000
5044;h_7;7;0.0000
5044;h_6;6;168.2004
5044;h_5;5;0.0000
5044;h_4;4;0.0000
5044;h_3;3;168.2018
5044;h_2;2;0.0000
5044;h_1;1;0.0000
5044;h_0;0;168.1857
TOTAL;;;672.7775
6436;h_11;11;0.0000
6436;h_10;10;0.0000
6436;h_9;9;214.7109
6436;h_8;8;0.0000
6436;h_7;7;0.0000
6436;h_6;6;214.7248
6436;h_5;5;0.0000
6436;h_4;4;0.0000
6436;h_3;3;214.7266
6436;h_2;2;0.0000
6436;h_1;1;0.0000
6436;h_0;0;214.7059
TOTAL;;;858.8682
6436;h_11;11;0.0000
6436;h_10;10;0.0000
6436;h_9;9;214.7109
6436;h_8;8;0.0000
6436;h_7;7;0.0000
6436;h_6;6;214.7248
6436;h_5;5;0.0000
6436;h_4;4;0.0000
6436;h_3;3;214.7266
6436;h_2;2;0.0000
6436;h_1;1;0.0000
6436;h_0;0;214.7059
TOTAL;;;858.8682
6436;h_11;11;0.0000
6436;h_10;10;0.0000
6436;h_9;9;214.7109
6436;h_8;8;0.0000
6436;h_7;7;0.0000
6436;h_6;6;214.7248
6436;h_5;5;0.0000
6436;h_4;4;0.0000
6436;h_3;3;214.7266
6436;h_2;2;0.0000
6436;h_1;1;0.0000
6436;h_0;0;214.7059
TOTAL;;;858.8682
6436;h_11;11;0.0000
6436;h_10;10;0.0000
6436;h_9;9;214.7109
6436;h_8;8;0.0000
6436;h_7;7;0.0000
6436;h_6;6;214.7248
6436;h_5;5;0.0000
6436;h_4;4;0.0000
6436;h_3;3;214.7266
6436;h_2;2;0.0000
6436;h_1;1;0.0000
6436;h_0;0;214.7059
TOTAL;;;858.8682
6436;h_11;11;0.0000
6436;h_10;10;0.0000
6436;h_9;9;214.7109
6436;h_8;8;0.0000
6436;h_7;7;0.0000
6436;h_6;6;214.7248
6436;h_5;5;0.0000
6436;h_4;4;0.0000
6436;h_3;3;214.7266
6436;h_2;2;0.0000
6436;h_1;1;0.0000
6436;h_0;0;214.7059
TOTAL;;;858.8682
6436;h_11;11;0.0000
6436;h_10;10;0.0000
6436;h_9;9;214.7109
6436;h_8;8;0.0000
6436;h_7;7;0.0000
6436;h_6;6;214.7248
6436;h_5;5;0.0000
6436;h_4;4;0.0000
6436;h_3;3;214.7266
6436;h_2;2;0.0000
6436;h_1;1;0.0000
6436;h_0;0;214.7059
TOTAL;;;858.8682
6436;h_11;11;0.0000
6436;h_10;10;0.0000
6436;h_9;9;214.7109
6436;h_8;8;0.0000
6436;h_7;7;0.0000
6436;h_6;6;214.7248
6436;h_5;5;0.0000
6436;h_4;4;0.0000
6436;h_3;3;214.7266
6436;h_2;2;0.0000
6436;h_1;1;0.0000
6436;h_0;0;214.7059
TOTAL;;;858.8682
6436;h_11;11;0.0000
6436;h_10;10;0.0000
6436;h_9;9;214.7109
6436;h_8;8;0.0000
6436;h_7;7;0.0000
6436;h_6;6;214.7248
6436;h_5;5;0.0000
6436;h_4;4;0.0000
6436;h_3;3;214.7266
6436;h_2;2;0.0000
6436;h_1;1;0.0000
6436;h_0;0;214.7059
TOTAL;;;858.8682
6461;h_11;11;0.0000
6461;h_10;10;0.0000
6461;h_9;9;215.5651
6461;h_8;8;0.0000
6461;h_7;7;0.0000
6461;h_6;6;215.5789
6461;h_5;5;0.0000
6461;h_4;4;0.0000
6461;h_3;3;215.5807
6461;h_2;2;0.0000
6461;h_1;1;0.0000
6461;h_0;0;215.5600
TOTAL;;;862.2848
6461;h_11;11;0.0000
6461;h_10;10;0.0000
6461;h_9;9;215.5651
6461;h_8;8;0.0000
6461;h_7;7;0.0000
6461;h_6;6;215.5789
6461;h_5;5;0.0000
6461;h_4;4;0.0000
6461;h_3;3;215.5807
6461;h_2;2;0.0000
6461;h_1;1;0.0000
6461;h_0;0;215.5600
TOTAL;;;862.2848
6461;h_11;11;0.0000
6461;h_10;10;0.0000
6461;h_9;9;215.5651
6461;h_8;8;0.0000
6461;h_7;7;0.0000
6461;h_6;6;215.5789
6461;h_5;5;0.0000
6461;h_4;4;0.0000
6461;h_3;3;215.5807
6461;h_2;2;0.0000
6461;h_1;1;0.0000
6461;h_0;0;215.5600
TOTAL;;;862.2848
6461;h_11;11;0.0000
6461;h_10;10;0.0000
6461;h_9;9;215.5651
6461;h_8;8;0.0000
6461;h_7;7;0.0000
6461;h_6;6;215.5789
6461;h_5;5;0.0000
6461;h_4;4;0.0000
6461;h_3;3;215.5807
6461;h_2;2;0.0000
6461;h_1;1;0.0000
6461;h_0;0;215.5600
TOTAL;;;862.2848
6461;h_11;11;0.0000
6461;h_10;10;0.0000
6461;h_9;9;215.5651
6461;h_8;8;0.0000
6461;h_7;7;0.0000
6461;h_6;6;215.5789
6461;h_5;5;0.0000
6461;h_4;4;0.0000
6461;h_3;3;215.5807
6461;h_2;2;0.0000
6461;h_1;1;0.0000
6461;h_0;0;215.5600
TOTAL;;;862.2848
6461;h_11;11;0.0000
6461;h_10;10;0.0000
6461;h_9;9;215.5651
6461;h_8;8;0.0000
6461;h_7;7;0.0000
6461;h_6;6;215.5789
6461;h_5;5;0.0000
6461;h_4;4;0.0000
6461;h_3;3;215.5807
6461;h_2;2;0.0000
6461;h_1;1;0.0000
6461;h_0;0;215.5600
TOTAL;;;862.2848
6461;h_11;11;0.0000
6461;h_10;10;0.0000
6461;h_9;9;215.5651
6461;h_8;8;0.0000
6461;h_7;7;0.0000
6461;h_6;6;215.5789
6461;h_5;5;0.0000
6461;h_4;4;0.0000
6461;h_3;3;215.5807
6461;h_2;2;0.0000
6461;h_1;1;0.0000
6461;h_0;0;215.5600
TOTAL;;;862.2848
6461;h_11;11;0.0000
6461;h_10;10;0.0000
6461;h_9;9;215.5651
6461;h_8;8;0.0000
6461;h_7;7;0.0000
6461;h_6;6;215.5789
6461;h_5;5;0.0000
6461;h_4;4;0.0000
6461;h_3;3;215.5807
6461;h_2;2;0.0000
6461;h_1;1;0.0000
6461;h_0;0;215.5600
TOTAL;;;862.2848
6461;h_11;11;0.0000
6461;h_10;10;0.0000
6461;h_9;9;215.5651
6461;h_8;8;0.0000
6461;h_7;7;0.0000
6461;h_6;6;215.5789
6461;h_5;5;0.0000
6461;h_4;4;0.0000
6461;h_3;3;215.5807
6461;h_2;2;0.0000
6461;h_1;1;0.0000
6461;h_0;0;215.5600
TOTAL;;;862.2848
6461;h_11;11;0.0000
6461;h_10;10;0.0000
6461;h_9;9;215.5651
6461;h_8;8;0.0000
6461;h_7;7;0.0000
6461;h_6;6;215.5789
6461;h_5;5;0.0000
6461;h_4;4;0.0000
6461;h_3;3;215.5807
6461;h_2;2;0.0000
6461;h_1;1;0.0000
6461;h_0;0;215.5600
TOTAL;;;862.2848
6461;h_11;11;0.0000
6461;h_10;10;0.0000
6461;h_9;9;215.5651
6461;h_8;8;0.0000
6461;h_7;7;0.0000
6461;h_6;6;215.5789
6461;h_5;5;0.0000
6461;h_4;4;0.0000
6461;h_3;3;215.5807
6461;h_2;2;0.0000
6461;h_1;1;0.0000
6461;h_0;0;215.5600
TOTAL;;;862.2848
6461;h_11;11;0.0000
6461;h_10;10;0.0000
6461;h_9;9;215.5651
6461;h_8;8;0.0000
6461;h_7;7;0.0000
6461;h_6;6;215.5789
6461;h_5;5;0.0000
6461;h_4;4;0.0000
6461;h_3;3;215.5807
6461;h_2;2;0.0000
6461;h_1;1;0.0000
6461;h_0;0;215.5600
TOTAL;;;862.2848
6473;h_11;11;0.0000
6473;h_10;10;0.0000
6473;h_9;9;215.9441
6473;h_8;8;0.0000
6473;h_7;7;0.0000
6473;h_6;6;215.9580
6473;h_5;5;0.0000
6473;h_4;4;0.0000
6473;h_3;3;215.9598
6473;h_2;2;0.0000
6473;h_1;1;0.0000
6473;h_0;0;215.9390
TOTAL;;;863.8008
6473;h_11;11;0.0000
6473;h_10;10;0.0000
6473;h_9;9;215.9441
6473;h_8;8;0.0000
6473;h_7;7;0.0000
6473;h_6;6;215.9580
6473;h_5;5;0.0000
6473;h_4;4;0.0000
6473;h_3;3;215.9598
6473;h_2;2;0.0000
6473;h_1;1;0.0000
6473;h_0;0;215.9390
TOTAL;;;863.8008
6473;h_11;11;0.0000
6473;h_10;10;0.0000
6473;h_9;9;215.9441
6473;h_8;8;0.0000
6473;h_7;7;0.0000
6473;h_6;6;215.9580
6473;h_5;5;0.0000
6473;h_4;4;0.0000
6473;h_3;3;215.9598
6473;h_2;2;0.0000
6473;h_1;1;0.0000
6473;h_0;0;215.9390
TOTAL;;;863.8008
6473;h_11;11;0.0000
6473;h_10;10;0.0000
6473;h_9;9;215.9441
6473;h_8;8;0.0000
6473;h_7;7;0.0000
6473;h_6;6;215.9580
6473;h_5;5;0.0000
6473;h_4;4;0.0000
6473;h_3;3;215.9598
6473;h_2;2;0.0000
6473;h_1;1;0.0000
6473;h_0;0;215.9390
TOTAL;;;863.8008
6473;h_11;11;0.0000
6473;h_10;10;0.0000
6473;h_9;9;215.9441
6473;h_8;8;0.0000
6473;h_7;7;0.0000
6473;h_6;6;215.9580
6473;h_5;5;0.0000
6473;h_4;4;0.0000
6473;h_3;3;215.9598
6473;h_2;2;0.0000
6473;h_1;1;0.0000
6473;h_0;0;215.9390
TOTAL;;;863.8008
6473;h_11;11;0.0000
6473;h_10;10;0.0000
6473;h_9;9;215.9441
6473;h_8;8;0.0000
6473;h_7;7;0.0000
6473;h_6;6;215.9580
6473;h_5;5;0.0000
6473;h_4;4;0.0000
6473;h_3;3;215.9598
6473;h_2;2;0.0000
6473;h_1;1;0.0000
6473;h_0;0;215.9390
TOTAL;;;863.8008
6473;h_11;11;0.0000
6473;h_10;10;0.0000
6473;h_9;9;215.9441
6473;h_8;8;0.0000
6473;h_7;7;0.0000
6473;h_6;6;215.9580
6473;h_5;5;0.0000
6473;h_4;4;0.0000
6473;h_3;3;215.9598
6473;h_2;2;0.0000
6473;h_1;1;0.0000
6473;h_0;0;215.9390
TOTAL;;;863.8008
6473;h_11;11;0.0000
6473;h_10;10;0.0000
6473;h_9;9;215.9441
6473;h_8;8;0.0000
6473;h_7;7;0.0000
6473;h_6;6;215.9580
6473;h_5;5;0.0000
6473;h_4;4;0.0000
6473;h_3;3;215.9598
6473;h_2;2;0.0000
6473;h_1;1;0.0000
6473;h_0;0;215.9390
TOTAL;;;863.8008
6473;h_11;11;0.0000
6473;h_10;10;0.0000
6473;h_9;9;215.9441
6473;h_8;8;0.0000
6473;h_7;7;0.0000
6473;h_6;6;215.9580
6473;h_5;5;0.0000
6473;h_4;4;0.0000
6473;h_3;3;215.9598
6473;h_2;2;0.0000
6473;h_1;1;0.0000
6473;h_0;0;215.9390
TOTAL;;;863.8008
6473;h_11;11;0.0000
6473;h_10;10;0.0000
6473;h_9;9;215.9441
6473;h_8;8;0.0000
6473;h_7;7;0.0000
6473;h_6;6;215.9580
6473;h_5;5;0.0000
6473;h_4;4;0.0000
6473;h_3;3;215.9598
6473;h_2;2;0.0000
6473;h_1;1;0.0000
6473;h_0;0;215.9390
TOTAL;;;863.8008
6473;h_11;11;0.0000
6473;h_10;10;0.0000
6473;h_9;9;215.9441
6473;h_8;8;0.0000
6473;h_7;7;0.0000
6473;h_6;6;215.9580
6473;h_5;5;0.0000
6473;h_4;4;0.0000
6473;h_3;3;215.9598
6473;h_2;2;0.0000
6473;h_1;1;0.0000
6473;h_0;0;215.9390
TOTAL;;;863.8008
6473;h_11;11;0.0000
6473;h_10;10;0.0000
6473;h_9;9;215.9441
6473;h_8;8;0.0000
6473;h_7;7;0.0000
6473;h_6;6;215.9580
6473;h_5;5;0.0000
6473;h_4;4;0.0000
6473;h_3;3;215.9598
6473;h_2;2;0.0000
6473;h_1;1;0.0000
6473;h_0;0;215.9390
TOTAL;;;863.8008
6483;h_11;11;0.0000
6483;h_10;10;0.0000
6483;h_9;9;215.9441
6483;h_8;8;0.0000
6483;h_7;7;0.0000
6483;h_6;6;215.9580
6483;h_5;5;0.0000
6483;h_4;4;0.0000
6483;h_3;3;215.9598
6483;h_2;2;0.0000
6483;h_1;1;0.0000
6483;h_0;0;215.9390
TOTAL;;;863.8008
6483;h_11;11;0.0000
6483;h_10;10;0.0000
6483;h_9;9;215.9441
6483;h_8;8;0.0000
6483;h_7;7;0.0000
6483;h_6;6;215.9580
6483;h_5;5;0.0000
6483;h_4;4;0.0000
6483;h_3;3;215.9598
6483;h_2;2;0.0000
6483;h_1;1;0.0000
6483;h_0;0;215.9390
TOTAL;;;863.8008
6483;h_11;11;0.0000
6483;h_10;10;0.0000
6483;h_9;9;215.9441
6483;h_8;8;0.0000
6483;h_7;7;0.0000
6483;h_6;6;215.9580
6483;h_5;5;0.0000
6483;h_4;4;0.0000
6483;h_3;3;215.9598
6483;h_2;2;0.0000
6483;h_1;1;0.0000
6483;h_0;0;215.9390
TOTAL;;;863.8008
6483;h_11;11;0.0000
6483;h_10;10;0.0000
6483;h_9;9;215.9441
6483;h_8;8;0.0000
6483;h_7;7;0.0000
6483;h_6;6;215.9580
6483;h_5;5;0.0000
6483;h_4;4;0.0000
6483;h_3;3;215.9598
6483;h_2;2;0.0000
6483;h_1;1;0.0000
6483;h_0;0;215.9390
TOTAL;;;863.8008
6485;h_11;11;0.0000
6485;h_10;10;0.0000
6485;h_9;9;216.2777
6485;h_8;8;0.0000
6485;h_7;7;0.0000
6485;h_6;6;216.2916
6485;h_5;5;0.0000
6485;h_4;4;0.0000
6485;h_3;3;216.2934
6485;h_2;2;0.0000
6485;h_1;1;0.0000
6485;h_0;0;216.2727
TOTAL;;;865.1354
6485;h_11;11;0.0000
6485;h_10;10;0.0000
6485;h_9;9;216.2777
6485;h_8;8;0.0000
6485;h_7;7;0.0000
6485;h_6;6;216.2916
6485;h_5;5;0.0000
6485;h_4;4;0.0000
6485;h_3;3;216.2934
6485;h_2;2;0.0000
6485;h_1;1;0.0000
6485;h_0;0;216.2727
TOTAL;;;865.1354
6485;h_11;11;0.0000
6485;h_10;10;0.0000
6485;h_9;9;216.2777
6485;h_8;8;0.0000
6485;h_7;7;0.0000
6485;h_6;6;216.2916
6485;h_5;5;0.0000
6485;h_4;4;0.0000
6485;h_3;3;216.2934
6485;h_2;2;0.0000
6485;h_1;1;0.0000
6485;h_0;0;216.2727
TOTAL;;;865.1354
6485;h_11;11;0.0000
6485;h_10;10;0.0000
6485;h_9;9;216.2777
6485;h_8;8;0.0000
6485;h_7;7;0.0000
6485;h_6;6;216.2916
6485;h_5;5;0.0000
6485;h_4;4;0.0000
6485;h_3;3;216.2934
6485;h_2;2;0.0000
6485;h_1;1;0.0000
6485;h_0;0;216.2727
TOTAL;;;865.1354
6485;h_11;11;0.0000
6485;h_10;10;0.0000
6485;h_9;9;216.2777
6485;h_8;8;0.0000
6485;h_7;7;0.0000
6485;h_6;6;216.2916
6485;h_5;5;0.0000
6485;h_4;4;0.0000
6485;h_3;3;216.2934
6485;h_2;2;0.0000
6485;h_1;1;0.0000
6485;h_0;0;216.2727
TOTAL;;;865.1354
6485;h_11;11;0.0000
6485;h_10;10;0.0000
6485;h_9;9;216.2777
6485;h_8;8;0.0000
6485;h_7;7;0.0000
6485;h_6;6;216.2916
6485;h_5;5;0.0000
6485;h_4;4;0.0000
6485;h_3;3;216.2934
6485;h_2;2;0.0000
6485;h_1;1;0.0000
6485;h_0;0;216.2727
TOTAL;;;865.1354
6485;h_11;11;0.0000
6485;h_10;10;0.0000
6485;h_9;9;216.2777
6485;h_8;8;0.0000
6485;h_7;7;0.0000
6485;h_6;6;216.2916
6485;h_5;5;0.0000
6485;h_4;4;0.0000
6485;h_3;3;216.2934
6485;h_2;2;0.0000
6485;h_1;1;0.0000
6485;h_0;0;216.2727
TOTAL;;;865.1354
6485;h_11;11;0.0000
6485;h_10;10;0.0000
6485;h_9;9;216.2777
6485;h_8;8;0.0000
6485;h_7;7;0.0000
6485;h_6;6;216.2916
6485;h_5;5;0.0000
6485;h_4;4;0.0000
6485;h_3;3;216.2934
6485;h_2;2;0.0000
6485;h_1;1;0.0000
6485;h_0;0;216.2727
TOTAL;;;865.1354
6488;h_11;11;0.0000
6488;h_10;10;0.0000
6488;h_9;9;216.2777
6488;h_8;8;0.0000
6488;h_7;7;0.0000
6488;h_6;6;216.2916
6488;h_5;5;0.0000
6488;h_4;4;0.0000
6488;h_3;3;216.2934
6488;h_2;2;0.0000
6488;h_1;1;0.0000
6488;h_0;0;216.2727
TOTAL;;;865.1354
6488;h_11;11;0.0000
6488;h_10;10;0.0000
6488;h_9;9;216.2777
6488;h_8;8;0.0000
6488;h_7;7;0.0000
6488;h_6;6;216.2916
6488;h_5;5;0.0000
6488;h_4;4;0.0000
6488;h_3;3;216.2934
6488;h_2;2;0.0000
6488;h_1;1;0.0000
6488;h_0;0;216.2727
TOTAL;;;865.1354
6488;h_11;11;0.0000
6488;h_10;10;0.0000
6488;h_9;9;216.2777
6488;h_8;8;0.0000
6488;h_7;7;0.0000
6488;h_6;6;216.2916
6488;h_5;5;0.0000
6488;h_4;4;0.0000
6488;h_3;3;216.2934
6488;h_2;2;0.0000
6488;h_1;1;0.0000
6488;h_0;0;216.2727
TOTAL;;;865.1354
6488;h_11;11;0.0000
6488;h_10;10;0.0000
6488;h_9;9;216.2777
6488;h_8;8;0.0000
6488;h_7;7;0.0000
6488;h_6;6;216.2916
6488;h_5;5;0.0000
6488;h_4;4;0.0000
6488;h_3;3;216.2934
6488;h_2;2;0.0000
6488;h_1;1;0.0000
6488;h_0;0;216.2727
TOTAL;;;865.1354
6491;h_11;11;0.0000
6491;h_10;10;0.0000
6491;h_9;9;216.2777
6491;h_8;8;0.0000
6491;h_7;7;0.0000
6491;h_6;6;216.2916
6491;h_5;5;0.0000
6491;h_4;4;0.0000
6491;h_3;3;216.2934
6491;h_2;2;0.0000
6491;h_1;1;0.0000
6491;h_0;0;216.2727
TOTAL;;;865.1354
6491;h_11;11;0.0000
6491;h_10;10;0.0000
6491;h_9;9;216.2777
6491;h_8;8;0.0000
6491;h_7;7;0.0000
6491;h_6;6;216.2916
6491;h_5;5;0.0000
6491;h_4;4;0.0000
6491;h_3;3;216.2934
6491;h_2;2;0.0000
6491;h_1;1;0.0000
6491;h_0;0;216.2727
TOTAL;;;865.1354
6491;h_11;11;0.0000
6491;h_10;10;0.0000
6491;h_9;9;216.2777
6491;h_8;8;0.0000
6491;h_7;7;0.0000
6491;h_6;6;216.2916
6491;h_5;5;0.0000
6491;h_4;4;0.0000
6491;h_3;3;216.2934
6491;h_2;2;0.0000
6491;h_1;1;0.0000
6491;h_0;0;216.2727
TOTAL;;;865.1354
6491;h_11;11;0.0000
6491;h_10;10;0.0000
6491;h_9;9;216.2777
6491;h_8;8;0.0000
6491;h_7;7;0.0000
6491;h_6;6;216.2916
6491;h_5;5;0.0000
6491;h_4;4;0.0000
6491;h_3;3;216.2934
6491;h_2;2;0.0000
6491;h_1;1;0.0000
6491;h_0;0;216.2727
TOTAL;;;865.1354
6491;h_11;11;0.0000
6491;h_10;10;0.0000
6491;h_9;9;216.2777
6491;h_8;8;0.0000
6491;h_7;7;0.0000
6491;h_6;6;216.2916
6491;h_5;5;0.0000
6491;h_4;4;0.0000
6491;h_3;3;216.2934
6491;h_2;2;0.0000
6491;h_1;1;0.0000
6491;h_0;0;216.2727
TOTAL;;;865.1354
6491;h_11;11;0.0000
6491;h_10;10;0.0000
6491;h_9;9;216.2777
6491;h_8;8;0.0000
6491;h_7;7;0.0000
6491;h_6;6;216.2916
6491;h_5;5;0.0000
6491;h_4;4;0.0000
6491;h_3;3;216.2934
6491;h_2;2;0.0000
6491;h_1;1;0.0000
6491;h_0;0;216.2727
TOTAL;;;865.1354
6491;h_11;11;0.0000
6491;h_10;10;0.0000
6491;h_9;9;216.2777
6491;h_8;8;0.0000
6491;h_7;7;0.0000
6491;h_6;6;216.2916
6491;h_5;5;0.0000
6491;h_4;4;0.0000
6491;h_3;3;216.2934
6491;h_2;2;0.0000
6491;h_1;1;0.0000
6491;h_0;0;216.2727
TOTAL;;;865.1354
6491;h_11;11;0.0000
6491;h_10;10;0.0000
6491;h_9;9;216.2777
6491;h_8;8;0.0000
6491;h_7;7;0.0000
6491;h_6;6;216.2916
6491;h_5;5;0.0000
6491;h_4;4;0.0000
6491;h_3;3;216.2934
6491;h_2;2;0.0000
6491;h_1;1;0.0000
6491;h_0;0;216.2727
TOTAL;;;865.1354
6491;h_11;11;0.0000
6491;h_10;10;0.0000
6491;h_9;9;216.2777
6491;h_8;8;0.0000
6491;h_7;7;0.0000
6491;h_6;6;216.2916
6491;h_5;5;0.0000
6491;h_4;4;0.0000
6491;h_3;3;216.2934
6491;h_2;2;0.0000
6491;h_1;1;0.0000
6491;h_0;0;216.2727
TOTAL;;;865.1354
6491;h_11;11;0.0000
6491;h_10;10;0.0000
6491;h_9;9;216.2777
6491;h_8;8;0.0000
6491;h_7;7;0.0000
6491;h_6;6;216.2916
6491;h_5;5;0.0000
6491;h_4;4;0.0000
6491;h_3;3;216.2934
6491;h_2;2;0.0000
6491;h_1;1;0.0000
6491;h_0;0;216.2727
TOTAL;;;865.1354
6491;h_11;11;0.0000
6491;h_10;10;0.0000
6491;h_9;9;216.2777
6491;h_8;8;0.0000
6491;h_7;7;0.0000
6491;h_6;6;216.2916
6491;h_5;5;0.0000
6491;h_4;4;0.0000
6491;h_3;3;216.2934
6491;h_2;2;0.0000
6491;h_1;1;0.0000
6491;h_0;0;216.2727
TOTAL;;;865.1354
6491;h_11;11;0.0000
6491;h_10;10;0.0000
6491;h_9;9;216.2777
6491;h_8;8;0.0000
6491;h_7;7;0.0000
6491;h_6;6;216.2916
6491;h_5;5;0.0000
6491;h_4;4;0.0000
6491;h_3;3;216.2934
6491;h_2;2;0.0000
6491;h_1;1;0.0000
6491;h_0;0;216.2727
TOTAL;;;865.1354
6491;h_11;11;0.0000
6491;h_10;10;0.0000
6491;h_9;9;216.2777
6491;h_8;8;0.0000
6491;h_7;7;0.0000
6491;h_6;6;216.2916
6491;h_5;5;0.0000
6491;h_4;4;0.0000
6491;h_3;3;216.2934
6491;h_2;2;0.0000
6491;h_1;1;0.0000
6491;h_0;0;216.2727
TOTAL;;;865.1354
6491;h_11;11;0.0000
6491;h_10;10;0.0000
6491;h_9;9;216.2777
6491;h_8;8;0.0000
6491;h_7;7;0.0000
6491;h_6;6;216.2916
6491;h_5;5;0.0000
6491;h_4;4;0.0000
6491;h_3;3;216.2934
6491;h_2;2;0.0000
6491;h_1;1;0.0000
6491;h_0;0;216.2727
TOTAL;;;865.1354
6491;h_11;11;0.0000
6491;h_10;10;0.0000
6491;h_9;9;216.2777
6491;h_8;8;0.0000
6491;h_7;7;0.0000
6491;h_6;6;216.2916
6491;h_5;5;0.0000
6491;h_4;4;0.0000
6491;h_3;3;216.2934
6491;h_2;2;0.0000
6491;h_1;1;0.0000
6491;h_0;0;216.2727
TOTAL;;;865.1354
6491;h_11;11;0.0000
6491;h_10;10;0.0000
6491;h_9;9;216.2777
6491;h_8;8;0.0000
6491;h_7;7;0.0000
6491;h_6;6;216.2916
6491;h_5;5;0.0000
6491;h_4;4;0.0000
6491;h_3;3;216.2934
6491;h_2;2;0.0000
6491;h_1;1;0.0000
6491;h_0;0;216.2727
TOTAL;;;865.1354
6491;h_11;11;0.0000
6491;h_10;10;0.0000
6491;h_9;9;216.2777
6491;h_8;8;0.0000
6491;h_7;7;0.0000
6491;h_6;6;216.2916
6491;h_5;5;0.0000
6491;h_4;4;0.0000
6491;h_3;3;216.2934
6491;h_2;2;0.0000
6491;h_1;1;0.0000
6491;h_0;0;216.2727
TOTAL;;;865.1354
6491;h_11;11;0.0000
6491;h_10;10;0.0000
6491;h_9;9;216.2777
6491;h_8;8;0.0000
6491;h_7;7;0.0000
6491;h_6;6;216.2916
6491;h_5;5;0.0000
6491;h_4;4;0.0000
6491;h_3;3;216.2934
6491;h_2;2;0.0000
6491;h_1;1;0.0000
6491;h_0;0;216.2727
TOTAL;;;865.1354
6491;h_11;11;0.0000
6491;h_10;10;0.0000
6491;h_9;9;216.2777
6491;h_8;8;0.0000
6491;h_7;7;0.0000
6491;h_6;6;216.2916
6491;h_5;5;0.0000
6491;h_4;4;0.0000
6491;h_3;3;216.2934
6491;h_2;2;0.0000
6491;h_1;1;0.0000
6491;h_0;0;216.2727
TOTAL;;;865.1354
6491;h_11;11;0.0000
6491;h_10;10;0.0000
6491;h_9;9;216.2777
6491;h_8;8;0.0000
6491;h_7;7;0.0000
6491;h_6;6;216.2916
6491;h_5;5;0.0000
6491;h_4;4;0.0000
6491;h_3;3;216.2934
6491;h_2;2;0.0000
6491;h_1;1;0.0000
6491;h_0;0;216.2727
TOTAL;;;865.1354
6495;h_11;11;0.0000
6495;h_10;10;0.0000
6495;h_9;9;216.6113
6495;h_8;8;0.0000
6495;h_7;7;0.0000
6495;h_6;6;216.6253
6495;h_5;5;0.0000
6495;h_4;4;0.0000
6495;h_3;3;216.6271
6495;h_2;2;0.0000
6495;h_1;1;0.0000
6495;h_0;0;216.6063
TOTAL;;;866.4699
6495;h_11;11;0.0000
6495;h_10;10;0.0000
6495;h_9;9;216.6113
6495;h_8;8;0.0000
6495;h_7;7;0.0000
6495;h_6;6;216.6253
6495;h_5;5;0.0000
6495;h_4;4;0.0000
6495;h_3;3;216.6271
6495;h_2;2;0.0000
6495;h_1;1;0.0000
6495;h_0;0;216.6063
TOTAL;;;866.4699
6495;h_11;11;0.0000
6495;h_10;10;0.0000
6495;h_9;9;216.6113
6495;h_8;8;0.0000
6495;h_7;7;0.0000
6495;h_6;6;216.6253
6495;h_5;5;0.0000
6495;h_4;4;0.0000
6495;h_3;3;216.6271
6495;h_2;2;0.0000
6495;h_1;1;0.0000
6495;h_0;0;216.6063
TOTAL;;;866.4699
6495;h_11;11;0.0000
6495;h_10;10;0.0000
6495;h_9;9;216.6113
6495;h_8;8;0.0000
6495;h_7;7;0.0000
6495;h_6;6;216.6253
6495;h_5;5;0.0000
6495;h_4;4;0.0000
6495;h_3;3;216.6271
6495;h_2;2;0.0000
6495;h_1;1;0.0000
6495;h_0;0;216.6063
TOTAL;;;866.4699
6495;h_11;11;0.0000
6495;h_10;10;0.0000
6495;h_9;9;216.6113
6495;h_8;8;0.0000
6495;h_7;7;0.0000
6495;h_6;6;216.6253
6495;h_5;5;0.0000
6495;h_4;4;0.0000
6495;h_3;3;216.6271
6495;h_2;2;0.0000
6495;h_1;1;0.0000
6495;h_0;0;216.6063
TOTAL;;;866.4699
6495;h_11;11;0.0000
6495;h_10;10;0.0000
6495;h_9;9;216.6113
6495;h_8;8;0.0000
6495;h_7;7;0.0000
6495;h_6;6;216.6253
6495;h_5;5;0.0000
6495;h_4;4;0.0000
6495;h_3;3;216.6271
6495;h_2;2;0.0000
6495;h_1;1;0.0000
6495;h_0;0;216.6063
TOTAL;;;866.4699
6495;h_11;11;0.0000
6495;h_10;10;0.0000
6495;h_9;9;216.6113
6495;h_8;8;0.0000
6495;h_7;7;0.0000
6495;h_6;6;216.6253
6495;h_5;5;0.0000
6495;h_4;4;0.0000
6495;h_3;3;216.6271
6495;h_2;2;0.0000
6495;h_1;1;0.0000
6495;h_0;0;216.6063
TOTAL;;;866.4699
6495;h_11;11;0.0000
6495;h_10;10;0.0000
6495;h_9;9;216.6113
6495;h_8;8;0.0000
6495;h_7;7;0.0000
6495;h_6;6;216.6253
6495;h_5;5;0.0000
6495;h_4;4;0.0000
6495;h_3;3;216.6271
6495;h_2;2;0.0000
6495;h_1;1;0.0000
6495;h_0;0;216.6063
TOTAL;;;866.4699
6495;h_11;11;0.0000
6495;h_10;10;0.0000
6495;h_9;9;216.6113
6495;h_8;8;0.0000
6495;h_7;7;0.0000
6495;h_6;6;216.6253
6495;h_5;5;0.0000
6495;h_4;4;0.0000
6495;h_3;3;216.6271
6495;h_2;2;0.0000
6495;h_1;1;0.0000
6495;h_0;0;216.6063
TOTAL;;;866.4699
6495;h_11;11;0.0000
6495;h_10;10;0.0000
6495;h_9;9;216.6113
6495;h_8;8;0.0000
6495;h_7;7;0.0000
6495;h_6;6;216.6253
6495;h_5;5;0.0000
6495;h_4;4;0.0000
6495;h_3;3;216.6271
6495;h_2;2;0.0000
6495;h_1;1;0.0000
6495;h_0;0;216.6063
TOTAL;;;866.4699
6495;h_11;11;0.0000
6495;h_10;10;0.0000
6495;h_9;9;216.6113
6495;h_8;8;0.0000
6495;h_7;7;0.0000
6495;h_6;6;216.6253
6495;h_5;5;0.0000
6495;h_4;4;0.0000
6495;h_3;3;216.6271
6495;h_2;2;0.0000
6495;h_1;1;0.0000
6495;h_0;0;216.6063
TOTAL;;;866.4699
6495;h_11;11;0.0000
6495;h_10;10;0.0000
6495;h_9;9;216.6113
6495;h_8;8;0.0000
6495;h_7;7;0.0000
6495;h_6;6;216.6253
6495;h_5;5;0.0000
6495;h_4;4;0.0000
6495;h_3;3;216.6271
6495;h_2;2;0.0000
6495;h_1;1;0.0000
6495;h_0;0;216.6063
TOTAL;;;866.4699
6546;h_11;11;0.0000
6546;h_10;10;0.0000
6546;h_9;9;218.3809
6546;h_8;8;0.0000
6546;h_7;7;0.0000
6546;h_6;6;218.3950
6546;h_5;5;0.0000
6546;h_4;4;0.0000
6546;h_3;3;218.3968
6546;h_2;2;0.0000
6546;h_1;1;0.0000
6546;h_0;0;218.3758
TOTAL;;;873.5484
6546;h_11;11;0.0000
6546;h_10;10;0.0000
6546;h_9;9;218.3809
6546;h_8;8;0.0000
6546;h_7;7;0.0000
6546;h_6;6;218.3950
6546;h_5;5;0.0000
6546;h_4;4;0.0000
6546;h_3;3;218.3968
6546;h_2;2;0.0000
6546;h_1;1;0.0000
6546;h_0;0;218.3758
TOTAL;;;873.5484
6546;h_11;11;0.0000
6546;h_10;10;0.0000
6546;h_9;9;218.3809
6546;h_8;8;0.0000
6546;h_7;7;0.0000
6546;h_6;6;218.3950
6546;h_5;5;0.0000
6546;h_4;4;0.0000
6546;h_3;3;218.3968
6546;h_2;2;0.0000
6546;h_1;1;0.0000
6546;h_0;0;218.3758
TOTAL;;;873.5484
6546;h_11;11;0.0000
6546;h_10;10;0.0000
6546;h_9;9;218.3809
6546;h_8;8;0.0000
6546;h_7;7;0.0000
6546;h_6;6;218.3950
6546;h_5;5;0.0000
6546;h_4;4;0.0000
6546;h_3;3;218.3968
6546;h_2;2;0.0000
6546;h_1;1;0.0000
6546;h_0;0;218.3758
TOTAL;;;873.5484
6546;h_11;11;0.0000
6546;h_10;10;0.0000
6546;h_9;9;218.3809
6546;h_8;8;0.0000
6546;h_7;7;0.0000
6546;h_6;6;218.3950
6546;h_5;5;0.0000
6546;h_4;4;0.0000
6546;h_3;3;218.3968
6546;h_2;2;0.0000
6546;h_1;1;0.0000
6546;h_0;0;218.3758
TOTAL;;;873.5484
6546;h_11;11;0.0000
6546;h_10;10;0.0000
6546;h_9;9;218.3809
6546;h_8;8;0.0000
6546;h_7;7;0.0000
6546;h_6;6;218.3950
6546;h_5;5;0.0000
6546;h_4;4;0.0000
6546;h_3;3;218.3968
6546;h_2;2;0.0000
6546;h_1;1;0.0000
6546;h_0;0;218.3758
TOTAL;;;873.5484
6546;h_11;11;0.0000
6546;h_10;10;0.0000
6546;h_9;9;218.3809
6546;h_8;8;0.0000
6546;h_7;7;0.0000
6546;h_6;6;218.3950
6546;h_5;5;0.0000
6546;h_4;4;0.0000
6546;h_3;3;218.3968
6546;h_2;2;0.0000
6546;h_1;1;0.0000
6546;h_0;0;218.3758
TOTAL;;;873.5484
6546;h_11;11;0.0000
6546;h_10;10;0.0000
6546;h_9;9;218.3809
6546;h_8;8;0.0000
6546;h_7;7;0.0000
6546;h_6;6;218.3950
6546;h_5;5;0.0000
6546;h_4;4;0.0000
6546;h_3;3;218.3968
6546;h_2;2;0.0000
6546;h_1;1;0.0000
6546;h_0;0;218.3758
TOTAL;;;873.5484
6546;h_11;11;0.0000
6546;h_10;10;0.0000
6546;h_9;9;218.3809
6546;h_8;8;0.0000
6546;h_7;7;0.0000
6546;h_6;6;218.3950
6546;h_5;5;0.0000
6546;h_4;4;0.0000
6546;h_3;3;218.3968
6546;h_2;2;0.0000
6546;h_1;1;0.0000
6546;h_0;0;218.3758
TOTAL;;;873.5484
6546;h_11;11;0.0000
6546;h_10;10;0.0000
6546;h_9;9;218.3809
6546;h_8;8;0.0000
6546;h_7;7;0.0000
6546;h_6;6;218.3950
6546;h_5;5;0.0000
6546;h_4;4;0.0000
6546;h_3;3;218.3968
6546;h_2;2;0.0000
6546;h_1;1;0.0000
6546;h_0;0;218.3758
TOTAL;;;873.5484
6546;h_11;11;0.0000
6546;h_10;10;0.0000
6546;h_9;9;218.3809
6546;h_8;8;0.0000
6546;h_7;7;0.0000
6546;h_6;6;218.3950
6546;h_5;5;0.0000
6546;h_4;4;0.0000
6546;h_3;3;218.3968
6546;h_2;2;0.0000
6546;h_1;1;0.0000
6546;h_0;0;218.3758
TOTAL;;;873.5484
6546;h_11;11;0.0000
6546;h_10;10;0.0000
6546;h_9;9;218.3809
6546;h_8;8;0.0000
6546;h_7;7;0.0000
6546;h_6;6;218.3950
6546;h_5;5;0.0000
6546;h_4;4;0.0000
6546;h_3;3;218.3968
6546;h_2;2;0.0000
6546;h_1;1;0.0000
6546;h_0;0;218.3758
TOTAL;;;873.5484
6566;h_11;11;0.0000
6566;h_10;10;0.0000
6566;h_9;9;219.0481
6566;h_8;8;0.0000
6566;h_7;7;0.0000
6566;h_6;6;219.0622
6566;h_5;5;0.0000
6566;h_4;4;0.0000
6566;h_3;3;219.0641
6566;h_2;2;0.0000
6566;h_1;1;0.0000
6566;h_0;0;219.0430
TOTAL;;;876.2175
6566;h_11;11;0.0000
6566;h_10;10;0.0000
6566;h_9;9;219.0481
6566;h_8;8;0.0000
6566;h_7;7;0.0000
6566;h_6;6;219.0622
6566;h_5;5;0.0000
6566;h_4;4;0.0000
6566;h_3;3;219.0641
6566;h_2;2;0.0000
6566;h_1;1;0.0000
6566;h_0;0;219.0430
TOTAL;;;876.2175
6566;h_11;11;0.0000
6566;h_10;10;0.0000
6566;h_9;9;219.0481
6566;h_8;8;0.0000
6566;h_7;7;0.0000
6566;h_6;6;219.0622
6566;h_5;5;0.0000
6566;h_4;4;0.0000
6566;h_3;3;219.0641
6566;h_2;2;0.0000
6566;h_1;1;0.0000
6566;h_0;0;219.0430
TOTAL;;;876.2175
6566;h_11;11;0.0000
6566;h_10;10;0.0000
6566;h_9;9;219.0481
6566;h_8;8;0.0000
6566;h_7;7;0.0000
6566;h_6;6;219.0622
6566;h_5;5;0.0000
6566;h_4;4;0.0000
6566;h_3;3;219.0641
6566;h_2;2;0.0000
6566;h_1;1;0.0000
6566;h_0;0;219.0430
TOTAL;;;876.2175
6566;h_11;11;0.0000
6566;h_10;10;0.0000
6566;h_9;9;219.0481
6566;h_8;8;0.0000
6566;h_7;7;0.0000
6566;h_6;6;219.0622
6566;h_5;5;0.0000
6566;h_4;4;0.0000
6566;h_3;3;219.0641
6566;h_2;2;0.0000
6566;h_1;1;0.0000
6566;h_0;0;219.0430
TOTAL;;;876.2175
6566;h_11;11;0.0000
6566;h_10;10;0.0000
6566;h_9;9;219.0481
6566;h_8;8;0.0000
6566;h_7;7;0.0000
6566;h_6;6;219.0622
6566;h_5;5;0.0000
6566;h_4;4;0.0000
6566;h_3;3;219.0641
6566;h_2;2;0.0000
6566;h_1;1;0.0000
6566;h_0;0;219.0430
TOTAL;;;876.2175
6566;h_11;11;0.0000
6566;h_10;10;0.0000
6566;h_9;9;219.0481
6566;h_8;8;0.0000
6566;h_7;7;0.0000
6566;h_6;6;219.0622
6566;h_5;5;0.0000
6566;h_4;4;0.0000
6566;h_3;3;219.0641
6566;h_2;2;0.0000
6566;h_1;1;0.0000
6566;h_0;0;219.0430
TOTAL;;;876.2175
6566;h_11;11;0.0000
6566;h_10;10;0.0000
6566;h_9;9;219.0481
6566;h_8;8;0.0000
6566;h_7;7;0.0000
6566;h_6;6;219.0622
6566;h_5;5;0.0000
6566;h_4;4;0.0000
6566;h_3;3;219.0641
6566;h_2;2;0.0000
6566;h_1;1;0.0000
6566;h_0;0;219.0430
TOTAL;;;876.2175
6577;h_11;11;0.0000
6577;h_10;10;0.0000
6577;h_9;9;219.4218
6577;h_8;8;0.0000
6577;h_7;7;0.0000
6577;h_6;6;219.4359
6577;h_5;5;0.0000
6577;h_4;4;0.0000
6577;h_3;3;219.4378
6577;h_2;2;0.0000
6577;h_1;1;0.0000
6577;h_0;0;219.4167
TOTAL;;;877.7122
6577;h_11;11;0.0000
6577;h_10;10;0.0000
6577;h_9;9;219.4218
6577;h_8;8;0.0000
6577;h_7;7;0.0000
6577;h_6;6;219.4359
6577;h_5;5;0.0000
6577;h_4;4;0.0000
6577;h_3;3;219.4378
6577;h_2;2;0.0000
6577;h_1;1;0.0000
6577;h_0;0;219.4167
TOTAL;;;877.7122
6577;h_11;11;0.0000
6577;h_10;10;0.0000
6577;h_9;9;219.4218
6577;h_8;8;0.0000
6577;h_7;7;0.0000
6577;h_6;6;219.4359
6577;h_5;5;0.0000
6577;h_4;4;0.0000
6577;h_3;3;219.4378
6577;h_2;2;0.0000
6577;h_1;1;0.0000
6577;h_0;0;219.4167
TOTAL;;;877.7122
6577;h_11;11;0.0000
6577;h_10;10;0.0000
6577;h_9;9;219.4218
6577;h_8;8;0.0000
6577;h_7;7;0.0000
6577;h_6;6;219.4359
6577;h_5;5;0.0000
6577;h_4;4;0.0000
6577;h_3;3;219.4378
6577;h_2;2;0.0000
6577;h_1;1;0.0000
6577;h_0;0;219.4167
TOTAL;;;877.7122
6577;h_11;11;0.0000
6577;h_10;10;0.0000
6577;h_9;9;219.4218
6577;h_8;8;0.0000
6577;h_7;7;0.0000
6577;h_6;6;219.4359
6577;h_5;5;0.0000
6577;h_4;4;0.0000
6577;h_3;3;219.4378
6577;h_2;2;0.0000
6577;h_1;1;0.0000
6577;h_0;0;219.4167
TOTAL;;;877.7122
6577;h_11;11;0.0000
6577;h_10;10;0.0000
6577;h_9;9;219.4218
6577;h_8;8;0.0000
6577;h_7;7;0.0000
6577;h_6;6;219.4359
6577;h_5;5;0.0000
6577;h_4;4;0.0000
6577;h_3;3;219.4378
6577;h_2;2;0.0000
6577;h_1;1;0.0000
6577;h_0;0;219.4167
TOTAL;;;877.7122
6577;h_11;11;0.0000
6577;h_10;10;0.0000
6577;h_9;9;219.4218
6577;h_8;8;0.0000
6577;h_7;7;0.0000
6577;h_6;6;219.4359
6577;h_5;5;0.0000
6577;h_4;4;0.0000
6577;h_3;3;219.4378
6577;h_2;2;0.0000
6577;h_1;1;0.0000
6577;h_0;0;219.4167
TOTAL;;;877.7122
6577;h_11;11;0.0000
6577;h_10;10;0.0000
6577;h_9;9;219.4218
6577;h_8;8;0.0000
6577;h_7;7;0.0000
6577;h_6;6;219.4359
6577;h_5;5;0.0000
6577;h_4;4;0.0000
6577;h_3;3;219.4378
6577;h_2;2;0.0000
6577;h_1;1;0.0000
6577;h_0;0;219.4167
TOTAL;;;877.7122
6577;h_11;11;0.0000
6577;h_10;10;0.0000
6577;h_9;9;219.4218
6577;h_8;8;0.0000
6577;h_7;7;0.0000
6577;h_6;6;219.4359
6577;h_5;5;0.0000
6577;h_4;4;0.0000
6577;h_3;3;219.4378
6577;h_2;2;0.0000
6577;h_1;1;0.0000
6577;h_0;0;219.4167
TOTAL;;;877.7122
6577;h_11;11;0.0000
6577;h_10;10;0.0000
6577;h_9;9;219.4218
6577;h_8;8;0.0000
6577;h_7;7;0.0000
6577;h_6;6;219.4359
6577;h_5;5;0.0000
6577;h_4;4;0.0000
6577;h_3;3;219.4378
6577;h_2;2;0.0000
6577;h_1;1;0.0000
6577;h_0;0;219.4167
TOTAL;;;877.7122
6577;h_11;11;0.0000
6577;h_10;10;0.0000
6577;h_9;9;219.4218
6577;h_8;8;0.0000
6577;h_7;7;0.0000
6577;h_6;6;219.4359
6577;h_5;5;0.0000
6577;h_4;4;0.0000
6577;h_3;3;219.4378
6577;h_2;2;0.0000
6577;h_1;1;0.0000
6577;h_0;0;219.4167
TOTAL;;;877.7122
6577;h_11;11;0.0000
6577;h_10;10;0.0000
6577;h_9;9;219.4218
6577;h_8;8;0.0000
6577;h_7;7;0.0000
6577;h_6;6;219.4359
6577;h_5;5;0.0000
6577;h_4;4;0.0000
6577;h_3;3;219.4378
6577;h_2;2;0.0000
6577;h_1;1;0.0000
6577;h_0;0;219.4167
TOTAL;;;877.7122
6581;h_11;11;0.0000
6581;h_10;10;0.0000
6581;h_9;9;219.4218
6581;h_8;8;0.0000
6581;h_7;7;0.0000
6581;h_6;6;219.4359
6581;h_5;5;0.0000
6581;h_4;4;0.0000
6581;h_3;3;219.4378
6581;h_2;2;0.0000
6581;h_1;1;0.0000
6581;h_0;0;219.4167
TOTAL;;;877.7122
6581;h_11;11;0.0000
6581;h_10;10;0.0000
6581;h_9;9;219.4218
6581;h_8;8;0.0000
6581;h_7;7;0.0000
6581;h_6;6;219.4359
6581;h_5;5;0.0000
6581;h_4;4;0.0000
6581;h_3;3;219.4378
6581;h_2;2;0.0000
6581;h_1;1;0.0000
6581;h_0;0;219.4167
TOTAL;;;877.7122
6581;h_11;11;0.0000
6581;h_10;10;0.0000
6581;h_9;9;219.4218
6581;h_8;8;0.0000
6581;h_7;7;0.0000
6581;h_6;6;219.4359
6581;h_5;5;0.0000
6581;h_4;4;0.0000
6581;h_3;3;219.4378
6581;h_2;2;0.0000
6581;h_1;1;0.0000
6581;h_0;0;219.4167
TOTAL;;;877.7122
6581;h_11;11;0.0000
6581;h_10;10;0.0000
6581;h_9;9;219.4218
6581;h_8;8;0.0000
6581;h_7;7;0.0000
6581;h_6;6;219.4359
6581;h_5;5;0.0000
6581;h_4;4;0.0000
6581;h_3;3;219.4378
6581;h_2;2;0.0000
6581;h_1;1;0.0000
6581;h_0;0;219.4167
TOTAL;;;877.7122
6581;h_11;11;0.0000
6581;h_10;10;0.0000
6581;h_9;9;219.4218
6581;h_8;8;0.0000
6581;h_7;7;0.0000
6581;h_6;6;219.4359
6581;h_5;5;0.0000
6581;h_4;4;0.0000
6581;h_3;3;219.4378
6581;h_2;2;0.0000
6581;h_1;1;0.0000
6581;h_0;0;219.4167
TOTAL;;;877.7122
6581;h_11;11;0.0000
6581;h_10;10;0.0000
6581;h_9;9;219.4218
6581;h_8;8;0.0000
6581;h_7;7;0.0000
6581;h_6;6;219.4359
6581;h_5;5;0.0000
6581;h_4;4;0.0000
6581;h_3;3;219.4378
6581;h_2;2;0.0000
6581;h_1;1;0.0000
6581;h_0;0;219.4167
TOTAL;;;877.7122
6581;h_11;11;0.0000
6581;h_10;10;0.0000
6581;h_9;9;219.4218
6581;h_8;8;0.0000
6581;h_7;7;0.0000
6581;h_6;6;219.4359
6581;h_5;5;0.0000
6581;h_4;4;0.0000
6581;h_3;3;219.4378
6581;h_2;2;0.0000
6581;h_1;1;0.0000
6581;h_0;0;219.4167
TOTAL;;;877.7122
6581;h_11;11;0.0000
6581;h_10;10;0.0000
6581;h_9;9;219.4218
6581;h_8;8;0.0000
6581;h_7;7;0.0000
6581;h_6;6;219.4359
6581;h_5;5;0.0000
6581;h_4;4;0.0000
6581;h_3;3;219.4378
6581;h_2;2;0.0000
6581;h_1;1;0.0000
6581;h_0;0;219.4167
TOTAL;;;877.7122
6581;h_11;11;0.0000
6581;h_10;10;0.0000
6581;h_9;9;219.4218
6581;h_8;8;0.0000
6581;h_7;7;0.0000
6581;h_6;6;219.4359
6581;h_5;5;0.0000
6581;h_4;4;0.0000
6581;h_3;3;219.4378
6581;h_2;2;0.0000
6581;h_1;1;0.0000
6581;h_0;0;219.4167
TOTAL;;;877.7122
6581;h_11;11;0.0000
6581;h_10;10;0.0000
6581;h_9;9;219.4218
6581;h_8;8;0.0000
6581;h_7;7;0.0000
6581;h_6;6;219.4359
6581;h_5;5;0.0000
6581;h_4;4;0.0000
6581;h_3;3;219.4378
6581;h_2;2;0.0000
6581;h_1;1;0.0000
6581;h_0;0;219.4167
TOTAL;;;877.7122
6581;h_11;11;0.0000
6581;h_10;10;0.0000
6581;h_9;9;219.4218
6581;h_8;8;0.0000
6581;h_7;7;0.0000
6581;h_6;6;219.4359
6581;h_5;5;0.0000
6581;h_4;4;0.0000
6581;h_3;3;219.4378
6581;h_2;2;0.0000
6581;h_1;1;0.0000
6581;h_0;0;219.4167
TOTAL;;;877.7122
6581;h_11;11;0.0000
6581;h_10;10;0.0000
6581;h_9;9;219.4218
6581;h_8;8;0.0000
6581;h_7;7;0.0000
6581;h_6;6;219.4359
6581;h_5;5;0.0000
6581;h_4;4;0.0000
6581;h_3;3;219.4378
6581;h_2;2;0.0000
6581;h_1;1;0.0000
6581;h_0;0;219.4167
TOTAL;;;877.7122
6582;h_11;11;0.0000
6582;h_10;10;0.0000
6582;h_9;9;219.4218
6582;h_8;8;0.0000
6582;h_7;7;0.0000
6582;h_6;6;219.4359
6582;h_5;5;0.0000
6582;h_4;4;0.0000
6582;h_3;3;219.4378
6582;h_2;2;0.0000
6582;h_1;1;0.0000
6582;h_0;0;219.4167
TOTAL;;;877.7122
6582;h_11;11;0.0000
6582;h_10;10;0.0000
6582;h_9;9;219.4218
6582;h_8;8;0.0000
6582;h_7;7;0.0000
6582;h_6;6;219.4359
6582;h_5;5;0.0000
6582;h_4;4;0.0000
6582;h_3;3;219.4378
6582;h_2;2;0.0000
6582;h_1;1;0.0000
6582;h_0;0;219.4167
TOTAL;;;877.7122
6582;h_11;11;0.0000
6582;h_10;10;0.0000
6582;h_9;9;219.4218
6582;h_8;8;0.0000
6582;h_7;7;0.0000
6582;h_6;6;219.4359
6582;h_5;5;0.0000
6582;h_4;4;0.0000
6582;h_3;3;219.4378
6582;h_2;2;0.0000
6582;h_1;1;0.0000
6582;h_0;0;219.4167
TOTAL;;;877.7122
6582;h_11;11;0.0000
6582;h_10;10;0.0000
6582;h_9;9;219.4218
6582;h_8;8;0.0000
6582;h_7;7;0.0000
6582;h_6;6;219.4359
6582;h_5;5;0.0000
6582;h_4;4;0.0000
6582;h_3;3;219.4378
6582;h_2;2;0.0000
6582;h_1;1;0.0000
6582;h_0;0;219.4167
TOTAL;;;877.7122
6582;h_11;11;0.0000
6582;h_10;10;0.0000
6582;h_9;9;219.4218
6582;h_8;8;0.0000
6582;h_7;7;0.0000
6582;h_6;6;219.4359
6582;h_5;5;0.0000
6582;h_4;4;0.0000
6582;h_3;3;219.4378
6582;h_2;2;0.0000
6582;h_1;1;0.0000
6582;h_0;0;219.4167
TOTAL;;;877.7122
6582;h_11;11;0.0000
6582;h_10;10;0.0000
6582;h_9;9;219.4218
6582;h_8;8;0.0000
6582;h_7;7;0.0000
6582;h_6;6;219.4359
6582;h_5;5;0.0000
6582;h_4;4;0.0000
6582;h_3;3;219.4378
6582;h_2;2;0.0000
6582;h_1;1;0.0000
6582;h_0;0;219.4167
TOTAL;;;877.7122
6582;h_11;11;0.0000
6582;h_10;10;0.0000
6582;h_9;9;219.4218
6582;h_8;8;0.0000
6582;h_7;7;0.0000
6582;h_6;6;219.4359
6582;h_5;5;0.0000
6582;h_4;4;0.0000
6582;h_3;3;219.4378
6582;h_2;2;0.0000
6582;h_1;1;0.0000
6582;h_0;0;219.4167
TOTAL;;;877.7122
6582;h_11;11;0.0000
6582;h_10;10;0.0000
6582;h_9;9;219.4218
6582;h_8;8;0.0000
6582;h_7;7;0.0000
6582;h_6;6;219.4359
6582;h_5;5;0.0000
6582;h_4;4;0.0000
6582;h_3;3;219.4378
6582;h_2;2;0.0000
6582;h_1;1;0.0000
6582;h_0;0;219.4167
TOTAL;;;877.7122
6582;h_11;11;0.0000
6582;h_10;10;0.0000
6582;h_9;9;219.4218
6582;h_8;8;0.0000
6582;h_7;7;0.0000
6582;h_6;6;219.4359
6582;h_5;5;0.0000
6582;h_4;4;0.0000
6582;h_3;3;219.4378
6582;h_2;2;0.0000
6582;h_1;1;0.0000
6582;h_0;0;219.4167
TOTAL;;;877.7122
6582;h_11;11;0.0000
6582;h_10;10;0.0000
6582;h_9;9;219.4218
6582;h_8;8;0.0000
6582;h_7;7;0.0000
6582;h_6;6;219.4359
6582;h_5;5;0.0000
6582;h_4;4;0.0000
6582;h_3;3;219.4378
6582;h_2;2;0.0000
6582;h_1;1;0.0000
6582;h_0;0;219.4167
TOTAL;;;877.7122
6582;h_11;11;0.0000
6582;h_10;10;0.0000
6582;h_9;9;219.4218
6582;h_8;8;0.0000
6582;h_7;7;0.0000
6582;h_6;6;219.4359
6582;h_5;5;0.0000
6582;h_4;4;0.0000
6582;h_3;3;219.4378
6582;h_2;2;0.0000
6582;h_1;1;0.0000
6582;h_0;0;219.4167
TOTAL;;;877.7122
6582;h_11;11;0.0000
6582;h_10;10;0.0000
6582;h_9;9;219.4218
6582;h_8;8;0.0000
6582;h_7;7;0.0000
6582;h_6;6;219.4359
6582;h_5;5;0.0000
6582;h_4;4;0.0000
6582;h_3;3;219.4378
6582;h_2;2;0.0000
6582;h_1;1;0.0000
6582;h_0;0;219.4167
TOTAL;;;877.7122
6591;h_11;11;0.0000
6591;h_10;10;0.0000
6591;h_9;9;219.7554
6591;h_8;8;0.0000
6591;h_7;7;0.0000
6591;h_6;6;219.7696
6591;h_5;5;0.0000
6591;h_4;4;0.0000
6591;h_3;3;219.7714
6591;h_2;2;0.0000
6591;h_1;1;0.0000
6591;h_0;0;219.7503
TOTAL;;;879.0468
6591;h_11;11;0.0000
6591;h_10;10;0.0000
6591;h_9;9;219.7554
6591;h_8;8;0.0000
6591;h_7;7;0.0000
6591;h_6;6;219.7696
6591;h_5;5;0.0000
6591;h_4;4;0.0000
6591;h_3;3;219.7714
6591;h_2;2;0.0000
6591;h_1;1;0.0000
6591;h_0;0;219.7503
TOTAL;;;879.0468
6591;h_11;11;0.0000
6591;h_10;10;0.0000
6591;h_9;9;219.7554
6591;h_8;8;0.0000
6591;h_7;7;0.0000
6591;h_6;6;219.7696
6591;h_5;5;0.0000
6591;h_4;4;0.0000
6591;h_3;3;219.7714
6591;h_2;2;0.0000
6591;h_1;1;0.0000
6591;h_0;0;219.7503
TOTAL;;;879.0468
6591;h_11;11;0.0000
6591;h_10;10;0.0000
6591;h_9;9;219.7554
6591;h_8;8;0.0000
6591;h_7;7;0.0000
6591;h_6;6;219.7696
6591;h_5;5;0.0000
6591;h_4;4;0.0000
6591;h_3;3;219.7714
6591;h_2;2;0.0000
6591;h_1;1;0.0000
6591;h_0;0;219.7503
TOTAL;;;879.0468
6591;h_11;11;0.0000
6591;h_10;10;0.0000
6591;h_9;9;219.7554
6591;h_8;8;0.0000
6591;h_7;7;0.0000
6591;h_6;6;219.7696
6591;h_5;5;0.0000
6591;h_4;4;0.0000
6591;h_3;3;219.7714
6591;h_2;2;0.0000
6591;h_1;1;0.0000
6591;h_0;0;219.7503
TOTAL;;;879.0468
6591;h_11;11;0.0000
6591;h_10;10;0.0000
6591;h_9;9;219.7554
6591;h_8;8;0.0000
6591;h_7;7;0.0000
6591;h_6;6;219.7696
6591;h_5;5;0.0000
6591;h_4;4;0.0000
6591;h_3;3;219.7714
6591;h_2;2;0.0000
6591;h_1;1;0.0000
6591;h_0;0;219.7503
TOTAL;;;879.0468
6591;h_11;11;0.0000
6591;h_10;10;0.0000
6591;h_9;9;219.7554
6591;h_8;8;0.0000
6591;h_7;7;0.0000
6591;h_6;6;219.7696
6591;h_5;5;0.0000
6591;h_4;4;0.0000
6591;h_3;3;219.7714
6591;h_2;2;0.0000
6591;h_1;1;0.0000
6591;h_0;0;219.7503
TOTAL;;;879.0468
6591;h_11;11;0.0000
6591;h_10;10;0.0000
6591;h_9;9;219.7554
6591;h_8;8;0.0000
6591;h_7;7;0.0000
6591;h_6;6;219.7696
6591;h_5;5;0.0000
6591;h_4;4;0.0000
6591;h_3;3;219.7714
6591;h_2;2;0.0000
6591;h_1;1;0.0000
6591;h_0;0;219.7503
TOTAL;;;879.0468
6591;h_11;11;0.0000
6591;h_10;10;0.0000
6591;h_9;9;219.7554
6591;h_8;8;0.0000
6591;h_7;7;0.0000
6591;h_6;6;219.7696
6591;h_5;5;0.0000
6591;h_4;4;0.0000
6591;h_3;3;219.7714
6591;h_2;2;0.0000
6591;h_1;1;0.0000
6591;h_0;0;219.7503
TOTAL;;;879.0468
6591;h_11;11;0.0000
6591;h_10;10;0.0000
6591;h_9;9;219.7554
6591;h_8;8;0.0000
6591;h_7;7;0.0000
6591;h_6;6;219.7696
6591;h_5;5;0.0000
6591;h_4;4;0.0000
6591;h_3;3;219.7714
6591;h_2;2;0.0000
6591;h_1;1;0.0000
6591;h_0;0;219.7503
TOTAL;;;879.0468
6591;h_11;11;0.0000
6591;h_10;10;0.0000
6591;h_9;9;219.7554
6591;h_8;8;0.0000
6591;h_7;7;0.0000
6591;h_6;6;219.7696
6591;h_5;5;0.0000
6591;h_4;4;0.0000
6591;h_3;3;219.7714
6591;h_2;2;0.0000
6591;h_1;1;0.0000
6591;h_0;0;219.7503
TOTAL;;;879.0468
6591;h_11;11;0.0000
6591;h_10;10;0.0000
6591;h_9;9;219.7554
6591;h_8;8;0.0000
6591;h_7;7;0.0000
6591;h_6;6;219.7696
6591;h_5;5;0.0000
6591;h_4;4;0.0000
6591;h_3;3;219.7714
6591;h_2;2;0.0000
6591;h_1;1;0.0000
6591;h_0;0;219.7503
TOTAL;;;879.0468
6655;h_11;11;0.0000
6655;h_10;10;0.0000
6655;h_9;9;222.0241
6655;h_8;8;0.0000
6655;h_7;7;0.0000
6655;h_6;6;222.0384
6655;h_5;5;0.0000
6655;h_4;4;0.0000
6655;h_3;3;222.0403
6655;h_2;2;0.0000
6655;h_1;1;0.0000
6655;h_0;0;222.0190
TOTAL;;;888.1218
6655;h_11;11;0.0000
6655;h_10;10;0.0000
6655;h_9;9;222.0241
6655;h_8;8;0.0000
6655;h_7;7;0.0000
6655;h_6;6;222.0384
6655;h_5;5;0.0000
6655;h_4;4;0.0000
6655;h_3;3;222.0403
6655;h_2;2;0.0000
6655;h_1;1;0.0000
6655;h_0;0;222.0190
TOTAL;;;888.1218
6655;h_11;11;0.0000
6655;h_10;10;0.0000
6655;h_9;9;222.0241
6655;h_8;8;0.0000
6655;h_7;7;0.0000
6655;h_6;6;222.0384
6655;h_5;5;0.0000
6655;h_4;4;0.0000
6655;h_3;3;222.0403
6655;h_2;2;0.0000
6655;h_1;1;0.0000
6655;h_0;0;222.0190
TOTAL;;;888.1218
6655;h_11;11;0.0000
6655;h_10;10;0.0000
6655;h_9;9;222.0241
6655;h_8;8;0.0000
6655;h_7;7;0.0000
6655;h_6;6;222.0384
6655;h_5;5;0.0000
6655;h_4;4;0.0000
6655;h_3;3;222.0403
6655;h_2;2;0.0000
6655;h_1;1;0.0000
6655;h_0;0;222.0190
TOTAL;;;888.1218
6655;h_11;11;0.0000
6655;h_10;10;0.0000
6655;h_9;9;222.0241
6655;h_8;8;0.0000
6655;h_7;7;0.0000
6655;h_6;6;222.0384
6655;h_5;5;0.0000
6655;h_4;4;0.0000
6655;h_3;3;222.0403
6655;h_2;2;0.0000
6655;h_1;1;0.0000
6655;h_0;0;222.0190
TOTAL;;;888.1218
6655;h_11;11;0.0000
6655;h_10;10;0.0000
6655;h_9;9;222.0241
6655;h_8;8;0.0000
6655;h_7;7;0.0000
6655;h_6;6;222.0384
6655;h_5;5;0.0000
6655;h_4;4;0.0000
6655;h_3;3;222.0403
6655;h_2;2;0.0000
6655;h_1;1;0.0000
6655;h_0;0;222.0190
TOTAL;;;888.1218
6655;h_11;11;0.0000
6655;h_10;10;0.0000
6655;h_9;9;222.0241
6655;h_8;8;0.0000
6655;h_7;7;0.0000
6655;h_6;6;222.0384
6655;h_5;5;0.0000
6655;h_4;4;0.0000
6655;h_3;3;222.0403
6655;h_2;2;0.0000
6655;h_1;1;0.0000
6655;h_0;0;222.0190
TOTAL;;;888.1218
6655;h_11;11;0.0000
6655;h_10;10;0.0000
6655;h_9;9;222.0241
6655;h_8;8;0.0000
6655;h_7;7;0.0000
6655;h_6;6;222.0384
6655;h_5;5;0.0000
6655;h_4;4;0.0000
6655;h_3;3;222.0403
6655;h_2;2;0.0000
6655;h_1;1;0.0000
6655;h_0;0;222.0190
TOTAL;;;888.1218
6665;h_11;11;0.0000
6665;h_10;10;0.0000
6665;h_9;9;222.3578
6665;h_8;8;0.0000
6665;h_7;7;0.0000
6665;h_6;6;222.3721
6665;h_5;5;0.0000
6665;h_4;4;0.0000
6665;h_3;3;222.3739
6665;h_2;2;0.0000
6665;h_1;1;0.0000
6665;h_0;0;222.3526
TOTAL;;;889.4564
