timestamp;hostId;vmIds;cpu(%);ram(%);bw(%);policy;energy(W)
10;h_5;;0.0000;0.0000;0.0000;LWFF;0.0000
10;h_4;;0.0000;0.0000;0.0000;LWFF;0.0000
10;h_3;3|5|0|7;2.7344;7.8125;7.0000;LWFF;0.3336
10;h_2;;0.0000;0.0000;0.0000;LWFF;0.0000
10;h_1;;0.0000;0.0000;0.0000;LWFF;0.0000
10;h_0;4|2|1|6;2.7344;7.8125;7.0000;LWFF;0.3336
20;h_5;;0.0000;0.0000;0.0000;LWFF;0.0000
20;h_4;;0.0000;0.0000;0.0000;LWFF;0.0000
20;h_3;3|5|0|7;2.7344;7.8125;7.0000;LWFF;0.6672
20;h_2;;0.0000;0.0000;0.0000;LWFF;0.0000
20;h_1;;0.0000;0.0000;0.0000;LWFF;0.0000
20;h_0;4|2|1|6;2.7344;7.8125;7.0000;LWFF;0.6672
30;h_5;;0.0000;0.0000;0.0000;LWFF;0.0000
30;h_4;;0.0000;0.0000;0.0000;LWFF;0.0000
30;h_3;3|5|0|7;2.7344;7.8125;7.0000;LWFF;1.0007
30;h_2;;0.0000;0.0000;0.0000;LWFF;0.0000
30;h_1;;0.0000;0.0000;0.0000;LWFF;0.0000
30;h_0;4|2|1|6;2.7344;7.8125;7.0000;LWFF;1.0007
40;h_5;;0.0000;0.0000;0.0000;LWFF;0.0000
40;h_4;;0.0000;0.0000;0.0000;LWFF;0.0000
40;h_3;3|5|0|7;2.7344;7.8125;7.0000;LWFF;1.3343
40;h_2;;0.0000;0.0000;0.0000;LWFF;0.0000
40;h_1;;0.0000;0.0000;0.0000;LWFF;0.0000
40;h_0;4|2|1|6;2.7344;7.8125;7.0000;LWFF;1.3343
50;h_5;;0.0000;0.0000;0.0000;LWFF;0.0000
50;h_4;;0.0000;0.0000;0.0000;LWFF;0.0000
50;h_3;3|5|0|7;2.7344;7.8125;7.0000;LWFF;1.6679
50;h_2;;0.0000;0.0000;0.0000;LWFF;0.0000
50;h_1;;0.0000;0.0000;0.0000;LWFF;0.0000
50;h_0;4|2|1|6;2.7344;7.8125;7.0000;LWFF;1.6679
60;h_5;;0.0000;0.0000;0.0000;LWFF;0.0000
60;h_4;;0.0000;0.0000;0.0000;LWFF;0.0000
60;h_3;3|5|0|7;2.7344;7.8125;7.0000;LWFF;2.0015
60;h_2;;0.0000;0.0000;0.0000;LWFF;0.0000
60;h_1;;0.0000;0.0000;0.0000;LWFF;0.0000
60;h_0;4|2|1|6;2.7344;7.8125;7.0000;LWFF;2.0015
70;h_5;;0.0000;0.0000;0.0000;LWFF;0.0000
70;h_4;;0.0000;0.0000;0.0000;LWFF;0.0000
70;h_3;3|5|0|7;2.7344;7.8125;7.0000;LWFF;2.3350
70;h_2;;0.0000;0.0000;0.0000;LWFF;0.0000
70;h_1;;0.0000;0.0000;0.0000;LWFF;0.0000
70;h_0;4|2|1|6;2.7344;7.8125;7.0000;LWFF;2.3350
80;h_5;;0.0000;0.0000;0.0000;LWFF;0.0000
80;h_4;;0.0000;0.0000;0.0000;LWFF;0.0000
80;h_3;3|5|0|7;2.7344;7.8125;7.0000;LWFF;2.6686
80;h_2;;0.0000;0.0000;0.0000;LWFF;0.0000
80;h_1;;0.0000;0.0000;0.0000;LWFF;0.0000
80;h_0;4|2|1|6;2.7344;7.8125;7.0000;LWFF;2.6686
90;h_5;;0.0000;0.0000;0.0000;LWFF;0.0000
90;h_4;;0.0000;0.0000;0.0000;LWFF;0.0000
90;h_3;3|5|0|7;2.7344;7.8125;7.0000;LWFF;3.0022
90;h_2;;0.0000;0.0000;0.0000;LWFF;0.0000
90;h_1;;0.0000;0.0000;0.0000;LWFF;0.0000
90;h_0;4|2|1|6;2.7344;7.8125;7.0000;LWFF;3.0022
100;h_5;;0.0000;0.0000;0.0000;LWFF;0.0000
100;h_4;;0.0000;0.0000;0.0000;LWFF;0.0000
100;h_3;3|5|0|7;2.7344;7.8125;7.0000;LWFF;3.3358
100;h_2;;0.0000;0.0000;0.0000;LWFF;0.0000
100;h_1;;0.0000;0.0000;0.0000;LWFF;0.0000
100;h_0;4|2|1|6;2.7344;7.8125;7.0000;LWFF;3.3358
110;h_5;;0.0000;0.0000;0.0000;LWFF;0.0000
110;h_4;;0.0000;0.0000;0.0000;LWFF;0.0000
110;h_3;3|5|0|7;2.7344;7.8125;7.0000;LWFF;3.6694
110;h_2;;0.0000;0.0000;0.0000;LWFF;0.0000
110;h_1;;0.0000;0.0000;0.0000;LWFF;0.0000
110;h_0;4|2|1|6;2.7344;7.8125;7.0000;LWFF;3.6694
120;h_5;;0.0000;0.0000;0.0000;LWFF;0.0000
120;h_4;;0.0000;0.0000;0.0000;LWFF;0.0000
120;h_3;3|5|0|7;2.7344;7.8125;7.0000;LWFF;4.0029
120;h_2;;0.0000;0.0000;0.0000;LWFF;0.0000
120;h_1;;0.0000;0.0000;0.0000;LWFF;0.0000
120;h_0;4|2|1|6;2.7344;7.8125;7.0000;LWFF;4.0029
130;h_5;;0.0000;0.0000;0.0000;LWFF;0.0000
130;h_4;;0.0000;0.0000;0.0000;LWFF;0.0000
130;h_3;3|5|0|7;2.7344;7.8125;7.0000;LWFF;4.3365
130;h_2;;0.0000;0.0000;0.0000;LWFF;0.0000
130;h_1;;0.0000;0.0000;0.0000;LWFF;0.0000
130;h_0;4|2|1|6;2.7344;7.8125;7.0000;LWFF;4.3365
140;h_5;;0.0000;0.0000;0.0000;LWFF;0.0000
140;h_4;;0.0000;0.0000;0.0000;LWFF;0.0000
140;h_3;3|5|0|7;2.7344;7.8125;7.0000;LWFF;4.3365
140;h_2;;0.0000;0.0000;0.0000;LWFF;0.0000
140;h_1;;0.0000;0.0000;0.0000;LWFF;0.0000
140;h_0;4|2|1|6;2.7344;7.8125;7.0000;LWFF;4.3365
150;h_5;;0.0000;0.0000;0.0000;LWFF;0.0000
150;h_4;;0.0000;0.0000;0.0000;LWFF;0.0000
150;h_3;3|5|0|7;2.7344;7.8125;7.0000;LWFF;4.3365
150;h_2;;0.0000;0.0000;0.0000;LWFF;0.0000
150;h_1;;0.0000;0.0000;0.0000;LWFF;0.0000
150;h_0;4|2|1|6;2.7344;7.8125;7.0000;LWFF;4.3365
160;h_5;;0.0000;0.0000;0.0000;LWFF;0.0000
160;h_4;;0.0000;0.0000;0.0000;LWFF;0.0000
160;h_3;3|5|0|7;2.7344;7.8125;7.0000;LWFF;5.3373
160;h_2;;0.0000;0.0000;0.0000;LWFF;0.0000
160;h_1;;0.0000;0.0000;0.0000;LWFF;0.0000
160;h_0;4|2|1|6;2.7344;7.8125;7.0000;LWFF;5.3373
170;h_5;;0.0000;0.0000;0.0000;LWFF;0.0000
170;h_4;;0.0000;0.0000;0.0000;LWFF;0.0000
170;h_3;3|5|0|7;2.7344;7.8125;7.0000;LWFF;5.3373
170;h_2;;0.0000;0.0000;0.0000;LWFF;0.0000
170;h_1;;0.0000;0.0000;0.0000;LWFF;0.0000
170;h_0;4|2|1|6;2.7344;7.8125;7.0000;LWFF;5.3373
180;h_5;;0.0000;0.0000;0.0000;LWFF;0.0000
180;h_4;;0.0000;0.0000;0.0000;LWFF;0.0000
180;h_3;3|5|0|7;2.7344;7.8125;7.0000;LWFF;5.3373
180;h_2;;0.0000;0.0000;0.0000;LWFF;0.0000
180;h_1;;0.0000;0.0000;0.0000;LWFF;0.0000
180;h_0;4|2|1|6;2.7344;7.8125;7.0000;LWFF;5.3373
190;h_5;;0.0000;0.0000;0.0000;LWFF;0.0000
190;h_4;;0.0000;0.0000;0.0000;LWFF;0.0000
190;h_3;3|5|0|7;2.7344;7.8125;7.0000;LWFF;5.3373
190;h_2;;0.0000;0.0000;0.0000;LWFF;0.0000
190;h_1;;0.0000;0.0000;0.0000;LWFF;0.0000
190;h_0;4|2|1|6;2.7344;7.8125;7.0000;LWFF;5.3373
200;h_5;;0.0000;0.0000;0.0000;LWFF;0.0000
200;h_4;;0.0000;0.0000;0.0000;LWFF;0.0000
200;h_3;3|5|0|7;2.7344;7.8125;7.0000;LWFF;5.3373
200;h_2;;0.0000;0.0000;0.0000;LWFF;0.0000
200;h_1;;0.0000;0.0000;0.0000;LWFF;0.0000
200;h_0;4|2|1|6;2.7344;7.8125;7.0000;LWFF;5.3373
210;h_5;;0.0000;0.0000;0.0000;LWFF;0.0000
210;h_4;;0.0000;0.0000;0.0000;LWFF;0.0000
210;h_3;3|5|0|7;2.7344;7.8125;7.0000;LWFF;7.0051
210;h_2;;0.0000;0.0000;0.0000;LWFF;0.0000
210;h_1;;0.0000;0.0000;0.0000;LWFF;0.0000
210;h_0;4|2|1|6;2.7344;7.8125;7.0000;LWFF;7.0051
220;h_5;;0.0000;0.0000;0.0000;LWFF;0.0000
220;h_4;;0.0000;0.0000;0.0000;LWFF;0.0000
220;h_3;3|5|0|7;2.7344;7.8125;7.0000;LWFF;7.3387
220;h_2;;0.0000;0.0000;0.0000;LWFF;0.0000
220;h_1;;0.0000;0.0000;0.0000;LWFF;0.0000
220;h_0;4|2|1|6;2.7344;7.8125;7.0000;LWFF;7.3387
230;h_5;;0.0000;0.0000;0.0000;LWFF;0.0000
230;h_4;;0.0000;0.0000;0.0000;LWFF;0.0000
230;h_3;3|5|0|7;2.7344;7.8125;7.0000;LWFF;7.3387
230;h_2;;0.0000;0.0000;0.0000;LWFF;0.0000
230;h_1;;0.0000;0.0000;0.0000;LWFF;0.0000
230;h_0;4|2|1|6;2.7344;7.8125;7.0000;LWFF;7.3387
240;h_5;;0.0000;0.0000;0.0000;LWFF;0.0000
240;h_4;;0.0000;0.0000;0.0000;LWFF;0.0000
240;h_3;3|5|0|7;2.7344;7.8125;7.0000;LWFF;7.3387
240;h_2;;0.0000;0.0000;0.0000;LWFF;0.0000
240;h_1;;0.0000;0.0000;0.0000;LWFF;0.0000
240;h_0;4|2|1|6;2.7344;7.8125;7.0000;LWFF;7.3387
250;h_5;;0.0000;0.0000;0.0000;LWFF;0.0000
250;h_4;;0.0000;0.0000;0.0000;LWFF;0.0000
250;h_3;3|5|0|7;2.7344;7.8125;7.0000;LWFF;7.3387
250;h_2;;0.0000;0.0000;0.0000;LWFF;0.0000
250;h_1;;0.0000;0.0000;0.0000;LWFF;0.0000
250;h_0;4|2|1|6;2.7344;7.8125;7.0000;LWFF;7.3387
260;h_5;;0.0000;0.0000;0.0000;LWFF;0.0000
260;h_4;;0.0000;0.0000;0.0000;LWFF;0.0000
260;h_3;3|5|0|7;2.7344;7.8125;7.0000;LWFF;7.3387
260;h_2;;0.0000;0.0000;0.0000;LWFF;0.0000
260;h_1;;0.0000;0.0000;0.0000;LWFF;0.0000
260;h_0;4|2|1|6;2.7344;7.8125;7.0000;LWFF;7.3387
270;h_5;;0.0000;0.0000;0.0000;LWFF;0.0000
270;h_4;;0.0000;0.0000;0.0000;LWFF;0.0000
270;h_3;3|5|0|7;2.7344;7.8125;7.0000;LWFF;7.3387
270;h_2;;0.0000;0.0000;0.0000;LWFF;0.0000
270;h_1;;0.0000;0.0000;0.0000;LWFF;0.0000
270;h_0;4|2|1|6;2.7344;7.8125;7.0000;LWFF;7.3387
280;h_5;;0.0000;0.0000;0.0000;LWFF;0.0000
280;h_4;;0.0000;0.0000;0.0000;LWFF;0.0000
280;h_3;3|5|0|7;2.7344;7.8125;7.0000;LWFF;7.3387
280;h_2;;0.0000;0.0000;0.0000;LWFF;0.0000
280;h_1;;0.0000;0.0000;0.0000;LWFF;0.0000
280;h_0;4|2|1|6;2.7344;7.8125;7.0000;LWFF;7.3387
290;h_5;;0.0000;0.0000;0.0000;LWFF;0.0000
290;h_4;;0.0000;0.0000;0.0000;LWFF;0.0000
290;h_3;3|5|0|7;2.7344;7.8125;7.0000;LWFF;7.3387
290;h_2;;0.0000;0.0000;0.0000;LWFF;0.0000
290;h_1;;0.0000;0.0000;0.0000;LWFF;0.0000
290;h_0;4|2|1|6;2.7344;7.8125;7.0000;LWFF;7.3387
300;h_5;;0.0000;0.0000;0.0000;LWFF;0.0000
300;h_4;;0.0000;0.0000;0.0000;LWFF;0.0000
300;h_3;3|5|0|7;2.7344;7.8125;7.0000;LWFF;7.3387
300;h_2;;0.0000;0.0000;0.0000;LWFF;0.0000
300;h_1;;0.0000;0.0000;0.0000;LWFF;0.0000
300;h_0;4|2|1|6;2.7344;7.8125;7.0000;LWFF;7.3387
310;h_5;;0.0000;0.0000;0.0000;LWFF;0.0000
310;h_4;;0.0000;0.0000;0.0000;LWFF;0.0000
310;h_3;3|5|0|7;2.7344;7.8125;7.0000;LWFF;10.3409
310;h_2;;0.0000;0.0000;0.0000;LWFF;0.0000
310;h_1;;0.0000;0.0000;0.0000;LWFF;0.0000
310;h_0;4|2|1|6;2.7344;7.8125;7.0000;LWFF;10.3409
320;h_5;;0.0000;0.0000;0.0000;LWFF;0.0000
320;h_4;;0.0000;0.0000;0.0000;LWFF;0.0000
320;h_3;3|5|0|7;2.7344;7.8125;7.0000;LWFF;10.6745
320;h_2;;0.0000;0.0000;0.0000;LWFF;0.0000
320;h_1;;0.0000;0.0000;0.0000;LWFF;0.0000
320;h_0;4|2|1|6;2.7344;7.8125;7.0000;LWFF;10.6745
330;h_5;;0.0000;0.0000;0.0000;LWFF;0.0000
330;h_4;;0.0000;0.0000;0.0000;LWFF;0.0000
330;h_3;3|5|0|7;2.7344;7.8125;7.0000;LWFF;10.6745
330;h_2;;0.0000;0.0000;0.0000;LWFF;0.0000
330;h_1;;0.0000;0.0000;0.0000;LWFF;0.0000
330;h_0;4|2|1|6;2.7344;7.8125;7.0000;LWFF;10.6745
340;h_5;;0.0000;0.0000;0.0000;LWFF;0.0000
340;h_4;;0.0000;0.0000;0.0000;LWFF;0.0000
340;h_3;3|5|0|7;2.7344;7.8125;7.0000;LWFF;10.6745
340;h_2;;0.0000;0.0000;0.0000;LWFF;0.0000
340;h_1;;0.0000;0.0000;0.0000;LWFF;0.0000
340;h_0;4|2|1|6;2.7344;7.8125;7.0000;LWFF;10.6745
350;h_5;;0.0000;0.0000;0.0000;LWFF;0.0000
350;h_4;;0.0000;0.0000;0.0000;LWFF;0.0000
350;h_3;3|5|0|7;2.7344;7.8125;7.0000;LWFF;10.6745
350;h_2;;0.0000;0.0000;0.0000;LWFF;0.0000
350;h_1;;0.0000;0.0000;0.0000;LWFF;0.0000
350;h_0;4|2|1|6;2.7344;7.8125;7.0000;LWFF;10.6745
360;h_5;;0.0000;0.0000;0.0000;LWFF;0.0000
360;h_4;;0.0000;0.0000;0.0000;LWFF;0.0000
360;h_3;3|5|0|7;2.7344;7.8125;7.0000;LWFF;10.6745
360;h_2;;0.0000;0.0000;0.0000;LWFF;0.0000
360;h_1;;0.0000;0.0000;0.0000;LWFF;0.0000
360;h_0;4|2|1|6;2.7344;7.8125;7.0000;LWFF;10.6745
370;h_5;;0.0000;0.0000;0.0000;LWFF;0.0000
370;h_4;;0.0000;0.0000;0.0000;LWFF;0.0000
370;h_3;3|5|0|7;2.7344;7.8125;7.0000;LWFF;10.6745
370;h_2;;0.0000;0.0000;0.0000;LWFF;0.0000
370;h_1;;0.0000;0.0000;0.0000;LWFF;0.0000
370;h_0;4|2|1|6;2.7344;7.8125;7.0000;LWFF;10.6745
380;h_5;;0.0000;0.0000;0.0000;LWFF;0.0000
380;h_4;;0.0000;0.0000;0.0000;LWFF;0.0000
380;h_3;3|5|0|7;2.7344;7.8125;7.0000;LWFF;10.6745
380;h_2;;0.0000;0.0000;0.0000;LWFF;0.0000
380;h_1;;0.0000;0.0000;0.0000;LWFF;0.0000
380;h_0;4|2|1|6;2.7344;7.8125;7.0000;LWFF;10.6745
390;h_5;;0.0000;0.0000;0.0000;LWFF;0.0000
390;h_4;;0.0000;0.0000;0.0000;LWFF;0.0000
390;h_3;3|5|0|7;2.7344;7.8125;7.0000;LWFF;10.6745
390;h_2;;0.0000;0.0000;0.0000;LWFF;0.0000
390;h_1;;0.0000;0.0000;0.0000;LWFF;0.0000
390;h_0;4|2|1|6;2.7344;7.8125;7.0000;LWFF;10.6745
400;h_5;;0.0000;0.0000;0.0000;LWFF;0.0000
400;h_4;;0.0000;0.0000;0.0000;LWFF;0.0000
400;h_3;3|5|0|7;2.7344;7.8125;7.0000;LWFF;10.6745
400;h_2;;0.0000;0.0000;0.0000;LWFF;0.0000
400;h_1;;0.0000;0.0000;0.0000;LWFF;0.0000
400;h_0;4|2|1|6;2.7344;7.8125;7.0000;LWFF;10.6745
410;h_5;;0.0000;0.0000;0.0000;LWFF;0.0000
410;h_4;;0.0000;0.0000;0.0000;LWFF;0.0000
410;h_3;3|5|0|7;2.7344;7.8125;7.0000;LWFF;13.6767
410;h_2;;0.0000;0.0000;0.0000;LWFF;0.0000
410;h_1;;0.0000;0.0000;0.0000;LWFF;0.0000
410;h_0;4|2|1|6;2.7344;7.8125;7.0000;LWFF;13.6767
420;h_5;;0.0000;0.0000;0.0000;LWFF;0.0000
420;h_4;;0.0000;0.0000;0.0000;LWFF;0.0000
420;h_3;3|5|0|7;2.7344;7.8125;7.0000;LWFF;14.0103
420;h_2;;0.0000;0.0000;0.0000;LWFF;0.0000
420;h_1;;0.0000;0.0000;0.0000;LWFF;0.0000
420;h_0;4|2|1|6;2.7344;7.8125;7.0000;LWFF;14.0103
430;h_5;;0.0000;0.0000;0.0000;LWFF;0.0000
430;h_4;;0.0000;0.0000;0.0000;LWFF;0.0000
430;h_3;3|5|0|7;2.7344;7.8125;7.0000;LWFF;14.0103
430;h_2;;0.0000;0.0000;0.0000;LWFF;0.0000
430;h_1;;0.0000;0.0000;0.0000;LWFF;0.0000
430;h_0;4|2|1|6;2.7344;7.8125;7.0000;LWFF;14.0103
440;h_5;;0.0000;0.0000;0.0000;LWFF;0.0000
440;h_4;;0.0000;0.0000;0.0000;LWFF;0.0000
440;h_3;3|5|0|7;2.7344;7.8125;7.0000;LWFF;14.0103
440;h_2;;0.0000;0.0000;0.0000;LWFF;0.0000
440;h_1;;0.0000;0.0000;0.0000;LWFF;0.0000
440;h_0;4|2|1|6;2.7344;7.8125;7.0000;LWFF;14.0103
450;h_5;;0.0000;0.0000;0.0000;LWFF;0.0000
450;h_4;;0.0000;0.0000;0.0000;LWFF;0.0000
450;h_3;3|5|0|7;2.7344;7.8125;7.0000;LWFF;14.0103
450;h_2;;0.0000;0.0000;0.0000;LWFF;0.0000
450;h_1;;0.0000;0.0000;0.0000;LWFF;0.0000
450;h_0;4|2|1|6;2.7344;7.8125;7.0000;LWFF;14.0103
460;h_5;;0.0000;0.0000;0.0000;LWFF;0.0000
460;h_4;;0.0000;0.0000;0.0000;LWFF;0.0000
460;h_3;3|5|0|7;2.7344;7.8125;7.0000;LWFF;14.0103
460;h_2;;0.0000;0.0000;0.0000;LWFF;0.0000
460;h_1;;0.0000;0.0000;0.0000;LWFF;0.0000
460;h_0;4|2|1|6;2.7344;7.8125;7.0000;LWFF;14.0103
470;h_5;;0.0000;0.0000;0.0000;LWFF;0.0000
470;h_4;;0.0000;0.0000;0.0000;LWFF;0.0000
470;h_3;3|5|0|7;2.7344;7.8125;7.0000;LWFF;14.0103
470;h_2;;0.0000;0.0000;0.0000;LWFF;0.0000
470;h_1;;0.0000;0.0000;0.0000;LWFF;0.0000
470;h_0;4|2|1|6;2.7344;7.8125;7.0000;LWFF;14.0103
480;h_5;;0.0000;0.0000;0.0000;LWFF;0.0000
480;h_4;;0.0000;0.0000;0.0000;LWFF;0.0000
480;h_3;3|5|0|7;2.7344;7.8125;7.0000;LWFF;14.0103
480;h_2;;0.0000;0.0000;0.0000;LWFF;0.0000
480;h_1;;0.0000;0.0000;0.0000;LWFF;0.0000
480;h_0;4|2|1|6;2.7344;7.8125;7.0000;LWFF;14.0103
490;h_5;;0.0000;0.0000;0.0000;LWFF;0.0000
490;h_4;;0.0000;0.0000;0.0000;LWFF;0.0000
490;h_3;3|5|0|7;2.7344;7.8125;7.0000;LWFF;14.0103
490;h_2;;0.0000;0.0000;0.0000;LWFF;0.0000
490;h_1;;0.0000;0.0000;0.0000;LWFF;0.0000
490;h_0;4|2|1|6;2.7344;7.8125;7.0000;LWFF;14.0103
500;h_5;;0.0000;0.0000;0.0000;LWFF;0.0000
500;h_4;;0.0000;0.0000;0.0000;LWFF;0.0000
500;h_3;3|5|0|7;2.7344;7.8125;7.0000;LWFF;14.0103
500;h_2;;0.0000;0.0000;0.0000;LWFF;0.0000
500;h_1;;0.0000;0.0000;0.0000;LWFF;0.0000
500;h_0;4|2|1|6;2.7344;7.8125;7.0000;LWFF;14.0103
510;h_5;;0.0000;0.0000;0.0000;LWFF;0.0000
510;h_4;;0.0000;0.0000;0.0000;LWFF;0.0000
510;h_3;3|5|0|7;2.7344;7.8125;7.0000;LWFF;17.0125
510;h_2;;0.0000;0.0000;0.0000;LWFF;0.0000
510;h_1;;0.0000;0.0000;0.0000;LWFF;0.0000
510;h_0;4|2|1|6;2.7344;7.8125;7.0000;LWFF;17.0125
520;h_5;;0.0000;0.0000;0.0000;LWFF;0.0000
520;h_4;;0.0000;0.0000;0.0000;LWFF;0.0000
520;h_3;3|5|0|7;2.7344;7.8125;7.0000;LWFF;17.3461
520;h_2;;0.0000;0.0000;0.0000;LWFF;0.0000
520;h_1;;0.0000;0.0000;0.0000;LWFF;0.0000
520;h_0;4|2|1|6;2.7344;7.8125;7.0000;LWFF;17.3461
530;h_5;;0.0000;0.0000;0.0000;LWFF;0.0000
530;h_4;;0.0000;0.0000;0.0000;LWFF;0.0000
530;h_3;3|5|0|7;2.7344;7.8125;7.0000;LWFF;17.3461
530;h_2;;0.0000;0.0000;0.0000;LWFF;0.0000
530;h_1;;0.0000;0.0000;0.0000;LWFF;0.0000
530;h_0;4|2|1|6;2.7344;7.8125;7.0000;LWFF;17.3461
540;h_5;;0.0000;0.0000;0.0000;LWFF;0.0000
540;h_4;;0.0000;0.0000;0.0000;LWFF;0.0000
540;h_3;3|5|0|7;2.7344;7.8125;7.0000;LWFF;17.3461
540;h_2;;0.0000;0.0000;0.0000;LWFF;0.0000
540;h_1;;0.0000;0.0000;0.0000;LWFF;0.0000
540;h_0;4|2|1|6;2.7344;7.8125;7.0000;LWFF;17.3461
550;h_5;;0.0000;0.0000;0.0000;LWFF;0.0000
550;h_4;;0.0000;0.0000;0.0000;LWFF;0.0000
550;h_3;3|5|0|7;2.7344;7.8125;7.0000;LWFF;17.3461
550;h_2;;0.0000;0.0000;0.0000;LWFF;0.0000
550;h_1;;0.0000;0.0000;0.0000;LWFF;0.0000
550;h_0;4|2|1|6;2.7344;7.8125;7.0000;LWFF;17.3461
560;h_5;;0.0000;0.0000;0.0000;LWFF;0.0000
560;h_4;;0.0000;0.0000;0.0000;LWFF;0.0000
560;h_3;3|5|0|7;2.7344;7.8125;7.0000;LWFF;17.3461
560;h_2;;0.0000;0.0000;0.0000;LWFF;0.0000
560;h_1;;0.0000;0.0000;0.0000;LWFF;0.0000
560;h_0;4|2|1|6;2.7344;7.8125;7.0000;LWFF;17.3461
570;h_5;;0.0000;0.0000;0.0000;LWFF;0.0000
570;h_4;;0.0000;0.0000;0.0000;LWFF;0.0000
570;h_3;3|5|0|7;2.7344;7.8125;7.0000;LWFF;17.3461
570;h_2;;0.0000;0.0000;0.0000;LWFF;0.0000
570;h_1;;0.0000;0.0000;0.0000;LWFF;0.0000
570;h_0;4|2|1|6;2.7344;7.8125;7.0000;LWFF;17.3461
580;h_5;;0.0000;0.0000;0.0000;LWFF;0.0000
580;h_4;;0.0000;0.0000;0.0000;LWFF;0.0000
580;h_3;3|5|0|7;2.7344;7.8125;7.0000;LWFF;17.3461
580;h_2;;0.0000;0.0000;0.0000;LWFF;0.0000
580;h_1;;0.0000;0.0000;0.0000;LWFF;0.0000
580;h_0;4|2|1|6;2.7344;7.8125;7.0000;LWFF;17.3461
590;h_5;;0.0000;0.0000;0.0000;LWFF;0.0000
590;h_4;;0.0000;0.0000;0.0000;LWFF;0.0000
590;h_3;3|5|0|7;2.7344;7.8125;7.0000;LWFF;17.3461
590;h_2;;0.0000;0.0000;0.0000;LWFF;0.0000
590;h_1;;0.0000;0.0000;0.0000;LWFF;0.0000
590;h_0;4|2|1|6;2.7344;7.8125;7.0000;LWFF;17.3461
600;h_5;;0.0000;0.0000;0.0000;LWFF;0.0000
600;h_4;;0.0000;0.0000;0.0000;LWFF;0.0000
600;h_3;3|5|0|7;2.7344;7.8125;7.0000;LWFF;17.3461
600;h_2;;0.0000;0.0000;0.0000;LWFF;0.0000
600;h_1;;0.0000;0.0000;0.0000;LWFF;0.0000
600;h_0;4|2|1|6;2.7344;7.8125;7.0000;LWFF;17.3461
610;h_5;;0.0000;0.0000;0.0000;LWFF;0.0000
610;h_4;;0.0000;0.0000;0.0000;LWFF;0.0000
610;h_3;3|5|0|7;2.7344;7.8125;7.0000;LWFF;20.3483
610;h_2;;0.0000;0.0000;0.0000;LWFF;0.0000
610;h_1;;0.0000;0.0000;0.0000;LWFF;0.0000
610;h_0;4|2|1|6;2.7344;7.8125;7.0000;LWFF;20.3483
620;h_5;;0.0000;0.0000;0.0000;LWFF;0.0000
620;h_4;;0.0000;0.0000;0.0000;LWFF;0.0000
620;h_3;3|5|0|7;2.7344;7.8125;7.0000;LWFF;20.6819
620;h_2;;0.0000;0.0000;0.0000;LWFF;0.0000
620;h_1;;0.0000;0.0000;0.0000;LWFF;0.0000
620;h_0;4|2|1|6;2.7344;7.8125;7.0000;LWFF;20.6819
630;h_5;;0.0000;0.0000;0.0000;LWFF;0.0000
630;h_4;;0.0000;0.0000;0.0000;LWFF;0.0000
630;h_3;3|5|0|7;2.7344;7.8125;7.0000;LWFF;20.6819
630;h_2;;0.0000;0.0000;0.0000;LWFF;0.0000
630;h_1;;0.0000;0.0000;0.0000;LWFF;0.0000
630;h_0;4|2|1|6;2.7344;7.8125;7.0000;LWFF;20.6819
640;h_5;;0.0000;0.0000;0.0000;LWFF;0.0000
640;h_4;;0.0000;0.0000;0.0000;LWFF;0.0000
640;h_3;3|5|0|7;2.7344;7.8125;7.0000;LWFF;20.6819
640;h_2;;0.0000;0.0000;0.0000;LWFF;0.0000
640;h_1;;0.0000;0.0000;0.0000;LWFF;0.0000
640;h_0;4|2|1|6;2.7344;7.8125;7.0000;LWFF;20.6819
650;h_5;;0.0000;0.0000;0.0000;LWFF;0.0000
650;h_4;;0.0000;0.0000;0.0000;LWFF;0.0000
650;h_3;3|5|0|7;2.7344;7.8125;7.0000;LWFF;20.6819
650;h_2;;0.0000;0.0000;0.0000;LWFF;0.0000
650;h_1;;0.0000;0.0000;0.0000;LWFF;0.0000
650;h_0;4|2|1|6;2.7344;7.8125;7.0000;LWFF;20.6819
660;h_5;;0.0000;0.0000;0.0000;LWFF;0.0000
660;h_4;;0.0000;0.0000;0.0000;LWFF;0.0000
660;h_3;3|5|0|7;2.7344;7.8125;7.0000;LWFF;20.6819
660;h_2;;0.0000;0.0000;0.0000;LWFF;0.0000
660;h_1;;0.0000;0.0000;0.0000;LWFF;0.0000
660;h_0;4|2|1|6;2.7344;7.8125;7.0000;LWFF;20.6819
670;h_5;;0.0000;0.0000;0.0000;LWFF;0.0000
670;h_4;;0.0000;0.0000;0.0000;LWFF;0.0000
670;h_3;3|5|0|7;2.7344;7.8125;7.0000;LWFF;20.6819
670;h_2;;0.0000;0.0000;0.0000;LWFF;0.0000
670;h_1;;0.0000;0.0000;0.0000;LWFF;0.0000
670;h_0;4|2|1|6;2.7344;7.8125;7.0000;LWFF;20.6819
680;h_5;;0.0000;0.0000;0.0000;LWFF;0.0000
680;h_4;;0.0000;0.0000;0.0000;LWFF;0.0000
680;h_3;3|5|0|7;2.7344;7.8125;7.0000;LWFF;20.6819
680;h_2;;0.0000;0.0000;0.0000;LWFF;0.0000
680;h_1;;0.0000;0.0000;0.0000;LWFF;0.0000
680;h_0;4|2|1|6;2.7344;7.8125;7.0000;LWFF;20.6819
690;h_5;;0.0000;0.0000;0.0000;LWFF;0.0000
690;h_4;;0.0000;0.0000;0.0000;LWFF;0.0000
690;h_3;3|5|0|7;2.7344;7.8125;7.0000;LWFF;20.6819
690;h_2;;0.0000;0.0000;0.0000;LWFF;0.0000
690;h_1;;0.0000;0.0000;0.0000;LWFF;0.0000
690;h_0;4|2|1|6;2.7344;7.8125;7.0000;LWFF;20.6819
700;h_5;;0.0000;0.0000;0.0000;LWFF;0.0000
700;h_4;;0.0000;0.0000;0.0000;LWFF;0.0000
700;h_3;3|5|0|7;2.7344;7.8125;7.0000;LWFF;20.6819
700;h_2;;0.0000;0.0000;0.0000;LWFF;0.0000
700;h_1;;0.0000;0.0000;0.0000;LWFF;0.0000
700;h_0;4|2|1|6;2.7344;7.8125;7.0000;LWFF;20.6819
710;h_5;;0.0000;0.0000;0.0000;LWFF;0.0000
710;h_4;;0.0000;0.0000;0.0000;LWFF;0.0000
710;h_3;3|5|0|7;2.7344;7.8125;7.0000;LWFF;20.6819
710;h_2;;0.0000;0.0000;0.0000;LWFF;0.0000
710;h_1;;0.0000;0.0000;0.0000;LWFF;0.0000
710;h_0;4|2|1|6;2.7344;7.8125;7.0000;LWFF;20.6819
720;h_5;;0.0000;0.0000;0.0000;LWFF;0.0000
720;h_4;;0.0000;0.0000;0.0000;LWFF;0.0000
720;h_3;3|5|0|7;2.7344;7.8125;7.0000;LWFF;20.6819
720;h_2;;0.0000;0.0000;0.0000;LWFF;0.0000
720;h_1;;0.0000;0.0000;0.0000;LWFF;0.0000
720;h_0;4|2|1|6;2.7344;7.8125;7.0000;LWFF;20.6819
730;h_5;;0.0000;0.0000;0.0000;LWFF;0.0000
730;h_4;;0.0000;0.0000;0.0000;LWFF;0.0000
730;h_3;3|5|0|7;2.7344;7.8125;7.0000;LWFF;20.6819
730;h_2;;0.0000;0.0000;0.0000;LWFF;0.0000
730;h_1;;0.0000;0.0000;0.0000;LWFF;0.0000
730;h_0;4|2|1|6;2.7344;7.8125;7.0000;LWFF;20.6819
740;h_5;;0.0000;0.0000;0.0000;LWFF;0.0000
740;h_4;;0.0000;0.0000;0.0000;LWFF;0.0000
740;h_3;3|5|0|7;2.7344;7.8125;7.0000;LWFF;20.6819
740;h_2;;0.0000;0.0000;0.0000;LWFF;0.0000
740;h_1;;0.0000;0.0000;0.0000;LWFF;0.0000
740;h_0;4|2|1|6;2.7344;7.8125;7.0000;LWFF;20.6819
750;h_5;;0.0000;0.0000;0.0000;LWFF;0.0000
750;h_4;;0.0000;0.0000;0.0000;LWFF;0.0000
750;h_3;3|5|0|7;2.7344;7.8125;7.0000;LWFF;20.6819
750;h_2;;0.0000;0.0000;0.0000;LWFF;0.0000
750;h_1;;0.0000;0.0000;0.0000;LWFF;0.0000
750;h_0;4|2|1|6;2.7344;7.8125;7.0000;LWFF;20.6819
760;h_5;;0.0000;0.0000;0.0000;LWFF;0.0000
760;h_4;;0.0000;0.0000;0.0000;LWFF;0.0000
760;h_3;3|5|0|7;2.7344;7.8125;7.0000;LWFF;20.6819
760;h_2;;0.0000;0.0000;0.0000;LWFF;0.0000
760;h_1;;0.0000;0.0000;0.0000;LWFF;0.0000
760;h_0;4|2|1|6;2.7344;7.8125;7.0000;LWFF;20.6819
770;h_5;;0.0000;0.0000;0.0000;LWFF;0.0000
770;h_4;;0.0000;0.0000;0.0000;LWFF;0.0000
770;h_3;3|5|0|7;2.7344;7.8125;7.0000;LWFF;20.6819
770;h_2;;0.0000;0.0000;0.0000;LWFF;0.0000
770;h_1;;0.0000;0.0000;0.0000;LWFF;0.0000
770;h_0;4|2|1|6;2.7344;7.8125;7.0000;LWFF;20.6819
780;h_5;;0.0000;0.0000;0.0000;LWFF;0.0000
780;h_4;;0.0000;0.0000;0.0000;LWFF;0.0000
780;h_3;3|5|0|7;2.7344;7.8125;7.0000;LWFF;20.6819
780;h_2;;0.0000;0.0000;0.0000;LWFF;0.0000
780;h_1;;0.0000;0.0000;0.0000;LWFF;0.0000
780;h_0;4|2|1|6;2.7344;7.8125;7.0000;LWFF;20.6819
790;h_5;;0.0000;0.0000;0.0000;LWFF;0.0000
790;h_4;;0.0000;0.0000;0.0000;LWFF;0.0000
790;h_3;3|5|0|7;2.7344;7.8125;7.0000;LWFF;20.6819
790;h_2;;0.0000;0.0000;0.0000;LWFF;0.0000
790;h_1;;0.0000;0.0000;0.0000;LWFF;0.0000
790;h_0;4|2|1|6;2.7344;7.8125;7.0000;LWFF;20.6819
800;h_5;;0.0000;0.0000;0.0000;LWFF;0.0000
800;h_4;;0.0000;0.0000;0.0000;LWFF;0.0000
800;h_3;3|5|0|7;2.7344;7.8125;7.0000;LWFF;20.6819
800;h_2;;0.0000;0.0000;0.0000;LWFF;0.0000
800;h_1;;0.0000;0.0000;0.0000;LWFF;0.0000
800;h_0;4|2|1|6;2.7344;7.8125;7.0000;LWFF;20.6819
810;h_5;;0.0000;0.0000;0.0000;LWFF;0.0000
810;h_4;;0.0000;0.0000;0.0000;LWFF;0.0000
810;h_3;3|5|0|7;2.7344;7.8125;7.0000;LWFF;20.6819
810;h_2;;0.0000;0.0000;0.0000;LWFF;0.0000
810;h_1;;0.0000;0.0000;0.0000;LWFF;0.0000
810;h_0;4|2|1|6;2.7344;7.8125;7.0000;LWFF;20.6819
820;h_5;;0.0000;0.0000;0.0000;LWFF;0.0000
820;h_4;;0.0000;0.0000;0.0000;LWFF;0.0000
820;h_3;3|5|0|7;2.7344;7.8125;7.0000;LWFF;27.0305
820;h_2;;0.0000;0.0000;0.0000;LWFF;0.0000
820;h_1;;0.0000;0.0000;0.0000;LWFF;0.0000
820;h_0;4|2|1|6;2.7344;7.8125;7.0000;LWFF;27.0305
830;h_5;;0.0000;0.0000;0.0000;LWFF;0.0000
830;h_4;;0.0000;0.0000;0.0000;LWFF;0.0000
830;h_3;3|5|0|7;2.7344;7.8125;7.0000;LWFF;27.3641
830;h_2;;0.0000;0.0000;0.0000;LWFF;0.0000
830;h_1;;0.0000;0.0000;0.0000;LWFF;0.0000
830;h_0;4|2|1|6;2.7344;7.8125;7.0000;LWFF;27.3641
840;h_5;;0.0000;0.0000;0.0000;LWFF;0.0000
840;h_4;;0.0000;0.0000;0.0000;LWFF;0.0000
840;h_3;3|5|0|7;2.7344;7.8125;7.0000;LWFF;27.6977
840;h_2;;0.0000;0.0000;0.0000;LWFF;0.0000
840;h_1;;0.0000;0.0000;0.0000;LWFF;0.0000
840;h_0;4|2|1|6;2.7344;7.8125;7.0000;LWFF;27.6977
850;h_5;;0.0000;0.0000;0.0000;LWFF;0.0000
850;h_4;;0.0000;0.0000;0.0000;LWFF;0.0000
850;h_3;3|5|0|7;2.7344;7.8125;7.0000;LWFF;28.0313
850;h_2;;0.0000;0.0000;0.0000;LWFF;0.0000
850;h_1;;0.0000;0.0000;0.0000;LWFF;0.0000
850;h_0;4|2|1|6;2.7344;7.8125;7.0000;LWFF;28.0313
860;h_5;;0.0000;0.0000;0.0000;LWFF;0.0000
860;h_4;;0.0000;0.0000;0.0000;LWFF;0.0000
860;h_3;3|5|0|7;2.7344;7.8125;7.0000;LWFF;28.3648
860;h_2;;0.0000;0.0000;0.0000;LWFF;0.0000
860;h_1;;0.0000;0.0000;0.0000;LWFF;0.0000
860;h_0;4|2|1|6;2.7344;7.8125;7.0000;LWFF;28.3648
870;h_5;;0.0000;0.0000;0.0000;LWFF;0.0000
870;h_4;;0.0000;0.0000;0.0000;LWFF;0.0000
870;h_3;3|5|0|7;2.7344;7.8125;7.0000;LWFF;28.6984
870;h_2;;0.0000;0.0000;0.0000;LWFF;0.0000
870;h_1;;0.0000;0.0000;0.0000;LWFF;0.0000
870;h_0;4|2|1|6;2.7344;7.8125;7.0000;LWFF;28.6984
880;h_5;;0.0000;0.0000;0.0000;LWFF;0.0000
880;h_4;;0.0000;0.0000;0.0000;LWFF;0.0000
880;h_3;3|5|0|7;2.7344;7.8125;7.0000;LWFF;29.0320
880;h_2;;0.0000;0.0000;0.0000;LWFF;0.0000
880;h_1;;0.0000;0.0000;0.0000;LWFF;0.0000
880;h_0;4|2|1|6;2.7344;7.8125;7.0000;LWFF;29.0320
890;h_5;;0.0000;0.0000;0.0000;LWFF;0.0000
890;h_4;;0.0000;0.0000;0.0000;LWFF;0.0000
890;h_3;3|5|0|7;2.7344;7.8125;7.0000;LWFF;29.3656
890;h_2;;0.0000;0.0000;0.0000;LWFF;0.0000
890;h_1;;0.0000;0.0000;0.0000;LWFF;0.0000
890;h_0;4|2|1|6;2.7344;7.8125;7.0000;LWFF;29.3656
900;h_5;;0.0000;0.0000;0.0000;LWFF;0.0000
900;h_4;;0.0000;0.0000;0.0000;LWFF;0.0000
900;h_3;3|5|0|7;2.7344;7.8125;7.0000;LWFF;29.6992
900;h_2;;0.0000;0.0000;0.0000;LWFF;0.0000
900;h_1;;0.0000;0.0000;0.0000;LWFF;0.0000
900;h_0;4|2|1|6;2.7344;7.8125;7.0000;LWFF;29.6992
910;h_5;;0.0000;0.0000;0.0000;LWFF;0.0000
910;h_4;;0.0000;0.0000;0.0000;LWFF;0.0000
910;h_3;3|5|0|7;2.7344;7.8125;7.0000;LWFF;30.0327
910;h_2;;0.0000;0.0000;0.0000;LWFF;0.0000
910;h_1;;0.0000;0.0000;0.0000;LWFF;0.0000
910;h_0;4|2|1|6;2.7344;7.8125;7.0000;LWFF;30.0327
920;h_5;;0.0000;0.0000;0.0000;LWFF;0.0000
920;h_4;;0.0000;0.0000;0.0000;LWFF;0.0000
920;h_3;3|5|0|7;2.7344;7.8125;7.0000;LWFF;30.3663
920;h_2;;0.0000;0.0000;0.0000;LWFF;0.0000
920;h_1;;0.0000;0.0000;0.0000;LWFF;0.0000
920;h_0;4|2|1|6;2.7344;7.8125;7.0000;LWFF;30.3663
930;h_5;;0.0000;0.0000;0.0000;LWFF;0.0000
930;h_4;;0.0000;0.0000;0.0000;LWFF;0.0000
930;h_3;3|5|0|7;2.7344;7.8125;7.0000;LWFF;30.6999
930;h_2;;0.0000;0.0000;0.0000;LWFF;0.0000
930;h_1;;0.0000;0.0000;0.0000;LWFF;0.0000
930;h_0;4|2|1|6;2.7344;7.8125;7.0000;LWFF;30.6999
940;h_5;;0.0000;0.0000;0.0000;LWFF;0.0000
940;h_4;;0.0000;0.0000;0.0000;LWFF;0.0000
940;h_3;3|5|0|7;2.7344;7.8125;7.0000;LWFF;31.0335
940;h_2;;0.0000;0.0000;0.0000;LWFF;0.0000
940;h_1;;0.0000;0.0000;0.0000;LWFF;0.0000
940;h_0;4|2|1|6;2.7344;7.8125;7.0000;LWFF;31.0335
950;h_5;;0.0000;0.0000;0.0000;LWFF;0.0000
950;h_4;;0.0000;0.0000;0.0000;LWFF;0.0000
950;h_3;3|5|0|7;2.7344;7.8125;7.0000;LWFF;31.3671
950;h_2;;0.0000;0.0000;0.0000;LWFF;0.0000
950;h_1;;0.0000;0.0000;0.0000;LWFF;0.0000
950;h_0;4|2|1|6;2.7344;7.8125;7.0000;LWFF;31.3671
960;h_5;;0.0000;0.0000;0.0000;LWFF;0.0000
960;h_4;;0.0000;0.0000;0.0000;LWFF;0.0000
960;h_3;3|5|0|7;2.7344;7.8125;7.0000;LWFF;31.7006
960;h_2;;0.0000;0.0000;0.0000;LWFF;0.0000
960;h_1;;0.0000;0.0000;0.0000;LWFF;0.0000
960;h_0;4|2|1|6;2.7344;7.8125;7.0000;LWFF;31.7006
970;h_5;;0.0000;0.0000;0.0000;LWFF;0.0000
970;h_4;;0.0000;0.0000;0.0000;LWFF;0.0000
970;h_3;3|5|0|7;2.7344;7.8125;7.0000;LWFF;32.0342
970;h_2;;0.0000;0.0000;0.0000;LWFF;0.0000
970;h_1;;0.0000;0.0000;0.0000;LWFF;0.0000
970;h_0;4|2|1|6;2.7344;7.8125;7.0000;LWFF;32.0342
980;h_5;;0.0000;0.0000;0.0000;LWFF;0.0000
980;h_4;;0.0000;0.0000;0.0000;LWFF;0.0000
980;h_3;3|5|0|7;2.7344;7.8125;7.0000;LWFF;32.3678
980;h_2;;0.0000;0.0000;0.0000;LWFF;0.0000
980;h_1;;0.0000;0.0000;0.0000;LWFF;0.0000
980;h_0;4|2|1|6;2.7344;7.8125;7.0000;LWFF;32.3678
990;h_5;;0.0000;0.0000;0.0000;LWFF;0.0000
990;h_4;;0.0000;0.0000;0.0000;LWFF;0.0000
990;h_3;3|5|0|7;2.7344;7.8125;7.0000;LWFF;32.7014
990;h_2;;0.0000;0.0000;0.0000;LWFF;0.0000
990;h_1;;0.0000;0.0000;0.0000;LWFF;0.0000
990;h_0;4|2|1|6;2.7344;7.8125;7.0000;LWFF;32.7014
1000;h_5;;0.0000;0.0000;0.0000;LWFF;0.0000
1000;h_4;;0.0000;0.0000;0.0000;LWFF;0.0000
1000;h_3;3|5|0|7;2.7344;7.8125;7.0000;LWFF;33.0349
1000;h_2;;0.0000;0.0000;0.0000;LWFF;0.0000
1000;h_1;;0.0000;0.0000;0.0000;LWFF;0.0000
1000;h_0;4|2|1|6;2.7344;7.8125;7.0000;LWFF;33.0349
1010;h_5;;0.0000;0.0000;0.0000;LWFF;0.0000
1010;h_4;;0.0000;0.0000;0.0000;LWFF;0.0000
1010;h_3;3|5|0|7;2.7344;7.8125;7.0000;LWFF;33.3685
1010;h_2;;0.0000;0.0000;0.0000;LWFF;0.0000
1010;h_1;;0.0000;0.0000;0.0000;LWFF;0.0000
1010;h_0;4|2|1|6;2.7344;7.8125;7.0000;LWFF;33.3685
1020;h_5;;0.0000;0.0000;0.0000;LWFF;0.0000
1020;h_4;;0.0000;0.0000;0.0000;LWFF;0.0000
1020;h_3;3|5|0|7;2.7344;7.8125;7.0000;LWFF;33.7021
1020;h_2;;0.0000;0.0000;0.0000;LWFF;0.0000
1020;h_1;;0.0000;0.0000;0.0000;LWFF;0.0000
1020;h_0;4|2|1|6;2.7344;7.8125;7.0000;LWFF;33.7021
1030;h_5;;0.0000;0.0000;0.0000;LWFF;0.0000
1030;h_4;;0.0000;0.0000;0.0000;LWFF;0.0000
1030;h_3;3|5|0|7;2.7344;7.8125;7.0000;LWFF;34.0357
1030;h_2;;0.0000;0.0000;0.0000;LWFF;0.0000
1030;h_1;;0.0000;0.0000;0.0000;LWFF;0.0000
1030;h_0;4|2|1|6;2.7344;7.8125;7.0000;LWFF;34.0357
1040;h_5;;0.0000;0.0000;0.0000;LWFF;0.0000
1040;h_4;;0.0000;0.0000;0.0000;LWFF;0.0000
1040;h_3;3|5|0|7;2.7344;7.8125;7.0000;LWFF;34.3693
1040;h_2;;0.0000;0.0000;0.0000;LWFF;0.0000
1040;h_1;;0.0000;0.0000;0.0000;LWFF;0.0000
1040;h_0;4|2|1|6;2.7344;7.8125;7.0000;LWFF;34.3693
1050;h_5;;0.0000;0.0000;0.0000;LWFF;0.0000
1050;h_4;;0.0000;0.0000;0.0000;LWFF;0.0000
1050;h_3;3|5|0|7;2.7344;7.8125;7.0000;LWFF;34.7028
1050;h_2;;0.0000;0.0000;0.0000;LWFF;0.0000
1050;h_1;;0.0000;0.0000;0.0000;LWFF;0.0000
1050;h_0;4|2|1|6;2.7344;7.8125;7.0000;LWFF;34.7028
1060;h_5;;0.0000;0.0000;0.0000;LWFF;0.0000
1060;h_4;;0.0000;0.0000;0.0000;LWFF;0.0000
1060;h_3;3|5|0|7;2.7344;7.8125;7.0000;LWFF;35.0364
1060;h_2;;0.0000;0.0000;0.0000;LWFF;0.0000
1060;h_1;;0.0000;0.0000;0.0000;LWFF;0.0000
1060;h_0;4|2|1|6;2.7344;7.8125;7.0000;LWFF;35.0364
1070;h_5;;0.0000;0.0000;0.0000;LWFF;0.0000
1070;h_4;;0.0000;0.0000;0.0000;LWFF;0.0000
1070;h_3;3|5|0|7;2.7344;7.8125;7.0000;LWFF;35.3700
1070;h_2;;0.0000;0.0000;0.0000;LWFF;0.0000
1070;h_1;;0.0000;0.0000;0.0000;LWFF;0.0000
1070;h_0;4|2|1|6;2.7344;7.8125;7.0000;LWFF;35.3700
1080;h_5;;0.0000;0.0000;0.0000;LWFF;0.0000
1080;h_4;;0.0000;0.0000;0.0000;LWFF;0.0000
1080;h_3;3|5|0|7;2.7344;7.8125;7.0000;LWFF;35.7036
1080;h_2;;0.0000;0.0000;0.0000;LWFF;0.0000
1080;h_1;;0.0000;0.0000;0.0000;LWFF;0.0000
1080;h_0;4|2|1|6;2.7344;7.8125;7.0000;LWFF;35.7036
1090;h_5;;0.0000;0.0000;0.0000;LWFF;0.0000
1090;h_4;;0.0000;0.0000;0.0000;LWFF;0.0000
1090;h_3;3|5|0|7;2.7344;7.8125;7.0000;LWFF;36.0371
1090;h_2;;0.0000;0.0000;0.0000;LWFF;0.0000
1090;h_1;;0.0000;0.0000;0.0000;LWFF;0.0000
1090;h_0;4|2|1|6;2.7344;7.8125;7.0000;LWFF;36.0371
1100;h_5;;0.0000;0.0000;0.0000;LWFF;0.0000
1100;h_4;;0.0000;0.0000;0.0000;LWFF;0.0000
1100;h_3;3|5|0|7;2.7344;7.8125;7.0000;LWFF;36.3707
1100;h_2;;0.0000;0.0000;0.0000;LWFF;0.0000
1100;h_1;;0.0000;0.0000;0.0000;LWFF;0.0000
1100;h_0;4|2|1|6;2.7344;7.8125;7.0000;LWFF;36.3707
1110;h_5;;0.0000;0.0000;0.0000;LWFF;0.0000
1110;h_4;;0.0000;0.0000;0.0000;LWFF;0.0000
1110;h_3;3|5|0|7;2.7344;7.8125;7.0000;LWFF;36.7043
1110;h_2;;0.0000;0.0000;0.0000;LWFF;0.0000
1110;h_1;;0.0000;0.0000;0.0000;LWFF;0.0000
1110;h_0;4|2|1|6;2.7344;7.8125;7.0000;LWFF;36.7043
1120;h_5;;0.0000;0.0000;0.0000;LWFF;0.0000
1120;h_4;;0.0000;0.0000;0.0000;LWFF;0.0000
1120;h_3;3|5|0|7;2.7344;7.8125;7.0000;LWFF;37.0379
1120;h_2;;0.0000;0.0000;0.0000;LWFF;0.0000
1120;h_1;;0.0000;0.0000;0.0000;LWFF;0.0000
1120;h_0;4|2|1|6;2.7344;7.8125;7.0000;LWFF;37.0379
1130;h_5;;0.0000;0.0000;0.0000;LWFF;0.0000
1130;h_4;;0.0000;0.0000;0.0000;LWFF;0.0000
1130;h_3;3|5|0|7;2.7344;7.8125;7.0000;LWFF;37.3715
1130;h_2;;0.0000;0.0000;0.0000;LWFF;0.0000
1130;h_1;;0.0000;0.0000;0.0000;LWFF;0.0000
1130;h_0;4|2|1|6;2.7344;7.8125;7.0000;LWFF;37.3715
1140;h_5;;0.0000;0.0000;0.0000;LWFF;0.0000
1140;h_4;;0.0000;0.0000;0.0000;LWFF;0.0000
1140;h_3;3|5|0|7;2.7344;7.8125;7.0000;LWFF;37.7050
1140;h_2;;0.0000;0.0000;0.0000;LWFF;0.0000
1140;h_1;;0.0000;0.0000;0.0000;LWFF;0.0000
1140;h_0;4|2|1|6;2.7344;7.8125;7.0000;LWFF;37.7050
1150;h_5;;0.0000;0.0000;0.0000;LWFF;0.0000
1150;h_4;;0.0000;0.0000;0.0000;LWFF;0.0000
1150;h_3;3|5|0|7;2.7344;7.8125;7.0000;LWFF;38.0386
1150;h_2;;0.0000;0.0000;0.0000;LWFF;0.0000
1150;h_1;;0.0000;0.0000;0.0000;LWFF;0.0000
1150;h_0;4|2|1|6;2.7344;7.8125;7.0000;LWFF;38.0386
1160;h_5;;0.0000;0.0000;0.0000;LWFF;0.0000
1160;h_4;;0.0000;0.0000;0.0000;LWFF;0.0000
1160;h_3;3|5|0|7;2.7344;7.8125;7.0000;LWFF;38.3722
1160;h_2;;0.0000;0.0000;0.0000;LWFF;0.0000
1160;h_1;;0.0000;0.0000;0.0000;LWFF;0.0000
1160;h_0;4|2|1|6;2.7344;7.8125;7.0000;LWFF;38.3722
1170;h_5;;0.0000;0.0000;0.0000;LWFF;0.0000
1170;h_4;;0.0000;0.0000;0.0000;LWFF;0.0000
1170;h_3;3|5|0|7;2.7344;7.8125;7.0000;LWFF;38.7058
1170;h_2;;0.0000;0.0000;0.0000;LWFF;0.0000
1170;h_1;;0.0000;0.0000;0.0000;LWFF;0.0000
1170;h_0;4|2|1|6;2.7344;7.8125;7.0000;LWFF;38.7058
1180;h_5;;0.0000;0.0000;0.0000;LWFF;0.0000
1180;h_4;;0.0000;0.0000;0.0000;LWFF;0.0000
1180;h_3;3|5|0|7;2.7344;7.8125;7.0000;LWFF;39.0394
1180;h_2;;0.0000;0.0000;0.0000;LWFF;0.0000
1180;h_1;;0.0000;0.0000;0.0000;LWFF;0.0000
1180;h_0;4|2|1|6;2.7344;7.8125;7.0000;LWFF;39.0394
1190;h_5;;0.0000;0.0000;0.0000;LWFF;0.0000
1190;h_4;;0.0000;0.0000;0.0000;LWFF;0.0000
1190;h_3;3|5|0|7;2.7344;7.8125;7.0000;LWFF;39.3729
1190;h_2;;0.0000;0.0000;0.0000;LWFF;0.0000
1190;h_1;;0.0000;0.0000;0.0000;LWFF;0.0000
1190;h_0;4|2|1|6;2.7344;7.8125;7.0000;LWFF;39.3729
1200;h_5;;0.0000;0.0000;0.0000;LWFF;0.0000
1200;h_4;;0.0000;0.0000;0.0000;LWFF;0.0000
1200;h_3;3|5|0|7;2.7344;7.8125;7.0000;LWFF;39.7065
1200;h_2;;0.0000;0.0000;0.0000;LWFF;0.0000
1200;h_1;;0.0000;0.0000;0.0000;LWFF;0.0000
1200;h_0;4|2|1|6;2.7344;7.8125;7.0000;LWFF;39.7065
1210;h_5;;0.0000;0.0000;0.0000;LWFF;0.0000
1210;h_4;;0.0000;0.0000;0.0000;LWFF;0.0000
1210;h_3;3|5|0|7;2.7344;7.8125;7.0000;LWFF;40.0401
1210;h_2;;0.0000;0.0000;0.0000;LWFF;0.0000
1210;h_1;;0.0000;0.0000;0.0000;LWFF;0.0000
1210;h_0;4|2|1|6;2.7344;7.8125;7.0000;LWFF;40.0401
1220;h_5;;0.0000;0.0000;0.0000;LWFF;0.0000
1220;h_4;;0.0000;0.0000;0.0000;LWFF;0.0000
1220;h_3;3|5|0|7;2.7344;7.8125;7.0000;LWFF;40.3737
1220;h_2;;0.0000;0.0000;0.0000;LWFF;0.0000
1220;h_1;;0.0000;0.0000;0.0000;LWFF;0.0000
1220;h_0;4|2|1|6;2.7344;7.8125;7.0000;LWFF;40.3737
1230;h_5;;0.0000;0.0000;0.0000;LWFF;0.0000
1230;h_4;;0.0000;0.0000;0.0000;LWFF;0.0000
1230;h_3;3|5|0|7;2.7344;7.8125;7.0000;LWFF;40.7072
1230;h_2;;0.0000;0.0000;0.0000;LWFF;0.0000
1230;h_1;;0.0000;0.0000;0.0000;LWFF;0.0000
1230;h_0;4|2|1|6;2.7344;7.8125;7.0000;LWFF;40.7072
1240;h_5;;0.0000;0.0000;0.0000;LWFF;0.0000
1240;h_4;;0.0000;0.0000;0.0000;LWFF;0.0000
1240;h_3;3|5|0|7;2.7344;7.8125;7.0000;LWFF;41.0408
1240;h_2;;0.0000;0.0000;0.0000;LWFF;0.0000
1240;h_1;;0.0000;0.0000;0.0000;LWFF;0.0000
1240;h_0;4|2|1|6;2.7344;7.8125;7.0000;LWFF;41.0408
1250;h_5;;0.0000;0.0000;0.0000;LWFF;0.0000
1250;h_4;;0.0000;0.0000;0.0000;LWFF;0.0000
1250;h_3;3|5|0|7;2.7344;7.8125;7.0000;LWFF;41.3744
1250;h_2;;0.0000;0.0000;0.0000;LWFF;0.0000
1250;h_1;;0.0000;0.0000;0.0000;LWFF;0.0000
1250;h_0;4|2|1|6;2.7344;7.8125;7.0000;LWFF;41.3744
1260;h_5;;0.0000;0.0000;0.0000;LWFF;0.0000
1260;h_4;;0.0000;0.0000;0.0000;LWFF;0.0000
1260;h_3;3|5|0|7;2.7344;7.8125;7.0000;LWFF;41.7080
1260;h_2;;0.0000;0.0000;0.0000;LWFF;0.0000
1260;h_1;;0.0000;0.0000;0.0000;LWFF;0.0000
1260;h_0;4|2|1|6;2.7344;7.8125;7.0000;LWFF;41.7080
1270;h_5;;0.0000;0.0000;0.0000;LWFF;0.0000
1270;h_4;;0.0000;0.0000;0.0000;LWFF;0.0000
1270;h_3;3|5|0|7;2.7344;7.8125;7.0000;LWFF;42.0416
1270;h_2;;0.0000;0.0000;0.0000;LWFF;0.0000
1270;h_1;;0.0000;0.0000;0.0000;LWFF;0.0000
1270;h_0;4|2|1|6;2.7344;7.8125;7.0000;LWFF;42.0416
1280;h_5;;0.0000;0.0000;0.0000;LWFF;0.0000
1280;h_4;;0.0000;0.0000;0.0000;LWFF;0.0000
1280;h_3;3|5|0|7;2.7344;7.8125;7.0000;LWFF;42.3751
1280;h_2;;0.0000;0.0000;0.0000;LWFF;0.0000
1280;h_1;;0.0000;0.0000;0.0000;LWFF;0.0000
1280;h_0;4|2|1|6;2.7344;7.8125;7.0000;LWFF;42.3751
1290;h_5;;0.0000;0.0000;0.0000;LWFF;0.0000
1290;h_4;;0.0000;0.0000;0.0000;LWFF;0.0000
1290;h_3;3|5|0|7;2.7344;7.8125;7.0000;LWFF;42.7087
1290;h_2;;0.0000;0.0000;0.0000;LWFF;0.0000
1290;h_1;;0.0000;0.0000;0.0000;LWFF;0.0000
1290;h_0;4|2|1|6;2.7344;7.8125;7.0000;LWFF;42.7087
1300;h_5;;0.0000;0.0000;0.0000;LWFF;0.0000
1300;h_4;;0.0000;0.0000;0.0000;LWFF;0.0000
1300;h_3;3|5|0|7;2.7344;7.8125;7.0000;LWFF;43.0423
1300;h_2;;0.0000;0.0000;0.0000;LWFF;0.0000
1300;h_1;;0.0000;0.0000;0.0000;LWFF;0.0000
1300;h_0;4|2|1|6;2.7344;7.8125;7.0000;LWFF;43.0423
1310;h_5;;0.0000;0.0000;0.0000;LWFF;0.0000
1310;h_4;;0.0000;0.0000;0.0000;LWFF;0.0000
1310;h_3;3|5|0|7;2.7344;7.8125;7.0000;LWFF;43.3759
1310;h_2;;0.0000;0.0000;0.0000;LWFF;0.0000
1310;h_1;;0.0000;0.0000;0.0000;LWFF;0.0000
1310;h_0;4|2|1|6;2.7344;7.8125;7.0000;LWFF;43.3759
1320;h_5;;0.0000;0.0000;0.0000;LWFF;0.0000
1320;h_4;;0.0000;0.0000;0.0000;LWFF;0.0000
1320;h_3;3|5|0|7;2.7344;7.8125;7.0000;LWFF;43.7094
1320;h_2;;0.0000;0.0000;0.0000;LWFF;0.0000
1320;h_1;;0.0000;0.0000;0.0000;LWFF;0.0000
1320;h_0;4|2|1|6;2.7344;7.8125;7.0000;LWFF;43.7094
1330;h_5;;0.0000;0.0000;0.0000;LWFF;0.0000
1330;h_4;;0.0000;0.0000;0.0000;LWFF;0.0000
1330;h_3;3|5|0|7;2.7344;7.8125;7.0000;LWFF;44.0430
1330;h_2;;0.0000;0.0000;0.0000;LWFF;0.0000
1330;h_1;;0.0000;0.0000;0.0000;LWFF;0.0000
1330;h_0;4|2|1|6;2.7344;7.8125;7.0000;LWFF;44.0430
1340;h_5;;0.0000;0.0000;0.0000;LWFF;0.0000
1340;h_4;;0.0000;0.0000;0.0000;LWFF;0.0000
1340;h_3;3|5|0|7;2.7344;7.8125;7.0000;LWFF;44.3766
1340;h_2;;0.0000;0.0000;0.0000;LWFF;0.0000
1340;h_1;;0.0000;0.0000;0.0000;LWFF;0.0000
1340;h_0;4|2|1|6;2.7344;7.8125;7.0000;LWFF;44.3766
1350;h_5;;0.0000;0.0000;0.0000;LWFF;0.0000
1350;h_4;;0.0000;0.0000;0.0000;LWFF;0.0000
1350;h_3;3|5|0|7;2.7344;7.8125;7.0000;LWFF;44.7102
1350;h_2;;0.0000;0.0000;0.0000;LWFF;0.0000
1350;h_1;;0.0000;0.0000;0.0000;LWFF;0.0000
1350;h_0;4|2|1|6;2.7344;7.8125;7.0000;LWFF;44.7102
1360;h_5;;0.0000;0.0000;0.0000;LWFF;0.0000
1360;h_4;;0.0000;0.0000;0.0000;LWFF;0.0000
1360;h_3;3|5|0|7;2.7344;7.8125;7.0000;LWFF;45.0438
1360;h_2;;0.0000;0.0000;0.0000;LWFF;0.0000
1360;h_1;;0.0000;0.0000;0.0000;LWFF;0.0000
1360;h_0;4|2|1|6;2.7344;7.8125;7.0000;LWFF;45.0438
1370;h_5;;0.0000;0.0000;0.0000;LWFF;0.0000
1370;h_4;;0.0000;0.0000;0.0000;LWFF;0.0000
1370;h_3;3|5|0|7;2.7344;7.8125;7.0000;LWFF;45.3773
1370;h_2;;0.0000;0.0000;0.0000;LWFF;0.0000
1370;h_1;;0.0000;0.0000;0.0000;LWFF;0.0000
1370;h_0;4|2|1|6;2.7344;7.8125;7.0000;LWFF;45.3773
1380;h_5;;0.0000;0.0000;0.0000;LWFF;0.0000
1380;h_4;;0.0000;0.0000;0.0000;LWFF;0.0000
1380;h_3;3|5|0|7;2.7344;7.8125;7.0000;LWFF;45.7109
1380;h_2;;0.0000;0.0000;0.0000;LWFF;0.0000
1380;h_1;;0.0000;0.0000;0.0000;LWFF;0.0000
1380;h_0;4|2|1|6;2.7344;7.8125;7.0000;LWFF;45.7109
1390;h_5;;0.0000;0.0000;0.0000;LWFF;0.0000
1390;h_4;;0.0000;0.0000;0.0000;LWFF;0.0000
1390;h_3;3|5|0|7;2.7344;7.8125;7.0000;LWFF;46.0445
1390;h_2;;0.0000;0.0000;0.0000;LWFF;0.0000
1390;h_1;;0.0000;0.0000;0.0000;LWFF;0.0000
1390;h_0;4|2|1|6;2.7344;7.8125;7.0000;LWFF;46.0445
1400;h_5;;0.0000;0.0000;0.0000;LWFF;0.0000
1400;h_4;;0.0000;0.0000;0.0000;LWFF;0.0000
1400;h_3;3|5|0|7;2.7344;7.8125;7.0000;LWFF;46.3781
1400;h_2;;0.0000;0.0000;0.0000;LWFF;0.0000
1400;h_1;;0.0000;0.0000;0.0000;LWFF;0.0000
1400;h_0;4|2|1|6;2.7344;7.8125;7.0000;LWFF;46.3781
1410;h_5;;0.0000;0.0000;0.0000;LWFF;0.0000
1410;h_4;;0.0000;0.0000;0.0000;LWFF;0.0000
1410;h_3;3|5|0|7;2.7344;7.8125;7.0000;LWFF;46.7117
1410;h_2;;0.0000;0.0000;0.0000;LWFF;0.0000
1410;h_1;;0.0000;0.0000;0.0000;LWFF;0.0000
1410;h_0;4|2|1|6;2.7344;7.8125;7.0000;LWFF;46.7117
1420;h_5;;0.0000;0.0000;0.0000;LWFF;0.0000
1420;h_4;;0.0000;0.0000;0.0000;LWFF;0.0000
1420;h_3;3|5|0|7;2.7344;7.8125;7.0000;LWFF;47.0452
1420;h_2;;0.0000;0.0000;0.0000;LWFF;0.0000
1420;h_1;;0.0000;0.0000;0.0000;LWFF;0.0000
1420;h_0;4|2|1|6;2.7344;7.8125;7.0000;LWFF;47.0452
1430;h_5;;0.0000;0.0000;0.0000;LWFF;0.0000
1430;h_4;;0.0000;0.0000;0.0000;LWFF;0.0000
1430;h_3;3|5|0|7;2.7344;7.8125;7.0000;LWFF;47.3788
1430;h_2;;0.0000;0.0000;0.0000;LWFF;0.0000
1430;h_1;;0.0000;0.0000;0.0000;LWFF;0.0000
1430;h_0;4|2|1|6;2.7344;7.8125;7.0000;LWFF;47.3788
1440;h_5;;0.0000;0.0000;0.0000;LWFF;0.0000
1440;h_4;;0.0000;0.0000;0.0000;LWFF;0.0000
1440;h_3;3|5|0|7;2.7344;7.8125;7.0000;LWFF;47.7124
1440;h_2;;0.0000;0.0000;0.0000;LWFF;0.0000
1440;h_1;;0.0000;0.0000;0.0000;LWFF;0.0000
1440;h_0;4|2|1|6;2.7344;7.8125;7.0000;LWFF;47.7124
1450;h_5;;0.0000;0.0000;0.0000;LWFF;0.0000
1450;h_4;;0.0000;0.0000;0.0000;LWFF;0.0000
1450;h_3;3|5|0|7;2.7344;7.8125;7.0000;LWFF;48.0460
1450;h_2;;0.0000;0.0000;0.0000;LWFF;0.0000
1450;h_1;;0.0000;0.0000;0.0000;LWFF;0.0000
1450;h_0;4|2|1|6;2.7344;7.8125;7.0000;LWFF;48.0460
1460;h_5;;0.0000;0.0000;0.0000;LWFF;0.0000
1460;h_4;;0.0000;0.0000;0.0000;LWFF;0.0000
1460;h_3;3|5|0|7;2.7344;7.8125;7.0000;LWFF;48.3795
1460;h_2;;0.0000;0.0000;0.0000;LWFF;0.0000
1460;h_1;;0.0000;0.0000;0.0000;LWFF;0.0000
1460;h_0;4|2|1|6;2.7344;7.8125;7.0000;LWFF;48.3795
1470;h_5;;0.0000;0.0000;0.0000;LWFF;0.0000
1470;h_4;;0.0000;0.0000;0.0000;LWFF;0.0000
1470;h_3;3|5|0|7;2.7344;7.8125;7.0000;LWFF;48.7131
1470;h_2;;0.0000;0.0000;0.0000;LWFF;0.0000
1470;h_1;;0.0000;0.0000;0.0000;LWFF;0.0000
1470;h_0;4|2|1|6;2.7344;7.8125;7.0000;LWFF;48.7131
1480;h_5;;0.0000;0.0000;0.0000;LWFF;0.0000
1480;h_4;;0.0000;0.0000;0.0000;LWFF;0.0000
1480;h_3;3|5|0|7;2.7344;7.8125;7.0000;LWFF;49.0467
1480;h_2;;0.0000;0.0000;0.0000;LWFF;0.0000
1480;h_1;;0.0000;0.0000;0.0000;LWFF;0.0000
1480;h_0;4|2|1|6;2.7344;7.8125;7.0000;LWFF;49.0467
1490;h_5;;0.0000;0.0000;0.0000;LWFF;0.0000
1490;h_4;;0.0000;0.0000;0.0000;LWFF;0.0000
1490;h_3;3|5|0|7;2.7344;7.8125;7.0000;LWFF;49.3803
1490;h_2;;0.0000;0.0000;0.0000;LWFF;0.0000
1490;h_1;;0.0000;0.0000;0.0000;LWFF;0.0000
1490;h_0;4|2|1|6;2.7344;7.8125;7.0000;LWFF;49.3803
1500;h_5;;0.0000;0.0000;0.0000;LWFF;0.0000
1500;h_4;;0.0000;0.0000;0.0000;LWFF;0.0000
1500;h_3;3|5|0|7;2.7344;7.8125;7.0000;LWFF;49.7139
1500;h_2;;0.0000;0.0000;0.0000;LWFF;0.0000
1500;h_1;;0.0000;0.0000;0.0000;LWFF;0.0000
1500;h_0;4|2|1|6;2.7344;7.8125;7.0000;LWFF;49.7139
1510;h_5;;0.0000;0.0000;0.0000;LWFF;0.0000
1510;h_4;;0.0000;0.0000;0.0000;LWFF;0.0000
1510;h_3;3|5|0|7;2.7344;7.8125;7.0000;LWFF;50.0474
1510;h_2;;0.0000;0.0000;0.0000;LWFF;0.0000
1510;h_1;;0.0000;0.0000;0.0000;LWFF;0.0000
1510;h_0;4|2|1|6;2.7344;7.8125;7.0000;LWFF;50.0474
1520;h_5;;0.0000;0.0000;0.0000;LWFF;0.0000
1520;h_4;;0.0000;0.0000;0.0000;LWFF;0.0000
1520;h_3;3|5|0|7;2.7344;7.8125;7.0000;LWFF;50.3810
1520;h_2;;0.0000;0.0000;0.0000;LWFF;0.0000
1520;h_1;;0.0000;0.0000;0.0000;LWFF;0.0000
1520;h_0;4|2|1|6;2.7344;7.8125;7.0000;LWFF;50.3810
1530;h_5;;0.0000;0.0000;0.0000;LWFF;0.0000
1530;h_4;;0.0000;0.0000;0.0000;LWFF;0.0000
1530;h_3;3|5|0|7;2.7344;7.8125;7.0000;LWFF;50.7146
1530;h_2;;0.0000;0.0000;0.0000;LWFF;0.0000
1530;h_1;;0.0000;0.0000;0.0000;LWFF;0.0000
1530;h_0;4|2|1|6;2.7344;7.8125;7.0000;LWFF;50.7146
1540;h_5;;0.0000;0.0000;0.0000;LWFF;0.0000
1540;h_4;;0.0000;0.0000;0.0000;LWFF;0.0000
1540;h_3;3|5|0|7;2.7344;7.8125;7.0000;LWFF;51.0482
1540;h_2;;0.0000;0.0000;0.0000;LWFF;0.0000
1540;h_1;;0.0000;0.0000;0.0000;LWFF;0.0000
1540;h_0;4|2|1|6;2.7344;7.8125;7.0000;LWFF;51.0482
1550;h_5;;0.0000;0.0000;0.0000;LWFF;0.0000
1550;h_4;;0.0000;0.0000;0.0000;LWFF;0.0000
1550;h_3;3|5|0|7;2.7344;7.8125;7.0000;LWFF;51.3817
1550;h_2;;0.0000;0.0000;0.0000;LWFF;0.0000
1550;h_1;;0.0000;0.0000;0.0000;LWFF;0.0000
1550;h_0;4|2|1|6;2.7344;7.8125;7.0000;LWFF;51.3817
1560;h_5;;0.0000;0.0000;0.0000;LWFF;0.0000
1560;h_4;;0.0000;0.0000;0.0000;LWFF;0.0000
1560;h_3;3|5|0|7;2.7344;7.8125;7.0000;LWFF;51.7153
1560;h_2;;0.0000;0.0000;0.0000;LWFF;0.0000
1560;h_1;;0.0000;0.0000;0.0000;LWFF;0.0000
1560;h_0;4|2|1|6;2.7344;7.8125;7.0000;LWFF;51.7153
1570;h_5;;0.0000;0.0000;0.0000;LWFF;0.0000
1570;h_4;;0.0000;0.0000;0.0000;LWFF;0.0000
1570;h_3;3|5|0|7;2.7344;7.8125;7.0000;LWFF;52.0489
1570;h_2;;0.0000;0.0000;0.0000;LWFF;0.0000
1570;h_1;;0.0000;0.0000;0.0000;LWFF;0.0000
1570;h_0;4|2|1|6;2.7344;7.8125;7.0000;LWFF;52.0489
1580;h_5;;0.0000;0.0000;0.0000;LWFF;0.0000
1580;h_4;;0.0000;0.0000;0.0000;LWFF;0.0000
1580;h_3;3|5|0|7;2.7344;7.8125;7.0000;LWFF;52.3825
1580;h_2;;0.0000;0.0000;0.0000;LWFF;0.0000
1580;h_1;;0.0000;0.0000;0.0000;LWFF;0.0000
1580;h_0;4|2|1|6;2.7344;7.8125;7.0000;LWFF;52.3825
1590;h_5;;0.0000;0.0000;0.0000;LWFF;0.0000
1590;h_4;;0.0000;0.0000;0.0000;LWFF;0.0000
1590;h_3;3|5|0|7;2.7344;7.8125;7.0000;LWFF;52.7161
1590;h_2;;0.0000;0.0000;0.0000;LWFF;0.0000
1590;h_1;;0.0000;0.0000;0.0000;LWFF;0.0000
1590;h_0;4|2|1|6;2.7344;7.8125;7.0000;LWFF;52.7161
1600;h_5;;0.0000;0.0000;0.0000;LWFF;0.0000
1600;h_4;;0.0000;0.0000;0.0000;LWFF;0.0000
1600;h_3;3|5|0|7;2.7344;7.8125;7.0000;LWFF;53.0496
1600;h_2;;0.0000;0.0000;0.0000;LWFF;0.0000
1600;h_1;;0.0000;0.0000;0.0000;LWFF;0.0000
1600;h_0;4|2|1|6;2.7344;7.8125;7.0000;LWFF;53.0496
1610;h_5;;0.0000;0.0000;0.0000;LWFF;0.0000
1610;h_4;;0.0000;0.0000;0.0000;LWFF;0.0000
1610;h_3;3|5|0|7;2.7344;7.8125;7.0000;LWFF;53.3832
1610;h_2;;0.0000;0.0000;0.0000;LWFF;0.0000
1610;h_1;;0.0000;0.0000;0.0000;LWFF;0.0000
1610;h_0;4|2|1|6;2.7344;7.8125;7.0000;LWFF;53.3832
1620;h_5;;0.0000;0.0000;0.0000;LWFF;0.0000
1620;h_4;;0.0000;0.0000;0.0000;LWFF;0.0000
1620;h_3;3|5|0|7;2.7344;7.8125;7.0000;LWFF;53.7168
1620;h_2;;0.0000;0.0000;0.0000;LWFF;0.0000
1620;h_1;;0.0000;0.0000;0.0000;LWFF;0.0000
1620;h_0;4|2|1|6;2.7344;7.8125;7.0000;LWFF;53.7168
1630;h_5;;0.0000;0.0000;0.0000;LWFF;0.0000
1630;h_4;;0.0000;0.0000;0.0000;LWFF;0.0000
1630;h_3;3|5|0|7;2.7344;7.8125;7.0000;LWFF;54.0504
1630;h_2;;0.0000;0.0000;0.0000;LWFF;0.0000
1630;h_1;;0.0000;0.0000;0.0000;LWFF;0.0000
1630;h_0;4|2|1|6;2.7344;7.8125;7.0000;LWFF;54.0504
1640;h_5;;0.0000;0.0000;0.0000;LWFF;0.0000
1640;h_4;;0.0000;0.0000;0.0000;LWFF;0.0000
1640;h_3;3|5|0|7;2.7344;7.8125;7.0000;LWFF;54.3840
1640;h_2;;0.0000;0.0000;0.0000;LWFF;0.0000
1640;h_1;;0.0000;0.0000;0.0000;LWFF;0.0000
1640;h_0;4|2|1|6;2.7344;7.8125;7.0000;LWFF;54.3840
1650;h_5;;0.0000;0.0000;0.0000;LWFF;0.0000
1650;h_4;;0.0000;0.0000;0.0000;LWFF;0.0000
1650;h_3;3|5|0|7;2.7344;7.8125;7.0000;LWFF;54.7175
1650;h_2;;0.0000;0.0000;0.0000;LWFF;0.0000
1650;h_1;;0.0000;0.0000;0.0000;LWFF;0.0000
1650;h_0;4|2|1|6;2.7344;7.8125;7.0000;LWFF;54.7175
1660;h_5;;0.0000;0.0000;0.0000;LWFF;0.0000
1660;h_4;;0.0000;0.0000;0.0000;LWFF;0.0000
1660;h_3;3|5|0|7;2.7344;7.8125;7.0000;LWFF;55.0511
1660;h_2;;0.0000;0.0000;0.0000;LWFF;0.0000
1660;h_1;;0.0000;0.0000;0.0000;LWFF;0.0000
1660;h_0;4|2|1|6;2.7344;7.8125;7.0000;LWFF;55.0511
1670;h_5;;0.0000;0.0000;0.0000;LWFF;0.0000
1670;h_4;;0.0000;0.0000;0.0000;LWFF;0.0000
1670;h_3;3|5|0|7;2.7344;7.8125;7.0000;LWFF;55.3847
1670;h_2;;0.0000;0.0000;0.0000;LWFF;0.0000
1670;h_1;;0.0000;0.0000;0.0000;LWFF;0.0000
1670;h_0;4|2|1|6;2.7344;7.8125;7.0000;LWFF;55.3847
1680;h_5;;0.0000;0.0000;0.0000;LWFF;0.0000
1680;h_4;;0.0000;0.0000;0.0000;LWFF;0.0000
1680;h_3;3|5|0|7;2.7344;7.8125;7.0000;LWFF;55.7183
1680;h_2;;0.0000;0.0000;0.0000;LWFF;0.0000
1680;h_1;;0.0000;0.0000;0.0000;LWFF;0.0000
1680;h_0;4|2|1|6;2.7344;7.8125;7.0000;LWFF;55.7183
1690;h_5;;0.0000;0.0000;0.0000;LWFF;0.0000
1690;h_4;;0.0000;0.0000;0.0000;LWFF;0.0000
1690;h_3;3|5|0|7;2.7344;7.8125;7.0000;LWFF;56.0518
1690;h_2;;0.0000;0.0000;0.0000;LWFF;0.0000
1690;h_1;;0.0000;0.0000;0.0000;LWFF;0.0000
1690;h_0;4|2|1|6;2.7344;7.8125;7.0000;LWFF;56.0518
1700;h_5;;0.0000;0.0000;0.0000;LWFF;0.0000
1700;h_4;;0.0000;0.0000;0.0000;LWFF;0.0000
1700;h_3;3|5|0|7;2.7344;7.8125;7.0000;LWFF;56.3854
1700;h_2;;0.0000;0.0000;0.0000;LWFF;0.0000
1700;h_1;;0.0000;0.0000;0.0000;LWFF;0.0000
1700;h_0;4|2|1|6;2.7344;7.8125;7.0000;LWFF;56.3854
1710;h_5;;0.0000;0.0000;0.0000;LWFF;0.0000
1710;h_4;;0.0000;0.0000;0.0000;LWFF;0.0000
1710;h_3;3|5|0|7;2.7344;7.8125;7.0000;LWFF;56.7190
1710;h_2;;0.0000;0.0000;0.0000;LWFF;0.0000
1710;h_1;;0.0000;0.0000;0.0000;LWFF;0.0000
1710;h_0;4|2|1|6;2.7344;7.8125;7.0000;LWFF;56.7190
1720;h_5;;0.0000;0.0000;0.0000;LWFF;0.0000
1720;h_4;;0.0000;0.0000;0.0000;LWFF;0.0000
1720;h_3;3|5|0|7;2.7344;7.8125;7.0000;LWFF;57.0526
1720;h_2;;0.0000;0.0000;0.0000;LWFF;0.0000
1720;h_1;;0.0000;0.0000;0.0000;LWFF;0.0000
1720;h_0;4|2|1|6;2.7344;7.8125;7.0000;LWFF;57.0526
1730;h_5;;0.0000;0.0000;0.0000;LWFF;0.0000
1730;h_4;;0.0000;0.0000;0.0000;LWFF;0.0000
1730;h_3;3|5|0|7;2.7344;7.8125;7.0000;LWFF;57.3862
1730;h_2;;0.0000;0.0000;0.0000;LWFF;0.0000
1730;h_1;;0.0000;0.0000;0.0000;LWFF;0.0000
1730;h_0;4|2|1|6;2.7344;7.8125;7.0000;LWFF;57.3862
1740;h_5;;0.0000;0.0000;0.0000;LWFF;0.0000
1740;h_4;;0.0000;0.0000;0.0000;LWFF;0.0000
1740;h_3;3|5|0|7;2.7344;7.8125;7.0000;LWFF;57.7197
1740;h_2;;0.0000;0.0000;0.0000;LWFF;0.0000
1740;h_1;;0.0000;0.0000;0.0000;LWFF;0.0000
1740;h_0;4|2|1|6;2.7344;7.8125;7.0000;LWFF;57.7197
1750;h_5;;0.0000;0.0000;0.0000;LWFF;0.0000
1750;h_4;;0.0000;0.0000;0.0000;LWFF;0.0000
1750;h_3;3|5|0|7;2.7344;7.8125;7.0000;LWFF;58.0533
1750;h_2;;0.0000;0.0000;0.0000;LWFF;0.0000
1750;h_1;;0.0000;0.0000;0.0000;LWFF;0.0000
1750;h_0;4|2|1|6;2.7344;7.8125;7.0000;LWFF;58.0533
1760;h_5;;0.0000;0.0000;0.0000;LWFF;0.0000
1760;h_4;;0.0000;0.0000;0.0000;LWFF;0.0000
1760;h_3;3|5|0|7;2.7344;7.8125;7.0000;LWFF;58.3869
1760;h_2;;0.0000;0.0000;0.0000;LWFF;0.0000
1760;h_1;;0.0000;0.0000;0.0000;LWFF;0.0000
1760;h_0;4|2|1|6;2.7344;7.8125;7.0000;LWFF;58.3869
1770;h_5;;0.0000;0.0000;0.0000;LWFF;0.0000
1770;h_4;;0.0000;0.0000;0.0000;LWFF;0.0000
1770;h_3;3|5|0|7;2.7344;7.8125;7.0000;LWFF;58.7205
1770;h_2;;0.0000;0.0000;0.0000;LWFF;0.0000
1770;h_1;;0.0000;0.0000;0.0000;LWFF;0.0000
1770;h_0;4|2|1|6;2.7344;7.8125;7.0000;LWFF;58.7205
1780;h_5;;0.0000;0.0000;0.0000;LWFF;0.0000
1780;h_4;;0.0000;0.0000;0.0000;LWFF;0.0000
1780;h_3;3|5|0|7;2.7344;7.8125;7.0000;LWFF;59.0540
1780;h_2;;0.0000;0.0000;0.0000;LWFF;0.0000
1780;h_1;;0.0000;0.0000;0.0000;LWFF;0.0000
1780;h_0;4|2|1|6;2.7344;7.8125;7.0000;LWFF;59.0540
1790;h_5;;0.0000;0.0000;0.0000;LWFF;0.0000
1790;h_4;;0.0000;0.0000;0.0000;LWFF;0.0000
1790;h_3;3|5|0|7;2.7344;7.8125;7.0000;LWFF;59.3876
1790;h_2;;0.0000;0.0000;0.0000;LWFF;0.0000
1790;h_1;;0.0000;0.0000;0.0000;LWFF;0.0000
1790;h_0;4|2|1|6;2.7344;7.8125;7.0000;LWFF;59.3876
1800;h_5;;0.0000;0.0000;0.0000;LWFF;0.0000
1800;h_4;;0.0000;0.0000;0.0000;LWFF;0.0000
1800;h_3;3|5|0|7;2.7344;7.8125;7.0000;LWFF;59.7212
1800;h_2;;0.0000;0.0000;0.0000;LWFF;0.0000
1800;h_1;;0.0000;0.0000;0.0000;LWFF;0.0000
1800;h_0;4|2|1|6;2.7344;7.8125;7.0000;LWFF;59.7212
1810;h_5;;0.0000;0.0000;0.0000;LWFF;0.0000
1810;h_4;;0.0000;0.0000;0.0000;LWFF;0.0000
1810;h_3;3|5|0|7;2.7344;7.8125;7.0000;LWFF;60.0548
1810;h_2;;0.0000;0.0000;0.0000;LWFF;0.0000
1810;h_1;;0.0000;0.0000;0.0000;LWFF;0.0000
1810;h_0;4|2|1|6;2.7344;7.8125;7.0000;LWFF;60.0548
1820;h_5;;0.0000;0.0000;0.0000;LWFF;0.0000
1820;h_4;;0.0000;0.0000;0.0000;LWFF;0.0000
1820;h_3;3|5|0|7;2.7344;7.8125;7.0000;LWFF;60.3884
1820;h_2;;0.0000;0.0000;0.0000;LWFF;0.0000
1820;h_1;;0.0000;0.0000;0.0000;LWFF;0.0000
1820;h_0;4|2|1|6;2.7344;7.8125;7.0000;LWFF;60.3884
1830;h_5;;0.0000;0.0000;0.0000;LWFF;0.0000
1830;h_4;;0.0000;0.0000;0.0000;LWFF;0.0000
1830;h_3;3|5|0|7;2.7344;7.8125;7.0000;LWFF;60.7219
1830;h_2;;0.0000;0.0000;0.0000;LWFF;0.0000
1830;h_1;;0.0000;0.0000;0.0000;LWFF;0.0000
1830;h_0;4|2|1|6;2.7344;7.8125;7.0000;LWFF;60.7219
1840;h_5;;0.0000;0.0000;0.0000;LWFF;0.0000
1840;h_4;;0.0000;0.0000;0.0000;LWFF;0.0000
1840;h_3;3|5|0|7;2.7344;7.8125;7.0000;LWFF;61.0555
1840;h_2;;0.0000;0.0000;0.0000;LWFF;0.0000
1840;h_1;;0.0000;0.0000;0.0000;LWFF;0.0000
1840;h_0;4|2|1|6;2.7344;7.8125;7.0000;LWFF;61.0555
1850;h_5;;0.0000;0.0000;0.0000;LWFF;0.0000
1850;h_4;;0.0000;0.0000;0.0000;LWFF;0.0000
1850;h_3;3|5|0|7;2.7344;7.8125;7.0000;LWFF;61.3891
1850;h_2;;0.0000;0.0000;0.0000;LWFF;0.0000
1850;h_1;;0.0000;0.0000;0.0000;LWFF;0.0000
1850;h_0;4|2|1|6;2.7344;7.8125;7.0000;LWFF;61.3891
1860;h_5;;0.0000;0.0000;0.0000;LWFF;0.0000
1860;h_4;;0.0000;0.0000;0.0000;LWFF;0.0000
1860;h_3;3|5|0|7;2.7344;7.8125;7.0000;LWFF;61.7227
1860;h_2;;0.0000;0.0000;0.0000;LWFF;0.0000
1860;h_1;;0.0000;0.0000;0.0000;LWFF;0.0000
1860;h_0;4|2|1|6;2.7344;7.8125;7.0000;LWFF;61.7227
1870;h_5;;0.0000;0.0000;0.0000;LWFF;0.0000
1870;h_4;;0.0000;0.0000;0.0000;LWFF;0.0000
1870;h_3;3|5|0|7;2.7344;7.8125;7.0000;LWFF;62.0563
1870;h_2;;0.0000;0.0000;0.0000;LWFF;0.0000
1870;h_1;;0.0000;0.0000;0.0000;LWFF;0.0000
1870;h_0;4|2|1|6;2.7344;7.8125;7.0000;LWFF;62.0563
1880;h_5;;0.0000;0.0000;0.0000;LWFF;0.0000
1880;h_4;;0.0000;0.0000;0.0000;LWFF;0.0000
1880;h_3;3|5|0|7;2.7344;7.8125;7.0000;LWFF;62.3898
1880;h_2;;0.0000;0.0000;0.0000;LWFF;0.0000
1880;h_1;;0.0000;0.0000;0.0000;LWFF;0.0000
1880;h_0;4|2|1|6;2.7344;7.8125;7.0000;LWFF;62.3898
1890;h_5;;0.0000;0.0000;0.0000;LWFF;0.0000
1890;h_4;;0.0000;0.0000;0.0000;LWFF;0.0000
1890;h_3;3|5|0|7;2.7344;7.8125;7.0000;LWFF;62.7234
1890;h_2;;0.0000;0.0000;0.0000;LWFF;0.0000
1890;h_1;;0.0000;0.0000;0.0000;LWFF;0.0000
1890;h_0;4|2|1|6;2.7344;7.8125;7.0000;LWFF;62.7234
1900;h_5;;0.0000;0.0000;0.0000;LWFF;0.0000
1900;h_4;;0.0000;0.0000;0.0000;LWFF;0.0000
1900;h_3;3|5|0|7;2.7344;7.8125;7.0000;LWFF;63.0570
1900;h_2;;0.0000;0.0000;0.0000;LWFF;0.0000
1900;h_1;;0.0000;0.0000;0.0000;LWFF;0.0000
1900;h_0;4|2|1|6;2.7344;7.8125;7.0000;LWFF;63.0570
1910;h_5;;0.0000;0.0000;0.0000;LWFF;0.0000
1910;h_4;;0.0000;0.0000;0.0000;LWFF;0.0000
1910;h_3;3|5|0|7;2.7344;7.8125;7.0000;LWFF;63.3906
1910;h_2;;0.0000;0.0000;0.0000;LWFF;0.0000
1910;h_1;;0.0000;0.0000;0.0000;LWFF;0.0000
1910;h_0;4|2|1|6;2.7344;7.8125;7.0000;LWFF;63.3906
1920;h_5;;0.0000;0.0000;0.0000;LWFF;0.0000
1920;h_4;;0.0000;0.0000;0.0000;LWFF;0.0000
1920;h_3;3|5|0|7;2.7344;7.8125;7.0000;LWFF;63.7241
1920;h_2;;0.0000;0.0000;0.0000;LWFF;0.0000
1920;h_1;;0.0000;0.0000;0.0000;LWFF;0.0000
1920;h_0;4|2|1|6;2.7344;7.8125;7.0000;LWFF;63.7241
1930;h_5;;0.0000;0.0000;0.0000;LWFF;0.0000
1930;h_4;;0.0000;0.0000;0.0000;LWFF;0.0000
1930;h_3;3|5|0|7;2.7344;7.8125;7.0000;LWFF;64.0577
1930;h_2;;0.0000;0.0000;0.0000;LWFF;0.0000
1930;h_1;;0.0000;0.0000;0.0000;LWFF;0.0000
1930;h_0;4|2|1|6;2.7344;7.8125;7.0000;LWFF;64.0577
1940;h_5;;0.0000;0.0000;0.0000;LWFF;0.0000
1940;h_4;;0.0000;0.0000;0.0000;LWFF;0.0000
1940;h_3;3|5|0|7;2.7344;7.8125;7.0000;LWFF;64.3913
1940;h_2;;0.0000;0.0000;0.0000;LWFF;0.0000
1940;h_1;;0.0000;0.0000;0.0000;LWFF;0.0000
1940;h_0;4|2|1|6;2.7344;7.8125;7.0000;LWFF;64.3913
1950;h_5;;0.0000;0.0000;0.0000;LWFF;0.0000
1950;h_4;;0.0000;0.0000;0.0000;LWFF;0.0000
1950;h_3;3|5|0|7;2.7344;7.8125;7.0000;LWFF;64.7249
1950;h_2;;0.0000;0.0000;0.0000;LWFF;0.0000
1950;h_1;;0.0000;0.0000;0.0000;LWFF;0.0000
1950;h_0;4|2|1|6;2.7344;7.8125;7.0000;LWFF;64.7249
1960;h_5;;0.0000;0.0000;0.0000;LWFF;0.0000
1960;h_4;;0.0000;0.0000;0.0000;LWFF;0.0000
1960;h_3;3|5|0|7;2.7344;7.8125;7.0000;LWFF;65.0585
1960;h_2;;0.0000;0.0000;0.0000;LWFF;0.0000
1960;h_1;;0.0000;0.0000;0.0000;LWFF;0.0000
1960;h_0;4|2|1|6;2.7344;7.8125;7.0000;LWFF;65.0585
1970;h_5;;0.0000;0.0000;0.0000;LWFF;0.0000
1970;h_4;;0.0000;0.0000;0.0000;LWFF;0.0000
1970;h_3;3|5|0|7;2.7344;7.8125;7.0000;LWFF;65.3920
1970;h_2;;0.0000;0.0000;0.0000;LWFF;0.0000
1970;h_1;;0.0000;0.0000;0.0000;LWFF;0.0000
1970;h_0;4|2|1|6;2.7344;7.8125;7.0000;LWFF;65.3920
1980;h_5;;0.0000;0.0000;0.0000;LWFF;0.0000
1980;h_4;;0.0000;0.0000;0.0000;LWFF;0.0000
1980;h_3;3|5|0|7;2.7344;7.8125;7.0000;LWFF;65.7256
1980;h_2;;0.0000;0.0000;0.0000;LWFF;0.0000
1980;h_1;;0.0000;0.0000;0.0000;LWFF;0.0000
1980;h_0;4|2|1|6;2.7344;7.8125;7.0000;LWFF;65.7256
1990;h_5;;0.0000;0.0000;0.0000;LWFF;0.0000
1990;h_4;;0.0000;0.0000;0.0000;LWFF;0.0000
1990;h_3;3|5|0|7;2.7344;7.8125;7.0000;LWFF;66.0592
1990;h_2;;0.0000;0.0000;0.0000;LWFF;0.0000
1990;h_1;;0.0000;0.0000;0.0000;LWFF;0.0000
1990;h_0;4|2|1|6;2.7344;7.8125;7.0000;LWFF;66.0592
2000;h_5;;0.0000;0.0000;0.0000;LWFF;0.0000
2000;h_4;;0.0000;0.0000;0.0000;LWFF;0.0000
2000;h_3;3|5|0|7;2.7344;7.8125;7.0000;LWFF;66.3928
2000;h_2;;0.0000;0.0000;0.0000;LWFF;0.0000
2000;h_1;;0.0000;0.0000;0.0000;LWFF;0.0000
2000;h_0;4|2|1|6;2.7344;7.8125;7.0000;LWFF;66.3928
2010;h_5;;0.0000;0.0000;0.0000;LWFF;0.0000
2010;h_4;;0.0000;0.0000;0.0000;LWFF;0.0000
2010;h_3;3|5|0|7;2.7344;7.8125;7.0000;LWFF;66.7263
2010;h_2;;0.0000;0.0000;0.0000;LWFF;0.0000
2010;h_1;;0.0000;0.0000;0.0000;LWFF;0.0000
2010;h_0;4|2|1|6;2.7344;7.8125;7.0000;LWFF;66.7263
2020;h_5;;0.0000;0.0000;0.0000;LWFF;0.0000
2020;h_4;;0.0000;0.0000;0.0000;LWFF;0.0000
2020;h_3;3|5|0|7;2.7344;7.8125;7.0000;LWFF;67.0599
2020;h_2;;0.0000;0.0000;0.0000;LWFF;0.0000
2020;h_1;;0.0000;0.0000;0.0000;LWFF;0.0000
2020;h_0;4|2|1|6;2.7344;7.8125;7.0000;LWFF;67.0599
2030;h_5;;0.0000;0.0000;0.0000;LWFF;0.0000
2030;h_4;;0.0000;0.0000;0.0000;LWFF;0.0000
2030;h_3;3|5|0|7;2.7344;7.8125;7.0000;LWFF;67.3935
2030;h_2;;0.0000;0.0000;0.0000;LWFF;0.0000
2030;h_1;;0.0000;0.0000;0.0000;LWFF;0.0000
2030;h_0;4|2|1|6;2.7344;7.8125;7.0000;LWFF;67.3935
2040;h_5;;0.0000;0.0000;0.0000;LWFF;0.0000
2040;h_4;;0.0000;0.0000;0.0000;LWFF;0.0000
2040;h_3;3|5|0|7;2.7344;7.8125;7.0000;LWFF;67.7271
2040;h_2;;0.0000;0.0000;0.0000;LWFF;0.0000
2040;h_1;;0.0000;0.0000;0.0000;LWFF;0.0000
2040;h_0;4|2|1|6;2.7344;7.8125;7.0000;LWFF;67.7271
2050;h_5;;0.0000;0.0000;0.0000;LWFF;0.0000
2050;h_4;;0.0000;0.0000;0.0000;LWFF;0.0000
2050;h_3;3|5|0|7;2.7344;7.8125;7.0000;LWFF;68.0607
2050;h_2;;0.0000;0.0000;0.0000;LWFF;0.0000
2050;h_1;;0.0000;0.0000;0.0000;LWFF;0.0000
2050;h_0;4|2|1|6;2.7344;7.8125;7.0000;LWFF;68.0607
2060;h_5;;0.0000;0.0000;0.0000;LWFF;0.0000
2060;h_4;;0.0000;0.0000;0.0000;LWFF;0.0000
2060;h_3;3|5|0|7;2.7344;7.8125;7.0000;LWFF;68.3942
2060;h_2;;0.0000;0.0000;0.0000;LWFF;0.0000
2060;h_1;;0.0000;0.0000;0.0000;LWFF;0.0000
2060;h_0;4|2|1|6;2.7344;7.8125;7.0000;LWFF;68.3942
2070;h_5;;0.0000;0.0000;0.0000;LWFF;0.0000
2070;h_4;;0.0000;0.0000;0.0000;LWFF;0.0000
2070;h_3;3|5|0|7;2.7344;7.8125;7.0000;LWFF;68.7278
2070;h_2;;0.0000;0.0000;0.0000;LWFF;0.0000
2070;h_1;;0.0000;0.0000;0.0000;LWFF;0.0000
2070;h_0;4|2|1|6;2.7344;7.8125;7.0000;LWFF;68.7278
2080;h_5;;0.0000;0.0000;0.0000;LWFF;0.0000
2080;h_4;;0.0000;0.0000;0.0000;LWFF;0.0000
2080;h_3;3|5|0|7;2.7344;7.8125;7.0000;LWFF;69.0614
2080;h_2;;0.0000;0.0000;0.0000;LWFF;0.0000
2080;h_1;;0.0000;0.0000;0.0000;LWFF;0.0000
2080;h_0;4|2|1|6;2.7344;7.8125;7.0000;LWFF;69.0614
2090;h_5;;0.0000;0.0000;0.0000;LWFF;0.0000
2090;h_4;;0.0000;0.0000;0.0000;LWFF;0.0000
2090;h_3;3|5|0|7;2.7344;7.8125;7.0000;LWFF;69.3950
2090;h_2;;0.0000;0.0000;0.0000;LWFF;0.0000
2090;h_1;;0.0000;0.0000;0.0000;LWFF;0.0000
2090;h_0;4|2|1|6;2.7344;7.8125;7.0000;LWFF;69.3950
2100;h_5;;0.0000;0.0000;0.0000;LWFF;0.0000
2100;h_4;;0.0000;0.0000;0.0000;LWFF;0.0000
2100;h_3;3|5|0|7;2.7344;7.8125;7.0000;LWFF;69.7286
2100;h_2;;0.0000;0.0000;0.0000;LWFF;0.0000
2100;h_1;;0.0000;0.0000;0.0000;LWFF;0.0000
2100;h_0;4|2|1|6;2.7344;7.8125;7.0000;LWFF;69.7286
2110;h_5;;0.0000;0.0000;0.0000;LWFF;0.0000
2110;h_4;;0.0000;0.0000;0.0000;LWFF;0.0000
2110;h_3;3|5|0|7;2.7344;7.8125;7.0000;LWFF;70.0621
2110;h_2;;0.0000;0.0000;0.0000;LWFF;0.0000
2110;h_1;;0.0000;0.0000;0.0000;LWFF;0.0000
2110;h_0;4|2|1|6;2.7344;7.8125;7.0000;LWFF;70.0621
2120;h_5;;0.0000;0.0000;0.0000;LWFF;0.0000
2120;h_4;;0.0000;0.0000;0.0000;LWFF;0.0000
2120;h_3;3|5|0|7;2.7344;7.8125;7.0000;LWFF;70.3957
2120;h_2;;0.0000;0.0000;0.0000;LWFF;0.0000
2120;h_1;;0.0000;0.0000;0.0000;LWFF;0.0000
2120;h_0;4|2|1|6;2.7344;7.8125;7.0000;LWFF;70.3957
2130;h_5;;0.0000;0.0000;0.0000;LWFF;0.0000
2130;h_4;;0.0000;0.0000;0.0000;LWFF;0.0000
2130;h_3;3|5|0|7;2.7344;7.8125;7.0000;LWFF;70.7293
2130;h_2;;0.0000;0.0000;0.0000;LWFF;0.0000
2130;h_1;;0.0000;0.0000;0.0000;LWFF;0.0000
2130;h_0;4|2|1|6;2.7344;7.8125;7.0000;LWFF;70.7293
2140;h_5;;0.0000;0.0000;0.0000;LWFF;0.0000
2140;h_4;;0.0000;0.0000;0.0000;LWFF;0.0000
2140;h_3;3|5|0|7;2.7344;7.8125;7.0000;LWFF;71.0629
2140;h_2;;0.0000;0.0000;0.0000;LWFF;0.0000
2140;h_1;;0.0000;0.0000;0.0000;LWFF;0.0000
2140;h_0;4|2|1|6;2.7344;7.8125;7.0000;LWFF;71.0629
2150;h_5;;0.0000;0.0000;0.0000;LWFF;0.0000
2150;h_4;;0.0000;0.0000;0.0000;LWFF;0.0000
2150;h_3;3|5|0|7;2.7344;7.8125;7.0000;LWFF;71.3964
2150;h_2;;0.0000;0.0000;0.0000;LWFF;0.0000
2150;h_1;;0.0000;0.0000;0.0000;LWFF;0.0000
2150;h_0;4|2|1|6;2.7344;7.8125;7.0000;LWFF;71.3964
2160;h_5;;0.0000;0.0000;0.0000;LWFF;0.0000
2160;h_4;;0.0000;0.0000;0.0000;LWFF;0.0000
2160;h_3;3|5|0|7;2.7344;7.8125;7.0000;LWFF;71.7300
2160;h_2;;0.0000;0.0000;0.0000;LWFF;0.0000
2160;h_1;;0.0000;0.0000;0.0000;LWFF;0.0000
2160;h_0;4|2|1|6;2.7344;7.8125;7.0000;LWFF;71.7300
2170;h_5;;0.0000;0.0000;0.0000;LWFF;0.0000
2170;h_4;;0.0000;0.0000;0.0000;LWFF;0.0000
2170;h_3;3|5|0|7;2.7344;7.8125;7.0000;LWFF;72.0636
2170;h_2;;0.0000;0.0000;0.0000;LWFF;0.0000
2170;h_1;;0.0000;0.0000;0.0000;LWFF;0.0000
2170;h_0;4|2|1|6;2.7344;7.8125;7.0000;LWFF;72.0636
2180;h_5;;0.0000;0.0000;0.0000;LWFF;0.0000
2180;h_4;;0.0000;0.0000;0.0000;LWFF;0.0000
2180;h_3;3|5|0|7;2.7344;7.8125;7.0000;LWFF;72.3972
2180;h_2;;0.0000;0.0000;0.0000;LWFF;0.0000
2180;h_1;;0.0000;0.0000;0.0000;LWFF;0.0000
2180;h_0;4|2|1|6;2.7344;7.8125;7.0000;LWFF;72.3972
2190;h_5;;0.0000;0.0000;0.0000;LWFF;0.0000
2190;h_4;;0.0000;0.0000;0.0000;LWFF;0.0000
2190;h_3;3|5|0|7;2.7344;7.8125;7.0000;LWFF;72.7308
2190;h_2;;0.0000;0.0000;0.0000;LWFF;0.0000
2190;h_1;;0.0000;0.0000;0.0000;LWFF;0.0000
2190;h_0;4|2|1|6;2.7344;7.8125;7.0000;LWFF;72.7308
2200;h_5;;0.0000;0.0000;0.0000;LWFF;0.0000
2200;h_4;;0.0000;0.0000;0.0000;LWFF;0.0000
2200;h_3;3|5|0|7;2.7344;7.8125;7.0000;LWFF;73.0643
2200;h_2;;0.0000;0.0000;0.0000;LWFF;0.0000
2200;h_1;;0.0000;0.0000;0.0000;LWFF;0.0000
2200;h_0;4|2|1|6;2.7344;7.8125;7.0000;LWFF;73.0643
2210;h_5;;0.0000;0.0000;0.0000;LWFF;0.0000
2210;h_4;;0.0000;0.0000;0.0000;LWFF;0.0000
2210;h_3;3|5|0|7;2.7344;7.8125;7.0000;LWFF;73.3979
2210;h_2;;0.0000;0.0000;0.0000;LWFF;0.0000
2210;h_1;;0.0000;0.0000;0.0000;LWFF;0.0000
2210;h_0;4|2|1|6;2.7344;7.8125;7.0000;LWFF;73.3979
2220;h_5;;0.0000;0.0000;0.0000;LWFF;0.0000
2220;h_4;;0.0000;0.0000;0.0000;LWFF;0.0000
2220;h_3;3|5|0|7;2.7344;7.8125;7.0000;LWFF;73.7315
2220;h_2;;0.0000;0.0000;0.0000;LWFF;0.0000
2220;h_1;;0.0000;0.0000;0.0000;LWFF;0.0000
2220;h_0;4|2|1|6;2.7344;7.8125;7.0000;LWFF;73.7315
2230;h_5;;0.0000;0.0000;0.0000;LWFF;0.0000
2230;h_4;;0.0000;0.0000;0.0000;LWFF;0.0000
2230;h_3;3|5|0|7;2.7344;7.8125;7.0000;LWFF;74.0651
2230;h_2;;0.0000;0.0000;0.0000;LWFF;0.0000
2230;h_1;;0.0000;0.0000;0.0000;LWFF;0.0000
2230;h_0;4|2|1|6;2.7344;7.8125;7.0000;LWFF;74.0651
2240;h_5;;0.0000;0.0000;0.0000;LWFF;0.0000
2240;h_4;;0.0000;0.0000;0.0000;LWFF;0.0000
2240;h_3;3|5|0|7;2.7344;7.8125;7.0000;LWFF;74.3986
2240;h_2;;0.0000;0.0000;0.0000;LWFF;0.0000
2240;h_1;;0.0000;0.0000;0.0000;LWFF;0.0000
2240;h_0;4|2|1|6;2.7344;7.8125;7.0000;LWFF;74.3986
2250;h_5;;0.0000;0.0000;0.0000;LWFF;0.0000
2250;h_4;;0.0000;0.0000;0.0000;LWFF;0.0000
2250;h_3;3|5|0|7;2.7344;7.8125;7.0000;LWFF;74.7322
2250;h_2;;0.0000;0.0000;0.0000;LWFF;0.0000
2250;h_1;;0.0000;0.0000;0.0000;LWFF;0.0000
2250;h_0;4|2|1|6;2.7344;7.8125;7.0000;LWFF;74.7322
2260;h_5;;0.0000;0.0000;0.0000;LWFF;0.0000
2260;h_4;;0.0000;0.0000;0.0000;LWFF;0.0000
2260;h_3;3|5|0|7;2.7344;7.8125;7.0000;LWFF;75.0658
2260;h_2;;0.0000;0.0000;0.0000;LWFF;0.0000
2260;h_1;;0.0000;0.0000;0.0000;LWFF;0.0000
2260;h_0;4|2|1|6;2.7344;7.8125;7.0000;LWFF;75.0658
2270;h_5;;0.0000;0.0000;0.0000;LWFF;0.0000
2270;h_4;;0.0000;0.0000;0.0000;LWFF;0.0000
2270;h_3;3|5|0|7;2.7344;7.8125;7.0000;LWFF;75.3994
2270;h_2;;0.0000;0.0000;0.0000;LWFF;0.0000
2270;h_1;;0.0000;0.0000;0.0000;LWFF;0.0000
2270;h_0;4|2|1|6;2.7344;7.8125;7.0000;LWFF;75.3994
2280;h_5;;0.0000;0.0000;0.0000;LWFF;0.0000
2280;h_4;;0.0000;0.0000;0.0000;LWFF;0.0000
2280;h_3;3|5|0|7;2.7344;7.8125;7.0000;LWFF;75.7330
2280;h_2;;0.0000;0.0000;0.0000;LWFF;0.0000
2280;h_1;;0.0000;0.0000;0.0000;LWFF;0.0000
2280;h_0;4|2|1|6;2.7344;7.8125;7.0000;LWFF;75.7330
2290;h_5;;0.0000;0.0000;0.0000;LWFF;0.0000
2290;h_4;;0.0000;0.0000;0.0000;LWFF;0.0000
2290;h_3;3|5|0|7;2.7344;7.8125;7.0000;LWFF;76.0665
2290;h_2;;0.0000;0.0000;0.0000;LWFF;0.0000
2290;h_1;;0.0000;0.0000;0.0000;LWFF;0.0000
2290;h_0;4|2|1|6;2.7344;7.8125;7.0000;LWFF;76.0665
2300;h_5;;0.0000;0.0000;0.0000;LWFF;0.0000
2300;h_4;;0.0000;0.0000;0.0000;LWFF;0.0000
2300;h_3;3|5|0|7;2.7344;7.8125;7.0000;LWFF;76.4001
2300;h_2;;0.0000;0.0000;0.0000;LWFF;0.0000
2300;h_1;;0.0000;0.0000;0.0000;LWFF;0.0000
2300;h_0;4|2|1|6;2.7344;7.8125;7.0000;LWFF;76.4001
2310;h_5;;0.0000;0.0000;0.0000;LWFF;0.0000
2310;h_4;;0.0000;0.0000;0.0000;LWFF;0.0000
2310;h_3;3|5|0|7;2.7344;7.8125;7.0000;LWFF;76.7337
2310;h_2;;0.0000;0.0000;0.0000;LWFF;0.0000
2310;h_1;;0.0000;0.0000;0.0000;LWFF;0.0000
2310;h_0;4|2|1|6;2.7344;7.8125;7.0000;LWFF;76.7337
2320;h_5;;0.0000;0.0000;0.0000;LWFF;0.0000
2320;h_4;;0.0000;0.0000;0.0000;LWFF;0.0000
2320;h_3;3|5|0|7;2.7344;7.8125;7.0000;LWFF;77.0673
2320;h_2;;0.0000;0.0000;0.0000;LWFF;0.0000
2320;h_1;;0.0000;0.0000;0.0000;LWFF;0.0000
2320;h_0;4|2|1|6;2.7344;7.8125;7.0000;LWFF;77.0673
2330;h_5;;0.0000;0.0000;0.0000;LWFF;0.0000
2330;h_4;;0.0000;0.0000;0.0000;LWFF;0.0000
2330;h_3;3|5|0|7;2.7344;7.8125;7.0000;LWFF;77.4009
2330;h_2;;0.0000;0.0000;0.0000;LWFF;0.0000
2330;h_1;;0.0000;0.0000;0.0000;LWFF;0.0000
2330;h_0;4|2|1|6;2.7344;7.8125;7.0000;LWFF;77.4009
2340;h_5;;0.0000;0.0000;0.0000;LWFF;0.0000
2340;h_4;;0.0000;0.0000;0.0000;LWFF;0.0000
2340;h_3;3|5|0|7;2.7344;7.8125;7.0000;LWFF;77.7344
2340;h_2;;0.0000;0.0000;0.0000;LWFF;0.0000
2340;h_1;;0.0000;0.0000;0.0000;LWFF;0.0000
2340;h_0;4|2|1|6;2.7344;7.8125;7.0000;LWFF;77.7344
2350;h_5;;0.0000;0.0000;0.0000;LWFF;0.0000
2350;h_4;;0.0000;0.0000;0.0000;LWFF;0.0000
2350;h_3;3|5|0|7;2.7344;7.8125;7.0000;LWFF;78.0680
2350;h_2;;0.0000;0.0000;0.0000;LWFF;0.0000
2350;h_1;;0.0000;0.0000;0.0000;LWFF;0.0000
2350;h_0;4|2|1|6;2.7344;7.8125;7.0000;LWFF;78.0680
2360;h_5;;0.0000;0.0000;0.0000;LWFF;0.0000
2360;h_4;;0.0000;0.0000;0.0000;LWFF;0.0000
2360;h_3;3|5|0|7;2.7344;7.8125;7.0000;LWFF;78.4016
2360;h_2;;0.0000;0.0000;0.0000;LWFF;0.0000
2360;h_1;;0.0000;0.0000;0.0000;LWFF;0.0000
2360;h_0;4|2|1|6;2.7344;7.8125;7.0000;LWFF;78.4016
2370;h_5;;0.0000;0.0000;0.0000;LWFF;0.0000
2370;h_4;;0.0000;0.0000;0.0000;LWFF;0.0000
2370;h_3;3|5|0|7;2.7344;7.8125;7.0000;LWFF;78.7352
2370;h_2;;0.0000;0.0000;0.0000;LWFF;0.0000
2370;h_1;;0.0000;0.0000;0.0000;LWFF;0.0000
2370;h_0;4|2|1|6;2.7344;7.8125;7.0000;LWFF;78.7352
2380;h_5;;0.0000;0.0000;0.0000;LWFF;0.0000
2380;h_4;;0.0000;0.0000;0.0000;LWFF;0.0000
2380;h_3;3|5|0|7;2.7344;7.8125;7.0000;LWFF;79.0687
2380;h_2;;0.0000;0.0000;0.0000;LWFF;0.0000
2380;h_1;;0.0000;0.0000;0.0000;LWFF;0.0000
2380;h_0;4|2|1|6;2.7344;7.8125;7.0000;LWFF;79.0687
2390;h_5;;0.0000;0.0000;0.0000;LWFF;0.0000
2390;h_4;;0.0000;0.0000;0.0000;LWFF;0.0000
2390;h_3;3|5|0|7;2.7344;7.8125;7.0000;LWFF;79.4023
2390;h_2;;0.0000;0.0000;0.0000;LWFF;0.0000
2390;h_1;;0.0000;0.0000;0.0000;LWFF;0.0000
2390;h_0;4|2|1|6;2.7344;7.8125;7.0000;LWFF;79.4023
2400;h_5;;0.0000;0.0000;0.0000;LWFF;0.0000
2400;h_4;;0.0000;0.0000;0.0000;LWFF;0.0000
2400;h_3;3|5|0|7;2.7344;7.8125;7.0000;LWFF;79.7359
2400;h_2;;0.0000;0.0000;0.0000;LWFF;0.0000
2400;h_1;;0.0000;0.0000;0.0000;LWFF;0.0000
2400;h_0;4|2|1|6;2.7344;7.8125;7.0000;LWFF;79.7359
2410;h_5;;0.0000;0.0000;0.0000;LWFF;0.0000
2410;h_4;;0.0000;0.0000;0.0000;LWFF;0.0000
2410;h_3;3|5|0|7;2.7344;7.8125;7.0000;LWFF;80.0695
2410;h_2;;0.0000;0.0000;0.0000;LWFF;0.0000
2410;h_1;;0.0000;0.0000;0.0000;LWFF;0.0000
2410;h_0;4|2|1|6;2.7344;7.8125;7.0000;LWFF;80.0695
2420;h_5;;0.0000;0.0000;0.0000;LWFF;0.0000
2420;h_4;;0.0000;0.0000;0.0000;LWFF;0.0000
2420;h_3;3|5|0|7;2.7344;7.8125;7.0000;LWFF;80.4031
2420;h_2;;0.0000;0.0000;0.0000;LWFF;0.0000
2420;h_1;;0.0000;0.0000;0.0000;LWFF;0.0000
2420;h_0;4|2|1|6;2.7344;7.8125;7.0000;LWFF;80.4031
2430;h_5;;0.0000;0.0000;0.0000;LWFF;0.0000
2430;h_4;;0.0000;0.0000;0.0000;LWFF;0.0000
2430;h_3;3|5|0|7;2.7344;7.8125;7.0000;LWFF;80.7366
2430;h_2;;0.0000;0.0000;0.0000;LWFF;0.0000
2430;h_1;;0.0000;0.0000;0.0000;LWFF;0.0000
2430;h_0;4|2|1|6;2.7344;7.8125;7.0000;LWFF;80.7366
2440;h_5;;0.0000;0.0000;0.0000;LWFF;0.0000
2440;h_4;;0.0000;0.0000;0.0000;LWFF;0.0000
2440;h_3;3|5|0|7;2.7344;7.8125;7.0000;LWFF;81.0702
2440;h_2;;0.0000;0.0000;0.0000;LWFF;0.0000
2440;h_1;;0.0000;0.0000;0.0000;LWFF;0.0000
2440;h_0;4|2|1|6;2.7344;7.8125;7.0000;LWFF;81.0702
2450;h_5;;0.0000;0.0000;0.0000;LWFF;0.0000
2450;h_4;;0.0000;0.0000;0.0000;LWFF;0.0000
2450;h_3;3|5|0|7;2.7344;7.8125;7.0000;LWFF;81.4038
2450;h_2;;0.0000;0.0000;0.0000;LWFF;0.0000
2450;h_1;;0.0000;0.0000;0.0000;LWFF;0.0000
2450;h_0;4|2|1|6;2.7344;7.8125;7.0000;LWFF;81.4038
2460;h_5;;0.0000;0.0000;0.0000;LWFF;0.0000
2460;h_4;;0.0000;0.0000;0.0000;LWFF;0.0000
2460;h_3;3|5|0|7;2.7344;7.8125;7.0000;LWFF;81.7374
2460;h_2;;0.0000;0.0000;0.0000;LWFF;0.0000
2460;h_1;;0.0000;0.0000;0.0000;LWFF;0.0000
2460;h_0;4|2|1|6;2.7344;7.8125;7.0000;LWFF;81.7374
2470;h_5;;0.0000;0.0000;0.0000;LWFF;0.0000
2470;h_4;;0.0000;0.0000;0.0000;LWFF;0.0000
2470;h_3;3|5|0|7;2.7344;7.8125;7.0000;LWFF;82.0709
2470;h_2;;0.0000;0.0000;0.0000;LWFF;0.0000
2470;h_1;;0.0000;0.0000;0.0000;LWFF;0.0000
2470;h_0;4|2|1|6;2.7344;7.8125;7.0000;LWFF;82.0709
2480;h_5;;0.0000;0.0000;0.0000;LWFF;0.0000
2480;h_4;;0.0000;0.0000;0.0000;LWFF;0.0000
2480;h_3;3|5|0|7;2.7344;7.8125;7.0000;LWFF;82.4045
2480;h_2;;0.0000;0.0000;0.0000;LWFF;0.0000
2480;h_1;;0.0000;0.0000;0.0000;LWFF;0.0000
2480;h_0;4|2|1|6;2.7344;7.8125;7.0000;LWFF;82.4045
2490;h_5;;0.0000;0.0000;0.0000;LWFF;0.0000
2490;h_4;;0.0000;0.0000;0.0000;LWFF;0.0000
2490;h_3;3|5|0|7;2.7344;7.8125;7.0000;LWFF;82.7381
2490;h_2;;0.0000;0.0000;0.0000;LWFF;0.0000
2490;h_1;;0.0000;0.0000;0.0000;LWFF;0.0000
2490;h_0;4|2|1|6;2.7344;7.8125;7.0000;LWFF;82.7381
2500;h_5;;0.0000;0.0000;0.0000;LWFF;0.0000
2500;h_4;;0.0000;0.0000;0.0000;LWFF;0.0000
2500;h_3;3|5|0|7;2.7344;7.8125;7.0000;LWFF;83.0717
2500;h_2;;0.0000;0.0000;0.0000;LWFF;0.0000
2500;h_1;;0.0000;0.0000;0.0000;LWFF;0.0000
2500;h_0;4|2|1|6;2.7344;7.8125;7.0000;LWFF;83.0717
2510;h_5;;0.0000;0.0000;0.0000;LWFF;0.0000
2510;h_4;;0.0000;0.0000;0.0000;LWFF;0.0000
2510;h_3;3|5|0|7;2.7344;7.8125;7.0000;LWFF;83.4053
2510;h_2;;0.0000;0.0000;0.0000;LWFF;0.0000
2510;h_1;;0.0000;0.0000;0.0000;LWFF;0.0000
2510;h_0;4|2|1|6;2.7344;7.8125;7.0000;LWFF;83.4053
2520;h_5;;0.0000;0.0000;0.0000;LWFF;0.0000
2520;h_4;;0.0000;0.0000;0.0000;LWFF;0.0000
2520;h_3;3|5|0|7;2.7344;7.8125;7.0000;LWFF;83.7388
2520;h_2;;0.0000;0.0000;0.0000;LWFF;0.0000
2520;h_1;;0.0000;0.0000;0.0000;LWFF;0.0000
2520;h_0;4|2|1|6;2.7344;7.8125;7.0000;LWFF;83.7388
2530;h_5;;0.0000;0.0000;0.0000;LWFF;0.0000
2530;h_4;;0.0000;0.0000;0.0000;LWFF;0.0000
2530;h_3;3|5|0|7;2.7344;7.8125;7.0000;LWFF;84.0724
2530;h_2;;0.0000;0.0000;0.0000;LWFF;0.0000
2530;h_1;;0.0000;0.0000;0.0000;LWFF;0.0000
2530;h_0;4|2|1|6;2.7344;7.8125;7.0000;LWFF;84.0724
2540;h_5;;0.0000;0.0000;0.0000;LWFF;0.0000
2540;h_4;;0.0000;0.0000;0.0000;LWFF;0.0000
2540;h_3;3|5|0|7;2.7344;7.8125;7.0000;LWFF;84.4060
2540;h_2;;0.0000;0.0000;0.0000;LWFF;0.0000
2540;h_1;;0.0000;0.0000;0.0000;LWFF;0.0000
2540;h_0;4|2|1|6;2.7344;7.8125;7.0000;LWFF;84.4060
2550;h_5;;0.0000;0.0000;0.0000;LWFF;0.0000
2550;h_4;;0.0000;0.0000;0.0000;LWFF;0.0000
2550;h_3;3|5|0|7;2.7344;7.8125;7.0000;LWFF;84.7396
2550;h_2;;0.0000;0.0000;0.0000;LWFF;0.0000
2550;h_1;;0.0000;0.0000;0.0000;LWFF;0.0000
2550;h_0;4|2|1|6;2.7344;7.8125;7.0000;LWFF;84.7396
2560;h_5;;0.0000;0.0000;0.0000;LWFF;0.0000
2560;h_4;;0.0000;0.0000;0.0000;LWFF;0.0000
2560;h_3;3|5|0|7;2.7344;7.8125;7.0000;LWFF;85.0732
2560;h_2;;0.0000;0.0000;0.0000;LWFF;0.0000
2560;h_1;;0.0000;0.0000;0.0000;LWFF;0.0000
2560;h_0;4|2|1|6;2.7344;7.8125;7.0000;LWFF;85.0732
2570;h_5;;0.0000;0.0000;0.0000;LWFF;0.0000
2570;h_4;;0.0000;0.0000;0.0000;LWFF;0.0000
2570;h_3;3|5|0|7;2.7344;7.8125;7.0000;LWFF;85.4067
2570;h_2;;0.0000;0.0000;0.0000;LWFF;0.0000
2570;h_1;;0.0000;0.0000;0.0000;LWFF;0.0000
2570;h_0;4|2|1|6;2.7344;7.8125;7.0000;LWFF;85.4067
2580;h_5;;0.0000;0.0000;0.0000;LWFF;0.0000
2580;h_4;;0.0000;0.0000;0.0000;LWFF;0.0000
2580;h_3;3|5|0|7;2.7344;7.8125;7.0000;LWFF;85.7403
2580;h_2;;0.0000;0.0000;0.0000;LWFF;0.0000
2580;h_1;;0.0000;0.0000;0.0000;LWFF;0.0000
2580;h_0;4|2|1|6;2.7344;7.8125;7.0000;LWFF;85.7403
2590;h_5;;0.0000;0.0000;0.0000;LWFF;0.0000
2590;h_4;;0.0000;0.0000;0.0000;LWFF;0.0000
2590;h_3;3|5|0|7;2.7344;7.8125;7.0000;LWFF;86.0739
2590;h_2;;0.0000;0.0000;0.0000;LWFF;0.0000
2590;h_1;;0.0000;0.0000;0.0000;LWFF;0.0000
2590;h_0;4|2|1|6;2.7344;7.8125;7.0000;LWFF;86.0739
2600;h_5;;0.0000;0.0000;0.0000;LWFF;0.0000
2600;h_4;;0.0000;0.0000;0.0000;LWFF;0.0000
2600;h_3;3|5|0|7;2.7344;7.8125;7.0000;LWFF;86.4075
2600;h_2;;0.0000;0.0000;0.0000;LWFF;0.0000
2600;h_1;;0.0000;0.0000;0.0000;LWFF;0.0000
2600;h_0;4|2|1|6;2.7344;7.8125;7.0000;LWFF;86.4075
2610;h_5;;0.0000;0.0000;0.0000;LWFF;0.0000
2610;h_4;;0.0000;0.0000;0.0000;LWFF;0.0000
2610;h_3;3|5|0|7;2.7344;7.8125;7.0000;LWFF;86.7410
2610;h_2;;0.0000;0.0000;0.0000;LWFF;0.0000
2610;h_1;;0.0000;0.0000;0.0000;LWFF;0.0000
2610;h_0;4|2|1|6;2.7344;7.8125;7.0000;LWFF;86.7410
2620;h_5;;0.0000;0.0000;0.0000;LWFF;0.0000
2620;h_4;;0.0000;0.0000;0.0000;LWFF;0.0000
2620;h_3;3|5|0|7;2.7344;7.8125;7.0000;LWFF;87.0746
2620;h_2;;0.0000;0.0000;0.0000;LWFF;0.0000
2620;h_1;;0.0000;0.0000;0.0000;LWFF;0.0000
2620;h_0;4|2|1|6;2.7344;7.8125;7.0000;LWFF;87.0746
2630;h_5;;0.0000;0.0000;0.0000;LWFF;0.0000
2630;h_4;;0.0000;0.0000;0.0000;LWFF;0.0000
2630;h_3;3|5|0|7;2.7344;7.8125;7.0000;LWFF;87.4082
2630;h_2;;0.0000;0.0000;0.0000;LWFF;0.0000
2630;h_1;;0.0000;0.0000;0.0000;LWFF;0.0000
2630;h_0;4|2|1|6;2.7344;7.8125;7.0000;LWFF;87.4082
2640;h_5;;0.0000;0.0000;0.0000;LWFF;0.0000
2640;h_4;;0.0000;0.0000;0.0000;LWFF;0.0000
2640;h_3;3|5|0|7;2.7344;7.8125;7.0000;LWFF;87.7418
2640;h_2;;0.0000;0.0000;0.0000;LWFF;0.0000
2640;h_1;;0.0000;0.0000;0.0000;LWFF;0.0000
2640;h_0;4|2|1|6;2.7344;7.8125;7.0000;LWFF;87.7418
2650;h_5;;0.0000;0.0000;0.0000;LWFF;0.0000
2650;h_4;;0.0000;0.0000;0.0000;LWFF;0.0000
2650;h_3;3|5|0|7;2.7344;7.8125;7.0000;LWFF;88.0754
2650;h_2;;0.0000;0.0000;0.0000;LWFF;0.0000
2650;h_1;;0.0000;0.0000;0.0000;LWFF;0.0000
2650;h_0;4|2|1|6;2.7344;7.8125;7.0000;LWFF;88.0754
2660;h_5;;0.0000;0.0000;0.0000;LWFF;0.0000
2660;h_4;;0.0000;0.0000;0.0000;LWFF;0.0000
2660;h_3;3|5|0|7;2.7344;7.8125;7.0000;LWFF;88.4089
2660;h_2;;0.0000;0.0000;0.0000;LWFF;0.0000
2660;h_1;;0.0000;0.0000;0.0000;LWFF;0.0000
2660;h_0;4|2|1|6;2.7344;7.8125;7.0000;LWFF;88.4089
2670;h_5;;0.0000;0.0000;0.0000;LWFF;0.0000
2670;h_4;;0.0000;0.0000;0.0000;LWFF;0.0000
2670;h_3;3|5|0|7;2.7344;7.8125;7.0000;LWFF;88.7425
2670;h_2;;0.0000;0.0000;0.0000;LWFF;0.0000
2670;h_1;;0.0000;0.0000;0.0000;LWFF;0.0000
2670;h_0;4|2|1|6;2.7344;7.8125;7.0000;LWFF;88.7425
2680;h_5;;0.0000;0.0000;0.0000;LWFF;0.0000
2680;h_4;;0.0000;0.0000;0.0000;LWFF;0.0000
2680;h_3;3|5|0|7;2.7344;7.8125;7.0000;LWFF;89.0761
2680;h_2;;0.0000;0.0000;0.0000;LWFF;0.0000
2680;h_1;;0.0000;0.0000;0.0000;LWFF;0.0000
2680;h_0;4|2|1|6;2.7344;7.8125;7.0000;LWFF;89.0761
2690;h_5;;0.0000;0.0000;0.0000;LWFF;0.0000
2690;h_4;;0.0000;0.0000;0.0000;LWFF;0.0000
2690;h_3;3|5|0|7;2.7344;7.8125;7.0000;LWFF;89.4097
2690;h_2;;0.0000;0.0000;0.0000;LWFF;0.0000
2690;h_1;;0.0000;0.0000;0.0000;LWFF;0.0000
2690;h_0;4|2|1|6;2.7344;7.8125;7.0000;LWFF;89.4097
2700;h_5;;0.0000;0.0000;0.0000;LWFF;0.0000
2700;h_4;;0.0000;0.0000;0.0000;LWFF;0.0000
2700;h_3;3|5|0|7;2.7344;7.8125;7.0000;LWFF;89.7432
2700;h_2;;0.0000;0.0000;0.0000;LWFF;0.0000
2700;h_1;;0.0000;0.0000;0.0000;LWFF;0.0000
2700;h_0;4|2|1|6;2.7344;7.8125;7.0000;LWFF;89.7432
2710;h_5;;0.0000;0.0000;0.0000;LWFF;0.0000
2710;h_4;;0.0000;0.0000;0.0000;LWFF;0.0000
2710;h_3;3|5|0|7;2.7344;7.8125;7.0000;LWFF;90.0768
2710;h_2;;0.0000;0.0000;0.0000;LWFF;0.0000
2710;h_1;;0.0000;0.0000;0.0000;LWFF;0.0000
2710;h_0;4|2|1|6;2.7344;7.8125;7.0000;LWFF;90.0768
2720;h_5;;0.0000;0.0000;0.0000;LWFF;0.0000
2720;h_4;;0.0000;0.0000;0.0000;LWFF;0.0000
2720;h_3;3|5|0|7;2.7344;7.8125;7.0000;LWFF;90.4104
2720;h_2;;0.0000;0.0000;0.0000;LWFF;0.0000
2720;h_1;;0.0000;0.0000;0.0000;LWFF;0.0000
2720;h_0;4|2|1|6;2.7344;7.8125;7.0000;LWFF;90.4104
2730;h_5;;0.0000;0.0000;0.0000;LWFF;0.0000
2730;h_4;;0.0000;0.0000;0.0000;LWFF;0.0000
2730;h_3;3|5|0|7;2.7344;7.8125;7.0000;LWFF;90.7440
2730;h_2;;0.0000;0.0000;0.0000;LWFF;0.0000
2730;h_1;;0.0000;0.0000;0.0000;LWFF;0.0000
2730;h_0;4|2|1|6;2.7344;7.8125;7.0000;LWFF;90.7440
2740;h_5;;0.0000;0.0000;0.0000;LWFF;0.0000
2740;h_4;;0.0000;0.0000;0.0000;LWFF;0.0000
2740;h_3;3|5|0|7;2.7344;7.8125;7.0000;LWFF;91.0776
2740;h_2;;0.0000;0.0000;0.0000;LWFF;0.0000
2740;h_1;;0.0000;0.0000;0.0000;LWFF;0.0000
2740;h_0;4|2|1|6;2.7344;7.8125;7.0000;LWFF;91.0776
2750;h_5;;0.0000;0.0000;0.0000;LWFF;0.0000
2750;h_4;;0.0000;0.0000;0.0000;LWFF;0.0000
2750;h_3;3|5|0|7;2.7344;7.8125;7.0000;LWFF;91.4111
2750;h_2;;0.0000;0.0000;0.0000;LWFF;0.0000
2750;h_1;;0.0000;0.0000;0.0000;LWFF;0.0000
2750;h_0;4|2|1|6;2.7344;7.8125;7.0000;LWFF;91.4111
2760;h_5;;0.0000;0.0000;0.0000;LWFF;0.0000
2760;h_4;;0.0000;0.0000;0.0000;LWFF;0.0000
2760;h_3;3|5|0|7;2.7344;7.8125;7.0000;LWFF;91.7447
2760;h_2;;0.0000;0.0000;0.0000;LWFF;0.0000
2760;h_1;;0.0000;0.0000;0.0000;LWFF;0.0000
2760;h_0;4|2|1|6;2.7344;7.8125;7.0000;LWFF;91.7447
2770;h_5;;0.0000;0.0000;0.0000;LWFF;0.0000
2770;h_4;;0.0000;0.0000;0.0000;LWFF;0.0000
2770;h_3;3|5|0|7;2.7344;7.8125;7.0000;LWFF;92.0783
2770;h_2;;0.0000;0.0000;0.0000;LWFF;0.0000
2770;h_1;;0.0000;0.0000;0.0000;LWFF;0.0000
2770;h_0;4|2|1|6;2.7344;7.8125;7.0000;LWFF;92.0783
2780;h_5;;0.0000;0.0000;0.0000;LWFF;0.0000
2780;h_4;;0.0000;0.0000;0.0000;LWFF;0.0000
2780;h_3;3|5|0|7;2.7344;7.8125;7.0000;LWFF;92.4119
2780;h_2;;0.0000;0.0000;0.0000;LWFF;0.0000
2780;h_1;;0.0000;0.0000;0.0000;LWFF;0.0000
2780;h_0;4|2|1|6;2.7344;7.8125;7.0000;LWFF;92.4119
2790;h_5;;0.0000;0.0000;0.0000;LWFF;0.0000
2790;h_4;;0.0000;0.0000;0.0000;LWFF;0.0000
2790;h_3;3|5|0|7;2.7344;7.8125;7.0000;LWFF;92.7455
2790;h_2;;0.0000;0.0000;0.0000;LWFF;0.0000
2790;h_1;;0.0000;0.0000;0.0000;LWFF;0.0000
2790;h_0;4|2|1|6;2.7344;7.8125;7.0000;LWFF;92.7455
2800;h_5;;0.0000;0.0000;0.0000;LWFF;0.0000
2800;h_4;;0.0000;0.0000;0.0000;LWFF;0.0000
2800;h_3;3|5|0|7;2.7344;7.8125;7.0000;LWFF;93.0790
2800;h_2;;0.0000;0.0000;0.0000;LWFF;0.0000
2800;h_1;;0.0000;0.0000;0.0000;LWFF;0.0000
2800;h_0;4|2|1|6;2.7344;7.8125;7.0000;LWFF;93.0790
2810;h_5;;0.0000;0.0000;0.0000;LWFF;0.0000
2810;h_4;;0.0000;0.0000;0.0000;LWFF;0.0000
2810;h_3;3|5|0|7;2.7344;7.8125;7.0000;LWFF;93.4126
2810;h_2;;0.0000;0.0000;0.0000;LWFF;0.0000
2810;h_1;;0.0000;0.0000;0.0000;LWFF;0.0000
2810;h_0;4|2|1|6;2.7344;7.8125;7.0000;LWFF;93.4126
2820;h_5;;0.0000;0.0000;0.0000;LWFF;0.0000
2820;h_4;;0.0000;0.0000;0.0000;LWFF;0.0000
2820;h_3;3|5|0|7;2.7344;7.8125;7.0000;LWFF;93.7462
2820;h_2;;0.0000;0.0000;0.0000;LWFF;0.0000
2820;h_1;;0.0000;0.0000;0.0000;LWFF;0.0000
2820;h_0;4|2|1|6;2.7344;7.8125;7.0000;LWFF;93.7462
2830;h_5;;0.0000;0.0000;0.0000;LWFF;0.0000
2830;h_4;;0.0000;0.0000;0.0000;LWFF;0.0000
2830;h_3;3|5|0|7;2.7344;7.8125;7.0000;LWFF;94.0798
2830;h_2;;0.0000;0.0000;0.0000;LWFF;0.0000
2830;h_1;;0.0000;0.0000;0.0000;LWFF;0.0000
2830;h_0;4|2|1|6;2.7344;7.8125;7.0000;LWFF;94.0798
2840;h_5;;0.0000;0.0000;0.0000;LWFF;0.0000
2840;h_4;;0.0000;0.0000;0.0000;LWFF;0.0000
2840;h_3;3|5|0|7;2.7344;7.8125;7.0000;LWFF;94.4133
2840;h_2;;0.0000;0.0000;0.0000;LWFF;0.0000
2840;h_1;;0.0000;0.0000;0.0000;LWFF;0.0000
2840;h_0;4|2|1|6;2.7344;7.8125;7.0000;LWFF;94.4133
2850;h_5;;0.0000;0.0000;0.0000;LWFF;0.0000
2850;h_4;;0.0000;0.0000;0.0000;LWFF;0.0000
2850;h_3;3|5|0|7;2.7344;7.8125;7.0000;LWFF;94.7469
2850;h_2;;0.0000;0.0000;0.0000;LWFF;0.0000
2850;h_1;;0.0000;0.0000;0.0000;LWFF;0.0000
2850;h_0;4|2|1|6;2.7344;7.8125;7.0000;LWFF;94.7469
2860;h_5;;0.0000;0.0000;0.0000;LWFF;0.0000
2860;h_4;;0.0000;0.0000;0.0000;LWFF;0.0000
2860;h_3;3|5|0|7;2.7344;7.8125;7.0000;LWFF;95.0805
2860;h_2;;0.0000;0.0000;0.0000;LWFF;0.0000
2860;h_1;;0.0000;0.0000;0.0000;LWFF;0.0000
2860;h_0;4|2|1|6;2.7344;7.8125;7.0000;LWFF;95.0805
2870;h_5;;0.0000;0.0000;0.0000;LWFF;0.0000
2870;h_4;;0.0000;0.0000;0.0000;LWFF;0.0000
2870;h_3;3|5|0|7;2.7344;7.8125;7.0000;LWFF;95.4141
2870;h_2;;0.0000;0.0000;0.0000;LWFF;0.0000
2870;h_1;;0.0000;0.0000;0.0000;LWFF;0.0000
2870;h_0;4|2|1|6;2.7344;7.8125;7.0000;LWFF;95.4141
2880;h_5;;0.0000;0.0000;0.0000;LWFF;0.0000
2880;h_4;;0.0000;0.0000;0.0000;LWFF;0.0000
2880;h_3;3|5|0|7;2.7344;7.8125;7.0000;LWFF;95.7477
2880;h_2;;0.0000;0.0000;0.0000;LWFF;0.0000
2880;h_1;;0.0000;0.0000;0.0000;LWFF;0.0000
2880;h_0;4|2|1|6;2.7344;7.8125;7.0000;LWFF;95.7477
2890;h_5;;0.0000;0.0000;0.0000;LWFF;0.0000
2890;h_4;;0.0000;0.0000;0.0000;LWFF;0.0000
2890;h_3;3|5|0|7;2.7344;7.8125;7.0000;LWFF;96.0812
2890;h_2;;0.0000;0.0000;0.0000;LWFF;0.0000
2890;h_1;;0.0000;0.0000;0.0000;LWFF;0.0000
2890;h_0;4|2|1|6;2.7344;7.8125;7.0000;LWFF;96.0812
2900;h_5;;0.0000;0.0000;0.0000;LWFF;0.0000
2900;h_4;;0.0000;0.0000;0.0000;LWFF;0.0000
2900;h_3;3|5|0|7;2.7344;7.8125;7.0000;LWFF;96.4148
2900;h_2;;0.0000;0.0000;0.0000;LWFF;0.0000
2900;h_1;;0.0000;0.0000;0.0000;LWFF;0.0000
2900;h_0;4|2|1|6;2.7344;7.8125;7.0000;LWFF;96.4148
2910;h_5;;0.0000;0.0000;0.0000;LWFF;0.0000
2910;h_4;;0.0000;0.0000;0.0000;LWFF;0.0000
2910;h_3;3|5|0|7;2.7344;7.8125;7.0000;LWFF;96.7484
2910;h_2;;0.0000;0.0000;0.0000;LWFF;0.0000
2910;h_1;;0.0000;0.0000;0.0000;LWFF;0.0000
2910;h_0;4|2|1|6;2.7344;7.8125;7.0000;LWFF;96.7484
2920;h_5;;0.0000;0.0000;0.0000;LWFF;0.0000
2920;h_4;;0.0000;0.0000;0.0000;LWFF;0.0000
2920;h_3;3|5|0|7;2.7344;7.8125;7.0000;LWFF;97.0820
2920;h_2;;0.0000;0.0000;0.0000;LWFF;0.0000
2920;h_1;;0.0000;0.0000;0.0000;LWFF;0.0000
2920;h_0;4|2|1|6;2.7344;7.8125;7.0000;LWFF;97.0820
2930;h_5;;0.0000;0.0000;0.0000;LWFF;0.0000
2930;h_4;;0.0000;0.0000;0.0000;LWFF;0.0000
2930;h_3;3|5|0|7;2.7344;7.8125;7.0000;LWFF;97.4155
2930;h_2;;0.0000;0.0000;0.0000;LWFF;0.0000
2930;h_1;;0.0000;0.0000;0.0000;LWFF;0.0000
2930;h_0;4|2|1|6;2.7344;7.8125;7.0000;LWFF;97.4155
2940;h_5;;0.0000;0.0000;0.0000;LWFF;0.0000
2940;h_4;;0.0000;0.0000;0.0000;LWFF;0.0000
2940;h_3;3|5|0|7;2.7344;7.8125;7.0000;LWFF;97.7491
2940;h_2;;0.0000;0.0000;0.0000;LWFF;0.0000
2940;h_1;;0.0000;0.0000;0.0000;LWFF;0.0000
2940;h_0;4|2|1|6;2.7344;7.8125;7.0000;LWFF;97.7491
2950;h_5;;0.0000;0.0000;0.0000;LWFF;0.0000
2950;h_4;;0.0000;0.0000;0.0000;LWFF;0.0000
2950;h_3;3|5|0|7;2.7344;7.8125;7.0000;LWFF;98.0827
2950;h_2;;0.0000;0.0000;0.0000;LWFF;0.0000
2950;h_1;;0.0000;0.0000;0.0000;LWFF;0.0000
2950;h_0;4|2|1|6;2.7344;7.8125;7.0000;LWFF;98.0827
2960;h_5;;0.0000;0.0000;0.0000;LWFF;0.0000
2960;h_4;;0.0000;0.0000;0.0000;LWFF;0.0000
2960;h_3;3|5|0|7;2.7344;7.8125;7.0000;LWFF;98.4163
2960;h_2;;0.0000;0.0000;0.0000;LWFF;0.0000
2960;h_1;;0.0000;0.0000;0.0000;LWFF;0.0000
2960;h_0;4|2|1|6;2.7344;7.8125;7.0000;LWFF;98.4163
2970;h_5;;0.0000;0.0000;0.0000;LWFF;0.0000
2970;h_4;;0.0000;0.0000;0.0000;LWFF;0.0000
2970;h_3;3|5|0|7;2.7344;7.8125;7.0000;LWFF;98.7499
2970;h_2;;0.0000;0.0000;0.0000;LWFF;0.0000
2970;h_1;;0.0000;0.0000;0.0000;LWFF;0.0000
2970;h_0;4|2|1|6;2.7344;7.8125;7.0000;LWFF;98.7499
2980;h_5;;0.0000;0.0000;0.0000;LWFF;0.0000
2980;h_4;;0.0000;0.0000;0.0000;LWFF;0.0000
2980;h_3;3|5|0|7;2.7344;7.8125;7.0000;LWFF;99.0834
2980;h_2;;0.0000;0.0000;0.0000;LWFF;0.0000
2980;h_1;;0.0000;0.0000;0.0000;LWFF;0.0000
2980;h_0;4|2|1|6;2.7344;7.8125;7.0000;LWFF;99.0834
2990;h_5;;0.0000;0.0000;0.0000;LWFF;0.0000
2990;h_4;;0.0000;0.0000;0.0000;LWFF;0.0000
2990;h_3;3|5|0|7;2.7344;7.8125;7.0000;LWFF;99.4170
2990;h_2;;0.0000;0.0000;0.0000;LWFF;0.0000
2990;h_1;;0.0000;0.0000;0.0000;LWFF;0.0000
2990;h_0;4|2|1|6;2.7344;7.8125;7.0000;LWFF;99.4170
3000;h_5;;0.0000;0.0000;0.0000;LWFF;0.0000
3000;h_4;;0.0000;0.0000;0.0000;LWFF;0.0000
3000;h_3;3|5|0|7;2.7344;7.8125;7.0000;LWFF;99.7506
3000;h_2;;0.0000;0.0000;0.0000;LWFF;0.0000
3000;h_1;;0.0000;0.0000;0.0000;LWFF;0.0000
3000;h_0;4|2|1|6;2.7344;7.8125;7.0000;LWFF;99.7506
3010;h_5;;0.0000;0.0000;0.0000;LWFF;0.0000
3010;h_4;;0.0000;0.0000;0.0000;LWFF;0.0000
3010;h_3;3|5|0|7;2.7344;7.8125;7.0000;LWFF;100.0842
3010;h_2;;0.0000;0.0000;0.0000;LWFF;0.0000
3010;h_1;;0.0000;0.0000;0.0000;LWFF;0.0000
3010;h_0;4|2|1|6;2.7344;7.8125;7.0000;LWFF;100.0842
