pkt_id;src;dest;psize;delay_ms;proc_delay_ms;prop_delay_ms;trans_delay_ms;queue_delay_ms;vm_policy;link_policy;wf_policy
1;app0;db0;5000000;10150.6659;150.0;0.222;400.0;9600.0039;LFF;BLA;Priority
3;app0;web0;5000000;9750.6659;350.0;0.222;400.0;9000.0039;LFF;BLA;Priority
0;web0;app0;10000000;11700.6659;100.0;0.222;800.0;10800.0039;LFF;BLA;Priority
8;web0;app0;10000000;7700.6659;100.0;0.222;800.0;6800.0039;LFF;BLA;Priority
12;web1;app0;5000000;5800.402;1000.0;0.201;400.0;4399.801;LFF;BLA;Priority
4;web1;app0;20000000;12200.402;1000.0;0.201;1600.0;9599.801;LFF;BLA;Priority
9;app0;db0;50000000;16950.6659;150.0;0.222;4000.0;12800.0039;LFF;BLA;Priority
17;app0;db0;50000000;13250.6659;250.0;0.222;4000.0;9000.0039;LFF;BLA;Priority
24;web0;app0;10000000;10000.6659;200.0;0.222;800.0;9000.0039;LFF;BLA;Priority
11;app0;web0;50000000;16550.6659;350.0;0.222;4000.0;12200.0039;LFF;BLA;Priority
19;app0;web0;10000000;13550.6658;550.0;0.222;800.0;12200.0039;LFF;BLA;Priority
35;app0;web0;20000000;8550.6658;750.0;0.222;1600.0;6200.0039;LFF;BLA;Priority
16;web0;app0;75000000;19600.6659;200.0;0.222;6000.0;13400.0039;LFF;BLA;Priority
47;app0;web1;5000000;7000.4019;350.0;0.201;400.0;6249.8009;LFF;BLA;Priority
45;app0;db0;5000000;8150.6658;150.0;0.222;400.0;7600.0039;LFF;BLA;Priority
26;db0;app0;50000000;18600.6658;200.0;0.222;4000.0;14400.0039;LFF;BLA;Priority
2;db0;app0;100000000;32450.6658;150.0;0.222;8000.0;24300.0039;LFF;BLA;Priority
10;db0;app0;100000000;28450.6658;150.0;0.222;8000.0;20300.0039;LFF;BLA;Priority
40;web0;app0;20000000;13830.6659;10.0;0.222;1600.0;12220.0039;LFF;BLA;Priority
5;app0;db0;10000000;31400.6659;7500.0;0.222;800.0;23100.0039;LFF;BLA;Priority
13;app0;db0;20000000;29800.6659;7500.0;0.222;1600.0;20700.0039;LFF;BLA;Priority
33;app0;db0;75000000;21850.6658;450.0;0.222;6000.0;15400.0039;LFF;BLA;Priority
28;web1;app0;5000000;25800.402;10000.0;0.201;400.0;15399.801;LFF;BLA;Priority
18;db0;app0;100000000;34600.6658;200.0;0.222;8000.0;26400.0039;LFF;BLA;Priority
25;app0;db0;100000000;31250.6658;250.0;0.222;8000.0;23000.0039;LFF;BLA;Priority
34;db0;app0;100000000;27050.6658;350.0;0.222;8000.0;18700.0039;LFF;BLA;Priority
32;web0;app0;100000000;28200.6659;400.0;0.222;8000.0;19800.0039;LFF;BLA;Priority
27;app0;web0;100000000;30850.6658;450.0;0.222;8000.0;22400.0039;LFF;BLA;Priority
44;web1;app0;100000000;23200.4019;100.0;0.201;8000.0;15099.801;LFF;BLA;Priority
20;web1;app0;50000000;37000.402;10000.0;0.201;4000.0;22999.801;LFF;BLA;Priority
42;db0;app0;75000000;26045.6658;15.0;0.222;6000.0;20030.0039;LFF;BLA;Priority
43;app0;web0;75000000;25605.6658;35.0;0.222;6000.0;19570.0039;LFF;BLA;Priority
48;web0;app0;75000000;24800.6659;600.0;0.222;6000.0;18200.0039;LFF;BLA;Priority
14;db0;app0;75000000;42500.6658;7500.0;0.222;6000.0;29000.0039;LFF;BLA;Priority
41;app0;db0;100000000;32545.6658;15.0;0.222;8000.0;24530.0039;LFF;BLA;Priority
46;db0;app0;100000000;30450.6658;150.0;0.222;8000.0;22300.0039;LFF;BLA;Priority
6;db0;app0;100000000;52500.6658;7500.0;0.222;8000.0;37000.0039;LFF;BLA;Priority
49;app0;db0;100000000;31350.6658;950.0;0.222;8000.0;22400.0039;LFF;BLA;Priority
15;app0;web1;75000000;48500.4019;17500.0;0.201;6000.0;24999.801;LFF;BLA;Priority
30;db0;app0;5000000;42700.6658;12500.0;0.222;400.0;29800.0039;LFF;BLA;Priority
7;app0;web1;100000000;56500.4019;17500.0;0.201;8000.0;30999.801;LFF;BLA;Priority
36;web1;app0;10000000;52600.4019;25000.0;0.201;800.0;26799.801;LFF;BLA;Priority
31;app0;web1;10000000;60100.4019;27500.0;0.201;800.0;31799.801;LFF;BLA;Priority
21;app0;db0;100000000;70000.6658;12500.0;0.222;8000.0;49500.0039;LFF;BLA;Priority
22;db0;app0;100000000;77000.6658;15000.0;0.222;8000.0;54000.0039;LFF;BLA;Priority
38;db0;app0;5000000;71200.6658;20000.0;0.222;400.0;50800.0039;LFF;BLA;Priority
23;app0;web1;50000000;80500.4019;32500.0;0.201;4000.0;43999.801;LFF;BLA;Priority
29;app0;db0;100000000;81000.6658;17500.0;0.222;8000.0;55500.0039;LFF;BLA;Priority
39;app0;web1;20000000;97700.4019;42500.0;0.201;1600.0;53599.8009;LFF;BLA;Priority
37;app0;db0;20000000;117800.6658;37500.0;0.222;1600.0;78700.0039;LFF;BLA;Priority
47;app0;web1;5000000;10070.4019;350.0;0.201;400.0;9319.8009;LFF;BLA;PSO
45;app0;db0;5000000;10400.6658;150.0;0.222;400.0;9850.0039;LFF;BLA;PSO
1;app0;db0;5000000;10350.6658;150.0;0.222;400.0;9799.8039;LFF;BLA;PSO
3;app0;web0;5000000;11190.6659;350.0;0.222;400.0;10440.0039;LFF;BLA;PSO
0;web0;app0;10000000;11610.6659;100.0;0.222;800.0;10710.0039;LFF;BLA;PSO
8;web0;app0;10000000;11340.6658;100.0;0.222;800.0;10440.0039;LFF;BLA;PSO
12;web1;app0;5000000;11780.402;1000.0;0.201;400.0;10379.801;LFF;BLA;PSO
24;web0;app0;10000000;11990.6659;200.0;0.222;800.0;10990.0039;LFF;BLA;PSO
19;app0;web0;10000000;12810.6658;550.0;0.222;800.0;11460.0039;LFF;BLA;PSO
40;web0;app0;20000000;13720.6659;10.0;0.222;1600.0;12110.0039;LFF;BLA;PSO
4;web1;app0;20000000;14070.4019;1000.0;0.201;1600.0;11469.801;LFF;BLA;PSO
35;app0;web0;20000000;15680.6658;750.0;0.222;1600.0;13330.0039;LFF;BLA;PSO
9;app0;db0;50000000;21250.6659;150.0;0.222;4000.0;17100.0039;LFF;BLA;PSO
26;db0;app0;50000000;21440.6659;200.0;0.222;4000.0;17240.0039;LFF;BLA;PSO
17;app0;db0;50000000;21710.6659;250.0;0.222;4000.0;17460.0039;LFF;BLA;PSO
11;app0;web0;50000000;21900.6659;350.0;0.222;4000.0;17550.0039;LFF;BLA;PSO
44;web1;app0;100000000;25200.402;100.0;0.201;8000.0;17099.801;LFF;BLA;PSO
42;db0;app0;75000000;26965.6659;15.0;0.222;6000.0;20950.0039;LFF;BLA;PSO
43;app0;web0;75000000;27035.6659;35.0;0.222;6000.0;21000.0039;LFF;BLA;PSO
16;web0;app0;75000000;27250.6658;200.0;0.222;6000.0;21050.0039;LFF;BLA;PSO
33;app0;db0;75000000;28120.6658;450.0;0.222;6000.0;21670.0039;LFF;BLA;PSO
48;web0;app0;75000000;28770.6659;600.0;0.222;6000.0;22170.0039;LFF;BLA;PSO
28;web1;app0;5000000;29590.4019;10000.0;0.201;400.0;19189.801;LFF;BLA;PSO
41;app0;db0;100000000;32565.6658;15.0;0.222;8000.0;24550.0039;LFF;BLA;PSO
10;db0;app0;100000000;33270.6659;150.0;0.222;8000.0;25120.0039;LFF;BLA;PSO
46;db0;app0;100000000;33110.6658;150.0;0.222;8000.0;24960.0039;LFF;BLA;PSO
2;db0;app0;100000000;32990.6658;150.0;0.222;8000.0;24840.0039;LFF;BLA;PSO
18;db0;app0;100000000;33500.6659;200.0;0.222;8000.0;25300.0039;LFF;BLA;PSO
25;app0;db0;100000000;33700.6659;250.0;0.222;8000.0;25450.0039;LFF;BLA;PSO
5;app0;db0;10000000;33630.6658;7500.0;0.222;800.0;25330.0039;LFF;BLA;PSO
34;db0;app0;100000000;33830.6659;350.0;0.222;8000.0;25480.0039;LFF;BLA;PSO
32;web0;app0;100000000;34080.6659;400.0;0.222;8000.0;25680.0039;LFF;BLA;PSO
27;app0;web0;100000000;34180.6659;450.0;0.222;8000.0;25730.0039;LFF;BLA;PSO
49;app0;db0;100000000;35400.6658;950.0;0.222;8000.0;26450.0039;LFF;BLA;PSO
13;app0;db0;20000000;35920.6658;7500.0;0.222;1600.0;26820.0039;LFF;BLA;PSO
20;web1;app0;50000000;36860.4019;10000.0;0.201;4000.0;22859.801;LFF;BLA;PSO
30;db0;app0;5000000;47440.6658;12500.0;0.222;400.0;34539.7839;LFF;BLA;PSO
14;db0;app0;75000000;49180.6658;7500.0;0.222;6000.0;35680.0039;LFF;BLA;PSO
6;db0;app0;100000000;55010.6658;7500.0;0.222;8000.0;39510.0039;LFF;BLA;PSO
15;app0;web1;75000000;55590.4019;17500.0;0.201;6000.0;32089.8009;LFF;BLA;PSO
7;app0;web1;100000000;59690.4019;17500.0;0.201;8000.0;34189.5809;LFF;BLA;PSO
36;web1;app0;10000000;60320.4019;25000.0;0.201;800.0;34519.801;LFF;BLA;PSO
31;app0;web1;10000000;65270.4019;27500.0;0.201;800.0;36969.8009;LFF;BLA;PSO
38;db0;app0;5000000;69800.6658;20000.0;0.222;400.0;49400.0039;LFF;BLA;PSO
21;app0;db0;100000000;70210.6658;12500.0;0.222;8000.0;49710.0039;LFF;BLA;PSO
22;db0;app0;100000000;77560.6658;15000.0;0.222;8000.0;54560.0039;LFF;BLA;PSO
23;app0;web1;50000000;81610.4019;32500.0;0.201;4000.0;45109.8009;LFF;BLA;PSO
29;app0;db0;100000000;85310.6659;17500.0;0.222;8000.0;59810.0039;LFF;BLA;PSO
39;app0;web1;20000000;96780.4019;42500.0;0.201;1600.0;52679.8009;LFF;BLA;PSO
37;app0;db0;20000000;125830.6658;37500.0;0.222;1600.0;86730.0039;LFF;BLA;PSO
1;app0;db0;5000000;10150.6659;150.0;0.222;400.0;9600.0039;LFF;BLA;SJF
3;app0;web0;5000000;9750.6659;350.0;0.222;400.0;9000.0039;LFF;BLA;SJF
0;web0;app0;10000000;11700.6659;100.0;0.222;800.0;10800.0039;LFF;BLA;SJF
8;web0;app0;10000000;7700.6659;100.0;0.222;800.0;6800.0039;LFF;BLA;SJF
12;web1;app0;5000000;5800.4019;1000.0;0.201;400.0;4399.8009;LFF;BLA;SJF
4;web1;app0;20000000;12200.4019;1000.0;0.201;1600.0;9599.8009;LFF;BLA;SJF
9;app0;db0;50000000;16950.6659;150.0;0.222;4000.0;12800.0039;LFF;BLA;SJF
17;app0;db0;50000000;13250.6659;250.0;0.222;4000.0;9000.0039;LFF;BLA;SJF
24;web0;app0;10000000;10000.6659;200.0;0.222;800.0;9000.0039;LFF;BLA;SJF
11;app0;web0;50000000;16550.6659;350.0;0.222;4000.0;12200.0039;LFF;BLA;SJF
19;app0;web0;10000000;13550.6658;550.0;0.222;800.0;12200.0039;LFF;BLA;SJF
35;app0;web0;20000000;8550.6658;750.0;0.222;1600.0;6200.0039;LFF;BLA;SJF
16;web0;app0;75000000;19600.6659;200.0;0.222;6000.0;13400.0039;LFF;BLA;SJF
47;app0;web1;5000000;7000.4019;350.0;0.201;400.0;6249.801;LFF;BLA;SJF
45;app0;db0;5000000;8150.6659;150.0;0.222;400.0;7600.0039;LFF;BLA;SJF
26;db0;app0;50000000;18600.6659;200.0;0.222;4000.0;14400.0039;LFF;BLA;SJF
2;db0;app0;100000000;32450.6659;150.0;0.222;8000.0;24300.0039;LFF;BLA;SJF
10;db0;app0;100000000;28450.6659;150.0;0.222;8000.0;20300.0039;LFF;BLA;SJF
40;web0;app0;20000000;13830.6659;10.0;0.222;1600.0;12220.0039;LFF;BLA;SJF
5;app0;db0;10000000;31400.6658;7500.0;0.222;800.0;23100.0039;LFF;BLA;SJF
13;app0;db0;20000000;29800.6658;7500.0;0.222;1600.0;20700.0039;LFF;BLA;SJF
33;app0;db0;75000000;21850.6658;450.0;0.222;6000.0;15400.0039;LFF;BLA;SJF
28;web1;app0;5000000;25800.4019;10000.0;0.201;400.0;15399.8009;LFF;BLA;SJF
18;db0;app0;100000000;34600.6659;200.0;0.222;8000.0;26400.0039;LFF;BLA;SJF
25;app0;db0;100000000;31250.6659;250.0;0.222;8000.0;23000.0039;LFF;BLA;SJF
34;db0;app0;100000000;27050.6658;350.0;0.222;8000.0;18700.0039;LFF;BLA;SJF
32;web0;app0;100000000;28200.6659;400.0;0.222;8000.0;19800.0039;LFF;BLA;SJF
27;app0;web0;100000000;30850.6658;450.0;0.222;8000.0;22400.0039;LFF;BLA;SJF
44;web1;app0;100000000;23200.402;100.0;0.201;8000.0;15099.801;LFF;BLA;SJF
20;web1;app0;50000000;37000.4019;10000.0;0.201;4000.0;22999.8009;LFF;BLA;SJF
42;db0;app0;75000000;26045.6659;15.0;0.222;6000.0;20030.0039;LFF;BLA;SJF
43;app0;web0;75000000;25605.6659;35.0;0.222;6000.0;19570.0039;LFF;BLA;SJF
48;web0;app0;75000000;24800.6658;600.0;0.222;6000.0;18200.0039;LFF;BLA;SJF
14;db0;app0;75000000;42500.6658;7500.0;0.222;6000.0;29000.0039;LFF;BLA;SJF
41;app0;db0;100000000;32545.6659;15.0;0.222;8000.0;24530.0039;LFF;BLA;SJF
46;db0;app0;100000000;30450.6659;150.0;0.222;8000.0;22300.0039;LFF;BLA;SJF
6;db0;app0;100000000;52500.6658;7500.0;0.222;8000.0;37000.0039;LFF;BLA;SJF
49;app0;db0;100000000;31350.6658;950.0;0.222;8000.0;22400.0039;LFF;BLA;SJF
15;app0;web1;75000000;48500.4019;17500.0;0.201;6000.0;24999.8009;LFF;BLA;SJF
30;db0;app0;5000000;42700.6658;12500.0;0.222;400.0;29800.0039;LFF;BLA;SJF
7;app0;web1;100000000;56500.4019;17500.0;0.201;8000.0;30999.8009;LFF;BLA;SJF
36;web1;app0;10000000;52600.4019;25000.0;0.201;800.0;26799.8009;LFF;BLA;SJF
31;app0;web1;10000000;60100.4019;27500.0;0.201;800.0;31799.8009;LFF;BLA;SJF
21;app0;db0;100000000;70000.6658;12500.0;0.222;8000.0;49500.0039;LFF;BLA;SJF
22;db0;app0;100000000;77000.6658;15000.0;0.222;8000.0;54000.0039;LFF;BLA;SJF
38;db0;app0;5000000;71200.6658;20000.0;0.222;400.0;50800.0039;LFF;BLA;SJF
23;app0;web1;50000000;80500.4019;32500.0;0.201;4000.0;43999.8009;LFF;BLA;SJF
29;app0;db0;100000000;81000.6658;17500.0;0.222;8000.0;55500.0039;LFF;BLA;SJF
39;app0;web1;20000000;97700.4019;42500.0;0.201;1600.0;53599.8009;LFF;BLA;SJF
37;app0;db0;20000000;117800.6658;37500.0;0.222;1600.0;78700.0039;LFF;BLA;SJF
12;web1;app0;5000000;5800.402;1000.0;0.201;400.0;4400.201;LFF;First;Priority
1;app0;db0;5000000;11351.2059;150.0;0.402;800.0;10400.8039;LFF;First;Priority
3;app0;web0;5000000;10951.2059;350.0;0.402;800.0;9800.8039;LFF;First;Priority
0;web0;app0;10000000;14101.2059;100.0;0.402;1600.0;12400.8039;LFF;First;Priority
8;web0;app0;10000000;10101.2059;100.0;0.402;1600.0;8400.8039;LFF;First;Priority
4;web1;app0;20000000;12200.402;1000.0;0.201;1600.0;9600.201;LFF;First;Priority
24;web0;app0;10000000;12401.2059;200.0;0.402;1600.0;10600.8039;LFF;First;Priority
19;app0;web0;10000000;15951.2058;550.0;0.402;1600.0;13800.8039;LFF;First;Priority
47;app0;web1;5000000;7000.4019;350.0;0.201;400.0;6250.2009;LFF;First;Priority
35;app0;web0;20000000;13351.2058;750.0;0.402;3200.0;9400.8039;LFF;First;Priority
45;app0;db0;5000000;9351.2058;150.0;0.402;800.0;8400.8039;LFF;First;Priority
9;app0;db0;50000000;28951.2059;150.0;0.402;8000.0;20800.8039;LFF;First;Priority
17;app0;db0;50000000;25251.2059;250.0;0.402;8000.0;17000.8039;LFF;First;Priority
11;app0;web0;50000000;28551.2059;350.0;0.402;8000.0;20200.8039;LFF;First;Priority
5;app0;db0;10000000;33801.2059;7500.0;0.402;1600.0;24700.8039;LFF;First;Priority
40;web0;app0;20000000;18631.2059;10.0;0.402;3200.0;15420.8039;LFF;First;Priority
28;web1;app0;5000000;25800.402;10000.0;0.201;400.0;15400.201;LFF;First;Priority
13;app0;db0;20000000;34601.2059;7500.0;0.402;3200.0;23900.8039;LFF;First;Priority
26;db0;app0;50000000;30601.2058;200.0;0.402;8000.0;22400.8039;LFF;First;Priority
44;web1;app0;100000000;23200.4019;100.0;0.201;8000.0;15100.201;LFF;First;Priority
16;web0;app0;75000000;37601.2059;200.0;0.402;12000.0;25400.8039;LFF;First;Priority
20;web1;app0;50000000;37000.402;10000.0;0.201;4000.0;23000.201;LFF;First;Priority
15;app0;web1;75000000;48500.4019;17500.0;0.201;6000.0;25000.201;LFF;First;Priority
33;app0;db0;75000000;39851.2058;450.0;0.402;12000.0;27400.8039;LFF;First;Priority
2;db0;app0;100000000;56451.2058;150.0;0.402;16000.0;40300.8039;LFF;First;Priority
10;db0;app0;100000000;52451.2058;150.0;0.402;16000.0;36300.8039;LFF;First;Priority
30;db0;app0;5000000;43901.2058;12500.0;0.402;800.0;30600.8039;LFF;First;Priority
7;app0;web1;100000000;56500.4019;17500.0;0.201;8000.0;31000.201;LFF;First;Priority
42;db0;app0;75000000;44046.2058;15.0;0.402;12000.0;32030.8039;LFF;First;Priority
43;app0;web0;75000000;43606.2058;35.0;0.402;12000.0;31570.8039;LFF;First;Priority
48;web0;app0;75000000;42801.2059;600.0;0.402;12000.0;30200.8039;LFF;First;Priority
14;db0;app0;75000000;60501.2058;7500.0;0.402;12000.0;41000.8039;LFF;First;Priority
18;db0;app0;100000000;58601.2058;200.0;0.402;16000.0;42400.8039;LFF;First;Priority
25;app0;db0;100000000;55251.2058;250.0;0.402;16000.0;39000.8039;LFF;First;Priority
34;db0;app0;100000000;51051.2058;350.0;0.402;16000.0;34700.8039;LFF;First;Priority
32;web0;app0;100000000;52201.2059;400.0;0.402;16000.0;35800.8039;LFF;First;Priority
27;app0;web0;100000000;54851.2058;450.0;0.402;16000.0;38400.8039;LFF;First;Priority
36;web1;app0;10000000;52600.4019;25000.0;0.201;800.0;26800.201;LFF;First;Priority
31;app0;web1;10000000;60100.4019;27500.0;0.201;800.0;31800.201;LFF;First;Priority
41;app0;db0;100000000;56546.2058;15.0;0.402;16000.0;40530.8039;LFF;First;Priority
46;db0;app0;100000000;54451.2058;150.0;0.402;16000.0;38300.8039;LFF;First;Priority
6;db0;app0;100000000;76501.2058;7500.0;0.402;16000.0;53000.8039;LFF;First;Priority
49;app0;db0;100000000;55351.2058;950.0;0.402;16000.0;38400.8039;LFF;First;Priority
38;db0;app0;5000000;72401.2058;20000.0;0.402;800.0;51600.8039;LFF;First;Priority
23;app0;web1;50000000;80500.4019;32500.0;0.201;4000.0;44000.201;LFF;First;Priority
21;app0;db0;100000000;94001.2058;12500.0;0.402;16000.0;65500.8039;LFF;First;Priority
22;db0;app0;100000000;101001.2058;15000.0;0.402;16000.0;70000.8039;LFF;First;Priority
39;app0;web1;20000000;97700.4019;42500.0;0.201;1600.0;53600.2009;LFF;First;Priority
29;app0;db0;100000000;105001.2058;17500.0;0.402;16000.0;71500.8039;LFF;First;Priority
37;app0;db0;20000000;122601.2058;37500.0;0.402;3200.0;81900.8039;LFF;First;Priority
47;app0;web1;5000000;10390.4019;350.0;0.201;400.0;9640.201;LFF;First;PSO
12;web1;app0;5000000;11630.4019;1000.0;0.201;400.0;10230.201;LFF;First;PSO
1;app0;db0;5000000;11551.2058;150.0;0.402;800.0;10600.8039;LFF;First;PSO
45;app0;db0;5000000;11501.2058;150.0;0.402;800.0;10550.8039;LFF;First;PSO
3;app0;web0;5000000;12301.2059;350.0;0.402;800.0;11150.8039;LFF;First;PSO
8;web0;app0;10000000;13971.2059;100.0;0.402;1600.0;12270.8039;LFF;First;PSO
0;web0;app0;10000000;13831.2058;100.0;0.402;1600.0;12130.8039;LFF;First;PSO
4;web1;app0;20000000;13990.4019;1000.0;0.201;1600.0;11390.201;LFF;First;PSO
24;web0;app0;10000000;14111.2058;200.0;0.402;1600.0;12310.8039;LFF;First;PSO
19;app0;web0;10000000;15381.2059;550.0;0.402;1600.0;13230.8039;LFF;First;PSO
40;web0;app0;20000000;18491.2059;10.0;0.402;3200.0;15280.8039;LFF;First;PSO
35;app0;web0;20000000;20751.2059;750.0;0.402;3200.0;16800.8039;LFF;First;PSO
44;web1;app0;100000000;25080.4019;100.0;0.201;8000.0;16980.201;LFF;First;PSO
28;web1;app0;5000000;29740.402;10000.0;0.201;400.0;19340.201;LFF;First;PSO
9;app0;db0;50000000;33291.2059;150.0;0.402;8000.0;25140.8039;LFF;First;PSO
26;db0;app0;50000000;33361.2058;200.0;0.402;8000.0;25160.8039;LFF;First;PSO
17;app0;db0;50000000;33571.2059;250.0;0.402;8000.0;25320.8039;LFF;First;PSO
11;app0;web0;50000000;33641.2058;350.0;0.402;8000.0;25290.8039;LFF;First;PSO
5;app0;db0;10000000;36021.2058;7500.0;0.402;1600.0;26920.8039;LFF;First;PSO
20;web1;app0;50000000;36540.4019;10000.0;0.201;4000.0;22540.2009;LFF;First;PSO
13;app0;db0;20000000;40731.2058;7500.0;0.402;3200.0;30030.8039;LFF;First;PSO
42;db0;app0;75000000;45026.2059;15.0;0.402;12000.0;33010.8039;LFF;First;PSO
43;app0;web0;75000000;45106.2059;35.0;0.402;12000.0;33070.8039;LFF;First;PSO
16;web0;app0;75000000;45221.2058;200.0;0.402;12000.0;33020.8039;LFF;First;PSO
33;app0;db0;75000000;45881.2058;450.0;0.402;12000.0;33430.8039;LFF;First;PSO
48;web0;app0;75000000;46441.2058;600.0;0.402;12000.0;33840.8039;LFF;First;PSO
30;db0;app0;5000000;48861.2059;12500.0;0.402;800.0;35560.8039;LFF;First;PSO
15;app0;web1;75000000;55560.4019;17500.0;0.201;6000.0;32060.2009;LFF;First;PSO
41;app0;db0;100000000;56816.2058;15.0;0.402;16000.0;40800.8039;LFF;First;PSO
10;db0;app0;100000000;57441.2059;150.0;0.402;16000.0;41290.8039;LFF;First;PSO
2;db0;app0;100000000;57421.2059;150.0;0.402;16000.0;41270.8039;LFF;First;PSO
46;db0;app0;100000000;57111.2058;150.0;0.402;16000.0;40960.8039;LFF;First;PSO
18;db0;app0;100000000;57551.2059;200.0;0.402;16000.0;41350.8039;LFF;First;PSO
25;app0;db0;100000000;57331.2058;250.0;0.402;16000.0;41080.8039;LFF;First;PSO
34;db0;app0;100000000;57561.2058;350.0;0.402;16000.0;41210.8039;LFF;First;PSO
32;web0;app0;100000000;58111.2059;400.0;0.402;16000.0;41710.8039;LFF;First;PSO
27;app0;web0;100000000;57951.2058;450.0;0.402;16000.0;41500.8039;LFF;First;PSO
49;app0;db0;100000000;59771.2059;950.0;0.402;16000.0;42820.8039;LFF;First;PSO
7;app0;web1;100000000;59670.4019;17500.0;0.201;8000.0;34170.2009;LFF;First;PSO
36;web1;app0;10000000;60380.4019;25000.0;0.201;800.0;34580.201;LFF;First;PSO
31;app0;web1;10000000;65170.4019;27500.0;0.201;800.0;36870.2009;LFF;First;PSO
14;db0;app0;75000000;67311.2059;7500.0;0.402;12000.0;47810.8039;LFF;First;PSO
38;db0;app0;5000000;70921.2058;20000.0;0.402;800.0;50120.8039;LFF;First;PSO
6;db0;app0;100000000;79191.2058;7500.0;0.402;16000.0;55690.8039;LFF;First;PSO
23;app0;web1;50000000;81610.4019;32500.0;0.201;4000.0;45110.2009;LFF;First;PSO
21;app0;db0;100000000;94181.2058;12500.0;0.402;16000.0;65680.8039;LFF;First;PSO
39;app0;web1;20000000;96750.4019;42500.0;0.201;1600.0;52650.2009;LFF;First;PSO
22;db0;app0;100000000;101801.2059;15000.0;0.402;16000.0;70800.8039;LFF;First;PSO
29;app0;db0;100000000;109251.2058;17500.0;0.402;16000.0;75750.8039;LFF;First;PSO
37;app0;db0;20000000;130841.2058;37500.0;0.402;3200.0;90140.8039;LFF;First;PSO
12;web1;app0;5000000;5800.4019;1000.0;0.201;400.0;4400.2009;LFF;First;SJF
1;app0;db0;5000000;11351.2059;150.0;0.402;800.0;10400.8039;LFF;First;SJF
3;app0;web0;5000000;10951.2059;350.0;0.402;800.0;9800.8039;LFF;First;SJF
0;web0;app0;10000000;14101.2059;100.0;0.402;1600.0;12400.8039;LFF;First;SJF
8;web0;app0;10000000;10101.2059;100.0;0.402;1600.0;8400.8039;LFF;First;SJF
4;web1;app0;20000000;12200.4019;1000.0;0.201;1600.0;9600.2009;LFF;First;SJF
24;web0;app0;10000000;12401.2059;200.0;0.402;1600.0;10600.8039;LFF;First;SJF
19;app0;web0;10000000;15951.2058;550.0;0.402;1600.0;13800.8039;LFF;First;SJF
47;app0;web1;5000000;7000.4019;350.0;0.201;400.0;6250.201;LFF;First;SJF
35;app0;web0;20000000;13351.2058;750.0;0.402;3200.0;9400.8039;LFF;First;SJF
45;app0;db0;5000000;9351.2059;150.0;0.402;800.0;8400.8039;LFF;First;SJF
9;app0;db0;50000000;28951.2059;150.0;0.402;8000.0;20800.8039;LFF;First;SJF
17;app0;db0;50000000;25251.2059;250.0;0.402;8000.0;17000.8039;LFF;First;SJF
11;app0;web0;50000000;28551.2059;350.0;0.402;8000.0;20200.8039;LFF;First;SJF
5;app0;db0;10000000;33801.2058;7500.0;0.402;1600.0;24700.8039;LFF;First;SJF
40;web0;app0;20000000;18631.2059;10.0;0.402;3200.0;15420.8039;LFF;First;SJF
28;web1;app0;5000000;25800.4019;10000.0;0.201;400.0;15400.2009;LFF;First;SJF
13;app0;db0;20000000;34601.2058;7500.0;0.402;3200.0;23900.8039;LFF;First;SJF
26;db0;app0;50000000;30601.2059;200.0;0.402;8000.0;22400.8039;LFF;First;SJF
44;web1;app0;100000000;23200.402;100.0;0.201;8000.0;15100.201;LFF;First;SJF
16;web0;app0;75000000;37601.2059;200.0;0.402;12000.0;25400.8039;LFF;First;SJF
20;web1;app0;50000000;37000.4019;10000.0;0.201;4000.0;23000.2009;LFF;First;SJF
15;app0;web1;75000000;48500.4019;17500.0;0.201;6000.0;25000.2009;LFF;First;SJF
33;app0;db0;75000000;39851.2058;450.0;0.402;12000.0;27400.8039;LFF;First;SJF
2;db0;app0;100000000;56451.2059;150.0;0.402;16000.0;40300.8039;LFF;First;SJF
10;db0;app0;100000000;52451.2059;150.0;0.402;16000.0;36300.8039;LFF;First;SJF
30;db0;app0;5000000;43901.2058;12500.0;0.402;800.0;30600.8039;LFF;First;SJF
7;app0;web1;100000000;56500.4019;17500.0;0.201;8000.0;31000.2009;LFF;First;SJF
42;db0;app0;75000000;44046.2059;15.0;0.402;12000.0;32030.8039;LFF;First;SJF
43;app0;web0;75000000;43606.2059;35.0;0.402;12000.0;31570.8039;LFF;First;SJF
48;web0;app0;75000000;42801.2058;600.0;0.402;12000.0;30200.8039;LFF;First;SJF
14;db0;app0;75000000;60501.2058;7500.0;0.402;12000.0;41000.8039;LFF;First;SJF
18;db0;app0;100000000;58601.2059;200.0;0.402;16000.0;42400.8039;LFF;First;SJF
25;app0;db0;100000000;55251.2059;250.0;0.402;16000.0;39000.8039;LFF;First;SJF
34;db0;app0;100000000;51051.2058;350.0;0.402;16000.0;34700.8039;LFF;First;SJF
32;web0;app0;100000000;52201.2058;400.0;0.402;16000.0;35800.8039;LFF;First;SJF
27;app0;web0;100000000;54851.2058;450.0;0.402;16000.0;38400.8039;LFF;First;SJF
36;web1;app0;10000000;52600.4019;25000.0;0.201;800.0;26800.2009;LFF;First;SJF
31;app0;web1;10000000;60100.4019;27500.0;0.201;800.0;31800.2009;LFF;First;SJF
41;app0;db0;100000000;56546.2059;15.0;0.402;16000.0;40530.8039;LFF;First;SJF
46;db0;app0;100000000;54451.2059;150.0;0.402;16000.0;38300.8039;LFF;First;SJF
6;db0;app0;100000000;76501.2058;7500.0;0.402;16000.0;53000.8039;LFF;First;SJF
49;app0;db0;100000000;55351.2058;950.0;0.402;16000.0;38400.8039;LFF;First;SJF
38;db0;app0;5000000;72401.2058;20000.0;0.402;800.0;51600.8039;LFF;First;SJF
23;app0;web1;50000000;80500.4019;32500.0;0.201;4000.0;44000.2009;LFF;First;SJF
21;app0;db0;100000000;94001.2058;12500.0;0.402;16000.0;65500.8039;LFF;First;SJF
22;db0;app0;100000000;101001.2058;15000.0;0.402;16000.0;70000.8039;LFF;First;SJF
39;app0;web1;20000000;97700.4019;42500.0;0.201;1600.0;53600.2009;LFF;First;SJF
29;app0;db0;100000000;105001.2058;17500.0;0.402;16000.0;71500.8039;LFF;First;SJF
37;app0;db0;20000000;122601.2058;37500.0;0.402;3200.0;81900.8039;LFF;First;SJF
1;app0;db0;5000000;10150.6659;150.0;0.222;400.0;9600.0039;LWFF;BLA;Priority
0;web0;app0;10000000;10800.402;100.0;0.201;800.0;9899.801;LWFF;BLA;Priority
8;web0;app0;10000000;6800.402;100.0;0.201;800.0;5899.801;LWFF;BLA;Priority
3;app0;web1;5000000;9750.6659;350.0;0.222;400.0;9000.0239;LWFF;BLA;Priority
12;web1;app0;5000000;7200.6659;1000.0;0.222;400.0;5800.0039;LWFF;BLA;Priority
4;web1;app0;20000000;14800.6659;1000.0;0.222;1600.0;12200.0039;LWFF;BLA;Priority
24;web0;app0;10000000;9000.402;200.0;0.201;800.0;7999.801;LWFF;BLA;Priority
16;web0;app0;75000000;13400.402;200.0;0.201;6000.0;7199.801;LWFF;BLA;Priority
9;app0;db0;50000000;16950.6659;150.0;0.222;4000.0;12800.0039;LWFF;BLA;Priority
17;app0;db0;50000000;13250.6659;250.0;0.222;4000.0;9000.0039;LWFF;BLA;Priority
11;app0;web1;50000000;16550.6659;350.0;0.222;4000.0;12200.0239;LWFF;BLA;Priority
19;app0;web1;10000000;13550.6658;550.0;0.222;800.0;12200.0239;LWFF;BLA;Priority
35;app0;web1;20000000;8550.6658;750.0;0.222;1600.0;6200.0239;LWFF;BLA;Priority
45;app0;db0;5000000;8150.6658;150.0;0.222;400.0;7600.0039;LWFF;BLA;Priority
47;app0;web0;5000000;7750.6029;350.0;0.201;400.0;6999.9819;LWFF;BLA;Priority
26;db0;app0;50000000;18600.6658;200.0;0.222;4000.0;14400.0039;LWFF;BLA;Priority
40;web0;app0;20000000;12220.4019;10.0;0.201;1600.0;10609.801;LWFF;BLA;Priority
2;db0;app0;100000000;32450.6658;150.0;0.222;8000.0;24300.0039;LWFF;BLA;Priority
10;db0;app0;100000000;28450.6658;150.0;0.222;8000.0;20300.0039;LWFF;BLA;Priority
5;app0;db0;10000000;31400.6659;7500.0;0.222;800.0;23100.0039;LWFF;BLA;Priority
32;web0;app0;100000000;19800.4019;400.0;0.201;8000.0;11399.801;LWFF;BLA;Priority
13;app0;db0;20000000;29800.6659;7500.0;0.222;1600.0;20700.0039;LWFF;BLA;Priority
33;app0;db0;75000000;21850.6658;450.0;0.222;6000.0;15400.0039;LWFF;BLA;Priority
48;web0;app0;75000000;18200.4019;600.0;0.201;6000.0;11599.801;LWFF;BLA;Priority
18;db0;app0;100000000;34600.6658;200.0;0.222;8000.0;26400.0039;LWFF;BLA;Priority
25;app0;db0;100000000;31250.6658;250.0;0.222;8000.0;23000.0039;LWFF;BLA;Priority
34;db0;app0;100000000;27050.6658;350.0;0.222;8000.0;18700.0039;LWFF;BLA;Priority
27;app0;web1;100000000;30850.6658;450.0;0.222;8000.0;22400.0239;LWFF;BLA;Priority
42;db0;app0;75000000;26045.6658;15.0;0.222;6000.0;20030.0039;LWFF;BLA;Priority
43;app0;web1;75000000;25605.6658;35.0;0.222;6000.0;19570.0239;LWFF;BLA;Priority
14;db0;app0;75000000;42500.6658;7500.0;0.222;6000.0;29000.0039;LWFF;BLA;Priority
28;web1;app0;5000000;36200.6659;10000.0;0.222;400.0;25800.0039;LWFF;BLA;Priority
41;app0;db0;100000000;32545.6658;15.0;0.222;8000.0;24530.0039;LWFF;BLA;Priority
44;web1;app0;100000000;31300.6659;100.0;0.222;8000.0;23200.0039;LWFF;BLA;Priority
46;db0;app0;100000000;30450.6658;150.0;0.222;8000.0;22300.0039;LWFF;BLA;Priority
6;db0;app0;100000000;52500.6658;7500.0;0.222;8000.0;37000.0039;LWFF;BLA;Priority
49;app0;db0;100000000;31350.6658;950.0;0.222;8000.0;22400.0039;LWFF;BLA;Priority
30;db0;app0;5000000;42700.6658;12500.0;0.222;400.0;29800.0039;LWFF;BLA;Priority
20;web1;app0;50000000;51000.6659;10000.0;0.222;4000.0;37000.0039;LWFF;BLA;Priority
15;app0;web0;75000000;72000.6029;17500.0;0.201;6000.0;48499.9819;LWFF;BLA;Priority
21;app0;db0;100000000;70000.6658;12500.0;0.222;8000.0;49500.0039;LWFF;BLA;Priority
7;app0;web0;100000000;82000.6029;17500.0;0.201;8000.0;56499.9819;LWFF;BLA;Priority
22;db0;app0;100000000;77000.6658;15000.0;0.222;8000.0;54000.0039;LWFF;BLA;Priority
38;db0;app0;5000000;71200.6658;20000.0;0.222;400.0;50800.0039;LWFF;BLA;Priority
29;app0;db0;100000000;81000.6658;17500.0;0.222;8000.0;55500.0039;LWFF;BLA;Priority
36;web1;app0;10000000;78400.6659;25000.0;0.222;800.0;52600.0039;LWFF;BLA;Priority
31;app0;web0;10000000;88400.6029;27500.0;0.201;800.0;60099.9819;LWFF;BLA;Priority
23;app0;web0;50000000;117000.6029;32500.0;0.201;4000.0;80499.9819;LWFF;BLA;Priority
37;app0;db0;20000000;117800.6658;37500.0;0.222;1600.0;78700.0039;LWFF;BLA;Priority
39;app0;web0;20000000;141800.6029;42500.0;0.201;1600.0;97699.9819;LWFF;BLA;Priority
1;app0;db0;5000000;10560.6659;150.0;0.222;400.0;10010.0039;LWFF;BLA;PSO
45;app0;db0;5000000;10320.6658;150.0;0.222;400.0;9769.7839;LWFF;BLA;PSO
8;web0;app0;10000000;10800.402;100.0;0.201;800.0;9899.801;LWFF;BLA;PSO
0;web0;app0;10000000;10320.4019;100.0;0.201;800.0;9419.8009;LWFF;BLA;PSO
24;web0;app0;10000000;10650.4019;200.0;0.201;800.0;9649.8009;LWFF;BLA;PSO
47;app0;web0;5000000;10970.6029;350.0;0.201;400.0;10219.9819;LWFF;BLA;PSO
3;app0;web1;5000000;11130.6659;350.0;0.222;400.0;10380.0239;LWFF;BLA;PSO
40;web0;app0;20000000;12140.4019;10.0;0.201;1600.0;10529.801;LWFF;BLA;PSO
19;app0;web1;10000000;12850.6659;550.0;0.222;800.0;11500.0239;LWFF;BLA;PSO
12;web1;app0;5000000;13150.6659;1000.0;0.222;400.0;11749.8039;LWFF;BLA;PSO
35;app0;web1;20000000;15630.6658;750.0;0.222;1600.0;13280.0239;LWFF;BLA;PSO
4;web1;app0;20000000;16670.6659;1000.0;0.222;1600.0;14070.0039;LWFF;BLA;PSO
16;web0;app0;75000000;21170.4019;200.0;0.201;6000.0;14969.801;LWFF;BLA;PSO
9;app0;db0;50000000;21380.6659;150.0;0.222;4000.0;17230.0039;LWFF;BLA;PSO
26;db0;app0;50000000;21560.6659;200.0;0.222;4000.0;17360.0039;LWFF;BLA;PSO
17;app0;db0;50000000;21720.6659;250.0;0.222;4000.0;17470.0039;LWFF;BLA;PSO
11;app0;web1;50000000;21780.6658;350.0;0.222;4000.0;17430.0239;LWFF;BLA;PSO
48;web0;app0;75000000;22040.4019;600.0;0.201;6000.0;15439.801;LWFF;BLA;PSO
32;web0;app0;100000000;25430.4019;400.0;0.201;8000.0;17029.8009;LWFF;BLA;PSO
42;db0;app0;75000000;26985.6659;15.0;0.222;6000.0;20970.0039;LWFF;BLA;PSO
43;app0;web1;75000000;26675.6658;35.0;0.222;6000.0;20640.0239;LWFF;BLA;PSO
33;app0;db0;75000000;28160.6659;450.0;0.222;6000.0;21710.0039;LWFF;BLA;PSO
41;app0;db0;100000000;32905.6659;15.0;0.222;8000.0;24890.0039;LWFF;BLA;PSO
44;web1;app0;100000000;33280.6659;100.0;0.222;8000.0;25180.0039;LWFF;BLA;PSO
46;db0;app0;100000000;33300.6659;150.0;0.222;8000.0;25150.0039;LWFF;BLA;PSO
10;db0;app0;100000000;33140.6658;150.0;0.222;8000.0;24990.0039;LWFF;BLA;PSO
2;db0;app0;100000000;33060.6658;150.0;0.222;8000.0;24910.0039;LWFF;BLA;PSO
18;db0;app0;100000000;33130.6658;200.0;0.222;8000.0;24930.0039;LWFF;BLA;PSO
25;app0;db0;100000000;33640.6659;250.0;0.222;8000.0;25390.0039;LWFF;BLA;PSO
5;app0;db0;10000000;33720.6659;7500.0;0.222;800.0;25420.0039;LWFF;BLA;PSO
34;db0;app0;100000000;33950.6659;350.0;0.222;8000.0;25600.0039;LWFF;BLA;PSO
27;app0;web1;100000000;34180.6659;450.0;0.222;8000.0;25730.0239;LWFF;BLA;PSO
49;app0;db0;100000000;35640.6659;950.0;0.222;8000.0;26690.0039;LWFF;BLA;PSO
13;app0;db0;20000000;36010.6658;7500.0;0.222;1600.0;26910.0039;LWFF;BLA;PSO
28;web1;app0;5000000;39940.6658;10000.0;0.222;400.0;29540.0039;LWFF;BLA;PSO
30;db0;app0;5000000;47360.6658;12500.0;0.222;400.0;34460.0039;LWFF;BLA;PSO
14;db0;app0;75000000;49490.6659;7500.0;0.222;6000.0;35990.0039;LWFF;BLA;PSO
20;web1;app0;50000000;50700.6658;10000.0;0.222;4000.0;36700.0039;LWFF;BLA;PSO
6;db0;app0;100000000;55280.6659;7500.0;0.222;8000.0;39780.0039;LWFF;BLA;PSO
38;db0;app0;5000000;69750.6658;20000.0;0.222;400.0;49350.0039;LWFF;BLA;PSO
21;app0;db0;100000000;70040.6658;12500.0;0.222;8000.0;49540.0039;LWFF;BLA;PSO
22;db0;app0;100000000;77760.6658;15000.0;0.222;8000.0;54760.0039;LWFF;BLA;PSO
15;app0;web0;75000000;79100.6029;17500.0;0.201;6000.0;55599.9819;LWFF;BLA;PSO
7;app0;web0;100000000;85090.6029;17500.0;0.201;8000.0;59589.7619;LWFF;BLA;PSO
29;app0;db0;100000000;85180.6658;17500.0;0.222;8000.0;59680.0039;LWFF;BLA;PSO
36;web1;app0;10000000;86150.6658;25000.0;0.222;800.0;60350.0039;LWFF;BLA;PSO
31;app0;web0;10000000;93410.6029;27500.0;0.201;800.0;65109.9819;LWFF;BLA;PSO
23;app0;web0;50000000;118140.6029;32500.0;0.201;4000.0;81639.9819;LWFF;BLA;PSO
37;app0;db0;20000000;125860.6658;37500.0;0.222;1600.0;86760.0039;LWFF;BLA;PSO
39;app0;web0;20000000;140920.6029;42500.0;0.201;1600.0;96819.9819;LWFF;BLA;PSO
1;app0;db0;5000000;10150.6659;150.0;0.222;400.0;9600.0039;LWFF;BLA;SJF
0;web0;app0;10000000;10800.402;100.0;0.201;800.0;9899.801;LWFF;BLA;SJF
8;web0;app0;10000000;6800.402;100.0;0.201;800.0;5899.801;LWFF;BLA;SJF
3;app0;web1;5000000;9750.6659;350.0;0.222;400.0;9000.0239;LWFF;BLA;SJF
12;web1;app0;5000000;7200.6658;1000.0;0.222;400.0;5800.0039;LWFF;BLA;SJF
4;web1;app0;20000000;14800.6658;1000.0;0.222;1600.0;12200.0039;LWFF;BLA;SJF
24;web0;app0;10000000;9000.4019;200.0;0.201;800.0;7999.801;LWFF;BLA;SJF
16;web0;app0;75000000;13400.4019;200.0;0.201;6000.0;7199.801;LWFF;BLA;SJF
9;app0;db0;50000000;16950.6659;150.0;0.222;4000.0;12800.0039;LWFF;BLA;SJF
17;app0;db0;50000000;13250.6659;250.0;0.222;4000.0;9000.0039;LWFF;BLA;SJF
11;app0;web1;50000000;16550.6659;350.0;0.222;4000.0;12200.0239;LWFF;BLA;SJF
19;app0;web1;10000000;13550.6658;550.0;0.222;800.0;12200.0239;LWFF;BLA;SJF
35;app0;web1;20000000;8550.6658;750.0;0.222;1600.0;6200.0239;LWFF;BLA;SJF
45;app0;db0;5000000;8150.6659;150.0;0.222;400.0;7600.0039;LWFF;BLA;SJF
47;app0;web0;5000000;7750.6029;350.0;0.201;400.0;6999.9819;LWFF;BLA;SJF
26;db0;app0;50000000;18600.6659;200.0;0.222;4000.0;14400.0039;LWFF;BLA;SJF
40;web0;app0;20000000;12220.402;10.0;0.201;1600.0;10609.801;LWFF;BLA;SJF
2;db0;app0;100000000;32450.6659;150.0;0.222;8000.0;24300.0039;LWFF;BLA;SJF
10;db0;app0;100000000;28450.6659;150.0;0.222;8000.0;20300.0039;LWFF;BLA;SJF
5;app0;db0;10000000;31400.6658;7500.0;0.222;800.0;23100.0039;LWFF;BLA;SJF
32;web0;app0;100000000;19800.4019;400.0;0.201;8000.0;11399.801;LWFF;BLA;SJF
13;app0;db0;20000000;29800.6658;7500.0;0.222;1600.0;20700.0039;LWFF;BLA;SJF
33;app0;db0;75000000;21850.6658;450.0;0.222;6000.0;15400.0039;LWFF;BLA;SJF
48;web0;app0;75000000;18200.4019;600.0;0.201;6000.0;11599.801;LWFF;BLA;SJF
18;db0;app0;100000000;34600.6659;200.0;0.222;8000.0;26400.0039;LWFF;BLA;SJF
25;app0;db0;100000000;31250.6659;250.0;0.222;8000.0;23000.0039;LWFF;BLA;SJF
34;db0;app0;100000000;27050.6658;350.0;0.222;8000.0;18700.0039;LWFF;BLA;SJF
27;app0;web1;100000000;30850.6658;450.0;0.222;8000.0;22400.0239;LWFF;BLA;SJF
42;db0;app0;75000000;26045.6659;15.0;0.222;6000.0;20030.0039;LWFF;BLA;SJF
43;app0;web1;75000000;25605.6659;35.0;0.222;6000.0;19570.0239;LWFF;BLA;SJF
14;db0;app0;75000000;42500.6658;7500.0;0.222;6000.0;29000.0039;LWFF;BLA;SJF
28;web1;app0;5000000;36200.6658;10000.0;0.222;400.0;25800.0039;LWFF;BLA;SJF
41;app0;db0;100000000;32545.6659;15.0;0.222;8000.0;24530.0039;LWFF;BLA;SJF
44;web1;app0;100000000;31300.6659;100.0;0.222;8000.0;23200.0039;LWFF;BLA;SJF
46;db0;app0;100000000;30450.6659;150.0;0.222;8000.0;22300.0039;LWFF;BLA;SJF
6;db0;app0;100000000;52500.6658;7500.0;0.222;8000.0;37000.0039;LWFF;BLA;SJF
49;app0;db0;100000000;31350.6658;950.0;0.222;8000.0;22400.0039;LWFF;BLA;SJF
30;db0;app0;5000000;42700.6658;12500.0;0.222;400.0;29800.0039;LWFF;BLA;SJF
20;web1;app0;50000000;51000.6658;10000.0;0.222;4000.0;37000.0039;LWFF;BLA;SJF
15;app0;web0;75000000;72000.6029;17500.0;0.201;6000.0;48499.9819;LWFF;BLA;SJF
21;app0;db0;100000000;70000.6658;12500.0;0.222;8000.0;49500.0039;LWFF;BLA;SJF
7;app0;web0;100000000;82000.6029;17500.0;0.201;8000.0;56499.9819;LWFF;BLA;SJF
22;db0;app0;100000000;77000.6658;15000.0;0.222;8000.0;54000.0039;LWFF;BLA;SJF
38;db0;app0;5000000;71200.6658;20000.0;0.222;400.0;50800.0039;LWFF;BLA;SJF
29;app0;db0;100000000;81000.6658;17500.0;0.222;8000.0;55500.0039;LWFF;BLA;SJF
36;web1;app0;10000000;78400.6658;25000.0;0.222;800.0;52600.0039;LWFF;BLA;SJF
31;app0;web0;10000000;88400.6029;27500.0;0.201;800.0;60099.9819;LWFF;BLA;SJF
23;app0;web0;50000000;117000.6029;32500.0;0.201;4000.0;80499.9819;LWFF;BLA;SJF
37;app0;db0;20000000;117800.6658;37500.0;0.222;1600.0;78700.0039;LWFF;BLA;SJF
39;app0;web0;20000000;141800.6029;42500.0;0.201;1600.0;97699.9819;LWFF;BLA;SJF
0;web0;app0;10000000;10800.402;100.0;0.201;800.0;9900.201;LWFF;First;Priority
8;web0;app0;10000000;6800.402;100.0;0.201;800.0;5900.201;LWFF;First;Priority
1;app0;db0;5000000;11351.2059;150.0;0.402;800.0;10400.8039;LWFF;First;Priority
3;app0;web1;5000000;10951.2059;350.0;0.402;800.0;9800.8039;LWFF;First;Priority
12;web1;app0;5000000;8401.2059;1000.0;0.402;800.0;6600.8039;LWFF;First;Priority
24;web0;app0;10000000;9000.402;200.0;0.201;800.0;8000.201;LWFF;First;Priority
16;web0;app0;75000000;13400.402;200.0;0.201;6000.0;7200.201;LWFF;First;Priority
4;web1;app0;20000000;19601.2059;1000.0;0.402;3200.0;15400.8039;LWFF;First;Priority
19;app0;web1;10000000;15951.2058;550.0;0.402;1600.0;13800.8039;LWFF;First;Priority
35;app0;web1;20000000;13351.2058;750.0;0.402;3200.0;9400.8039;LWFF;First;Priority
47;app0;web0;5000000;7750.6029;350.0;0.201;400.0;7000.4019;LWFF;First;Priority
45;app0;db0;5000000;9351.2058;150.0;0.402;800.0;8400.8039;LWFF;First;Priority
40;web0;app0;20000000;12220.4019;10.0;0.201;1600.0;10610.201;LWFF;First;Priority
9;app0;db0;50000000;28951.2059;150.0;0.402;8000.0;20800.8039;LWFF;First;Priority
17;app0;db0;50000000;25251.2059;250.0;0.402;8000.0;17000.8039;LWFF;First;Priority
11;app0;web1;50000000;28551.2059;350.0;0.402;8000.0;20200.8039;LWFF;First;Priority
32;web0;app0;100000000;19800.4019;400.0;0.201;8000.0;11400.201;LWFF;First;Priority
5;app0;db0;10000000;33801.2059;7500.0;0.402;1600.0;24700.8039;LWFF;First;Priority
13;app0;db0;20000000;34601.2059;7500.0;0.402;3200.0;23900.8039;LWFF;First;Priority
48;web0;app0;75000000;18200.4019;600.0;0.201;6000.0;11600.201;LWFF;First;Priority
26;db0;app0;50000000;30601.2058;200.0;0.402;8000.0;22400.8039;LWFF;First;Priority
28;web1;app0;5000000;37401.2059;10000.0;0.402;800.0;26600.8039;LWFF;First;Priority
33;app0;db0;75000000;39851.2058;450.0;0.402;12000.0;27400.8039;LWFF;First;Priority
2;db0;app0;100000000;56451.2058;150.0;0.402;16000.0;40300.8039;LWFF;First;Priority
10;db0;app0;100000000;52451.2058;150.0;0.402;16000.0;36300.8039;LWFF;First;Priority
30;db0;app0;5000000;43901.2058;12500.0;0.402;800.0;30600.8039;LWFF;First;Priority
42;db0;app0;75000000;44046.2058;15.0;0.402;12000.0;32030.8039;LWFF;First;Priority
43;app0;web1;75000000;43606.2058;35.0;0.402;12000.0;31570.8039;LWFF;First;Priority
14;db0;app0;75000000;60501.2058;7500.0;0.402;12000.0;41000.8039;LWFF;First;Priority
18;db0;app0;100000000;58601.2058;200.0;0.402;16000.0;42400.8039;LWFF;First;Priority
25;app0;db0;100000000;55251.2058;250.0;0.402;16000.0;39000.8039;LWFF;First;Priority
34;db0;app0;100000000;51051.2058;350.0;0.402;16000.0;34700.8039;LWFF;First;Priority
27;app0;web1;100000000;54851.2058;450.0;0.402;16000.0;38400.8039;LWFF;First;Priority
20;web1;app0;50000000;63001.2059;10000.0;0.402;8000.0;45000.8039;LWFF;First;Priority
41;app0;db0;100000000;56546.2058;15.0;0.402;16000.0;40530.8039;LWFF;First;Priority
44;web1;app0;100000000;55301.2059;100.0;0.402;16000.0;39200.8039;LWFF;First;Priority
46;db0;app0;100000000;54451.2058;150.0;0.402;16000.0;38300.8039;LWFF;First;Priority
15;app0;web0;75000000;72000.6029;17500.0;0.201;6000.0;48500.4019;LWFF;First;Priority
6;db0;app0;100000000;76501.2058;7500.0;0.402;16000.0;53000.8039;LWFF;First;Priority
49;app0;db0;100000000;55351.2058;950.0;0.402;16000.0;38400.8039;LWFF;First;Priority
7;app0;web0;100000000;82000.6029;17500.0;0.201;8000.0;56500.4019;LWFF;First;Priority
38;db0;app0;5000000;72401.2058;20000.0;0.402;800.0;51600.8039;LWFF;First;Priority
36;web1;app0;10000000;80801.2059;25000.0;0.402;1600.0;54200.8039;LWFF;First;Priority
31;app0;web0;10000000;88400.6029;27500.0;0.201;800.0;60100.4019;LWFF;First;Priority
21;app0;db0;100000000;94001.2058;12500.0;0.402;16000.0;65500.8039;LWFF;First;Priority
22;db0;app0;100000000;101001.2058;15000.0;0.402;16000.0;70000.8039;LWFF;First;Priority
29;app0;db0;100000000;105001.2058;17500.0;0.402;16000.0;71500.8039;LWFF;First;Priority
23;app0;web0;50000000;117000.6029;32500.0;0.201;4000.0;80500.4019;LWFF;First;Priority
37;app0;db0;20000000;122601.2058;37500.0;0.402;3200.0;81900.8039;LWFF;First;Priority
39;app0;web0;20000000;141800.6029;42500.0;0.201;1600.0;97700.4019;LWFF;First;Priority
8;web0;app0;10000000;10770.402;100.0;0.201;800.0;9870.201;LWFF;First;PSO
0;web0;app0;10000000;10690.4019;100.0;0.201;800.0;9790.201;LWFF;First;PSO
24;web0;app0;10000000;10820.4019;200.0;0.201;800.0;9820.201;LWFF;First;PSO
47;app0;web0;5000000;10930.6029;350.0;0.201;400.0;10180.4019;LWFF;First;PSO
1;app0;db0;5000000;11431.2058;150.0;0.402;800.0;10480.8039;LWFF;First;PSO
45;app0;db0;5000000;11401.2058;150.0;0.402;800.0;10450.8039;LWFF;First;PSO
40;web0;app0;20000000;11850.4019;10.0;0.201;1600.0;10240.2009;LWFF;First;PSO
3;app0;web1;5000000;12071.2058;350.0;0.402;800.0;10920.8039;LWFF;First;PSO
12;web1;app0;5000000;14151.2058;1000.0;0.402;800.0;12350.8039;LWFF;First;PSO
19;app0;web1;10000000;15141.2058;550.0;0.402;1600.0;12990.8039;LWFF;First;PSO
35;app0;web1;20000000;20751.2059;750.0;0.402;3200.0;16800.8039;LWFF;First;PSO
16;web0;app0;75000000;21230.4019;200.0;0.201;6000.0;15030.201;LWFF;First;PSO
4;web1;app0;20000000;21581.2059;1000.0;0.402;3200.0;17380.8039;LWFF;First;PSO
48;web0;app0;75000000;22160.402;600.0;0.201;6000.0;15560.201;LWFF;First;PSO
32;web0;app0;100000000;25790.402;400.0;0.201;8000.0;17390.201;LWFF;First;PSO
9;app0;db0;50000000;33061.2058;150.0;0.402;8000.0;24910.8039;LWFF;First;PSO
26;db0;app0;50000000;33411.2059;200.0;0.402;8000.0;25210.8039;LWFF;First;PSO
17;app0;db0;50000000;33601.2059;250.0;0.402;8000.0;25350.8039;LWFF;First;PSO
11;app0;web1;50000000;33841.2059;350.0;0.402;8000.0;25490.8039;LWFF;First;PSO
5;app0;db0;10000000;35901.2058;7500.0;0.402;1600.0;26800.8039;LWFF;First;PSO
13;app0;db0;20000000;40741.2058;7500.0;0.402;3200.0;30040.8039;LWFF;First;PSO
28;web1;app0;5000000;41101.2058;10000.0;0.402;800.0;30300.8039;LWFF;First;PSO
42;db0;app0;75000000;45046.2059;15.0;0.402;12000.0;33030.8039;LWFF;First;PSO
43;app0;web1;75000000;44756.2058;35.0;0.402;12000.0;32720.8039;LWFF;First;PSO
33;app0;db0;75000000;45861.2058;450.0;0.402;12000.0;33410.8039;LWFF;First;PSO
30;db0;app0;5000000;48811.2059;12500.0;0.402;800.0;35510.8039;LWFF;First;PSO
41;app0;db0;100000000;56786.2058;15.0;0.402;16000.0;40770.8039;LWFF;First;PSO
44;web1;app0;100000000;57141.2059;100.0;0.402;16000.0;41040.8039;LWFF;First;PSO
2;db0;app0;100000000;57401.2059;150.0;0.402;16000.0;41250.8039;LWFF;First;PSO
46;db0;app0;100000000;57391.2059;150.0;0.402;16000.0;41240.8039;LWFF;First;PSO
10;db0;app0;100000000;57381.2059;150.0;0.402;16000.0;41230.8039;LWFF;First;PSO
18;db0;app0;100000000;57321.2058;200.0;0.402;16000.0;41120.8039;LWFF;First;PSO
25;app0;db0;100000000;57411.2058;250.0;0.402;16000.0;41160.8039;LWFF;First;PSO
34;db0;app0;100000000;57851.2059;350.0;0.402;16000.0;41500.8039;LWFF;First;PSO
27;app0;web1;100000000;58271.2059;450.0;0.402;16000.0;41820.8039;LWFF;First;PSO
49;app0;db0;100000000;59421.2058;950.0;0.402;16000.0;42470.8039;LWFF;First;PSO
20;web1;app0;50000000;62881.2059;10000.0;0.402;8000.0;44880.8039;LWFF;First;PSO
14;db0;app0;75000000;67091.2058;7500.0;0.402;12000.0;47590.8039;LWFF;First;PSO
38;db0;app0;5000000;70921.2058;20000.0;0.402;800.0;50120.8039;LWFF;First;PSO
15;app0;web0;75000000;79230.6029;17500.0;0.201;6000.0;55730.4019;LWFF;First;PSO
6;db0;app0;100000000;79371.2059;7500.0;0.402;16000.0;55870.8039;LWFF;First;PSO
7;app0;web0;100000000;85270.6029;17500.0;0.201;8000.0;59770.4019;LWFF;First;PSO
36;web1;app0;10000000;88661.2059;25000.0;0.402;1600.0;62060.8039;LWFF;First;PSO
31;app0;web0;10000000;93460.6029;27500.0;0.201;800.0;65160.4019;LWFF;First;PSO
21;app0;db0;100000000;94261.2058;12500.0;0.402;16000.0;65760.8039;LWFF;First;PSO
22;db0;app0;100000000;101711.2058;15000.0;0.402;16000.0;70710.8039;LWFF;First;PSO
29;app0;db0;100000000;109281.2059;17500.0;0.402;16000.0;75780.8039;LWFF;First;PSO
23;app0;web0;50000000;118030.6029;32500.0;0.201;4000.0;81530.4019;LWFF;First;PSO
37;app0;db0;20000000;130771.2058;37500.0;0.402;3200.0;90070.8039;LWFF;First;PSO
39;app0;web0;20000000;140840.6029;42500.0;0.201;1600.0;96740.4019;LWFF;First;PSO
0;web0;app0;10000000;10800.402;100.0;0.201;800.0;9900.201;LWFF;First;SJF
8;web0;app0;10000000;6800.402;100.0;0.201;800.0;5900.201;LWFF;First;SJF
1;app0;db0;5000000;11351.2059;150.0;0.402;800.0;10400.8039;LWFF;First;SJF
3;app0;web1;5000000;10951.2059;350.0;0.402;800.0;9800.8039;LWFF;First;SJF
12;web1;app0;5000000;8401.2058;1000.0;0.402;800.0;6600.8039;LWFF;First;SJF
24;web0;app0;10000000;9000.4019;200.0;0.201;800.0;8000.201;LWFF;First;SJF
16;web0;app0;75000000;13400.4019;200.0;0.201;6000.0;7200.201;LWFF;First;SJF
4;web1;app0;20000000;19601.2058;1000.0;0.402;3200.0;15400.8039;LWFF;First;SJF
19;app0;web1;10000000;15951.2058;550.0;0.402;1600.0;13800.8039;LWFF;First;SJF
35;app0;web1;20000000;13351.2058;750.0;0.402;3200.0;9400.8039;LWFF;First;SJF
47;app0;web0;5000000;7750.6029;350.0;0.201;400.0;7000.4019;LWFF;First;SJF
45;app0;db0;5000000;9351.2059;150.0;0.402;800.0;8400.8039;LWFF;First;SJF
40;web0;app0;20000000;12220.402;10.0;0.201;1600.0;10610.201;LWFF;First;SJF
9;app0;db0;50000000;28951.2059;150.0;0.402;8000.0;20800.8039;LWFF;First;SJF
17;app0;db0;50000000;25251.2059;250.0;0.402;8000.0;17000.8039;LWFF;First;SJF
11;app0;web1;50000000;28551.2059;350.0;0.402;8000.0;20200.8039;LWFF;First;SJF
32;web0;app0;100000000;19800.4019;400.0;0.201;8000.0;11400.201;LWFF;First;SJF
5;app0;db0;10000000;33801.2058;7500.0;0.402;1600.0;24700.8039;LWFF;First;SJF
13;app0;db0;20000000;34601.2058;7500.0;0.402;3200.0;23900.8039;LWFF;First;SJF
48;web0;app0;75000000;18200.4019;600.0;0.201;6000.0;11600.201;LWFF;First;SJF
26;db0;app0;50000000;30601.2059;200.0;0.402;8000.0;22400.8039;LWFF;First;SJF
28;web1;app0;5000000;37401.2058;10000.0;0.402;800.0;26600.8039;LWFF;First;SJF
33;app0;db0;75000000;39851.2058;450.0;0.402;12000.0;27400.8039;LWFF;First;SJF
2;db0;app0;100000000;56451.2059;150.0;0.402;16000.0;40300.8039;LWFF;First;SJF
10;db0;app0;100000000;52451.2059;150.0;0.402;16000.0;36300.8039;LWFF;First;SJF
30;db0;app0;5000000;43901.2058;12500.0;0.402;800.0;30600.8039;LWFF;First;SJF
42;db0;app0;75000000;44046.2059;15.0;0.402;12000.0;32030.8039;LWFF;First;SJF
43;app0;web1;75000000;43606.2059;35.0;0.402;12000.0;31570.8039;LWFF;First;SJF
14;db0;app0;75000000;60501.2058;7500.0;0.402;12000.0;41000.8039;LWFF;First;SJF
18;db0;app0;100000000;58601.2059;200.0;0.402;16000.0;42400.8039;LWFF;First;SJF
25;app0;db0;100000000;55251.2059;250.0;0.402;16000.0;39000.8039;LWFF;First;SJF
34;db0;app0;100000000;51051.2058;350.0;0.402;16000.0;34700.8039;LWFF;First;SJF
27;app0;web1;100000000;54851.2058;450.0;0.402;16000.0;38400.8039;LWFF;First;SJF
20;web1;app0;50000000;63001.2058;10000.0;0.402;8000.0;45000.8039;LWFF;First;SJF
41;app0;db0;100000000;56546.2059;15.0;0.402;16000.0;40530.8039;LWFF;First;SJF
44;web1;app0;100000000;55301.2059;100.0;0.402;16000.0;39200.8039;LWFF;First;SJF
46;db0;app0;100000000;54451.2059;150.0;0.402;16000.0;38300.8039;LWFF;First;SJF
15;app0;web0;75000000;72000.6029;17500.0;0.201;6000.0;48500.4019;LWFF;First;SJF
6;db0;app0;100000000;76501.2058;7500.0;0.402;16000.0;53000.8039;LWFF;First;SJF
49;app0;db0;100000000;55351.2058;950.0;0.402;16000.0;38400.8039;LWFF;First;SJF
7;app0;web0;100000000;82000.6029;17500.0;0.201;8000.0;56500.4019;LWFF;First;SJF
38;db0;app0;5000000;72401.2058;20000.0;0.402;800.0;51600.8039;LWFF;First;SJF
36;web1;app0;10000000;80801.2058;25000.0;0.402;1600.0;54200.8039;LWFF;First;SJF
31;app0;web0;10000000;88400.6029;27500.0;0.201;800.0;60100.4019;LWFF;First;SJF
21;app0;db0;100000000;94001.2058;12500.0;0.402;16000.0;65500.8039;LWFF;First;SJF
22;db0;app0;100000000;101001.2058;15000.0;0.402;16000.0;70000.8039;LWFF;First;SJF
29;app0;db0;100000000;105001.2058;17500.0;0.402;16000.0;71500.8039;LWFF;First;SJF
23;app0;web0;50000000;117000.6029;32500.0;0.201;4000.0;80500.4019;LWFF;First;SJF
37;app0;db0;20000000;122601.2058;37500.0;0.402;3200.0;81900.8039;LWFF;First;SJF
39;app0;web0;20000000;141800.6029;42500.0;0.201;1600.0;97700.4019;LWFF;First;SJF
0;web0;app0;10000000;9100.0;100.0;0.0;0.0;9000.0;MFF;BLA;Priority
8;web0;app0;10000000;5100.0;100.0;0.0;0.0;5000.0;MFF;BLA;Priority
1;app0;db0;5000000;8650.0;150.0;0.0;0.0;8500.0;MFF;BLA;Priority
9;app0;db0;50000000;4650.0;150.0;0.0;0.0;4500.0;MFF;BLA;Priority
2;db0;app0;100000000;8150.0;150.0;0.0;0.0;8000.0;MFF;BLA;Priority
10;db0;app0;100000000;4150.0;150.0;0.0;0.0;4000.0;MFF;BLA;Priority
16;web0;app0;75000000;1200.0;200.0;0.0;0.0;1000.0;MFF;BLA;Priority
17;app0;db0;50000000;750.0;250.0;0.0;0.0;500.0;MFF;BLA;Priority
3;app0;web0;5000000;7850.0;350.0;0.0;0.0;7500.0;MFF;BLA;Priority
11;app0;web0;50000000;3850.0;350.0;0.0;0.0;3500.0;MFF;BLA;Priority
4;web1;app0;20000000;8000.0;1000.0;0.0;0.0;7000.0;MFF;BLA;Priority
12;web1;app0;5000000;4000.0;1000.0;0.0;0.0;3000.0;MFF;BLA;Priority
5;app0;db0;10000000;14000.0;7500.0;0.0;0.0;6500.0;MFF;BLA;Priority
13;app0;db0;20000000;10000.0;7500.0;0.0;0.0;2500.0;MFF;BLA;Priority
6;db0;app0;100000000;13500.0;7500.0;0.0;0.0;6000.0;MFF;BLA;Priority
14;db0;app0;75000000;9500.0;7500.0;0.0;0.0;2000.0;MFF;BLA;Priority
18;db0;app0;100000000;10200.0;200.0;0.0;0.0;10000.0;MFF;BLA;Priority
24;web0;app0;10000000;7200.0;200.0;0.0;0.0;7000.0;MFF;BLA;Priority
26;db0;app0;50000000;6200.0;200.0;0.0;0.0;6000.0;MFF;BLA;Priority
25;app0;db0;100000000;6750.0;250.0;0.0;0.0;6500.0;MFF;BLA;Priority
34;db0;app0;100000000;2350.0;350.0;0.0;0.0;2000.0;MFF;BLA;Priority
32;web0;app0;100000000;3400.0;400.0;0.0;0.0;3000.0;MFF;BLA;Priority
33;app0;db0;75000000;2950.0;450.0;0.0;0.0;2500.0;MFF;BLA;Priority
27;app0;web0;100000000;5950.0;450.0;0.0;0.0;5500.0;MFF;BLA;Priority
19;app0;web0;10000000;10050.0;550.0;0.0;0.0;9500.0;MFF;BLA;Priority
35;app0;web0;20000000;2250.0;750.0;0.0;0.0;1500.0;MFF;BLA;Priority
7;app0;web1;100000000;23000.0;17500.0;0.0;0.0;5500.0;MFF;BLA;Priority
15;app0;web1;75000000;19000.0;17500.0;0.0;0.0;1500.0;MFF;BLA;Priority
20;web1;app0;50000000;19000.0;10000.0;0.0;0.0;9000.0;MFF;BLA;Priority
28;web1;app0;5000000;15000.0;10000.0;0.0;0.0;5000.0;MFF;BLA;Priority
40;web0;app0;20000000;9010.0;10.0;0.0;0.0;9000.0;MFF;BLA;Priority
41;app0;db0;100000000;8515.0;15.0;0.0;0.0;8500.0;MFF;BLA;Priority
42;db0;app0;75000000;8015.0;15.0;0.0;0.0;8000.0;MFF;BLA;Priority
43;app0;web0;75000000;7535.0;35.0;0.0;0.0;7500.0;MFF;BLA;Priority
44;web1;app0;100000000;7100.0;100.0;0.0;0.0;7000.0;MFF;BLA;Priority
45;app0;db0;5000000;6650.0;150.0;0.0;0.0;6500.0;MFF;BLA;Priority
46;db0;app0;100000000;6150.0;150.0;0.0;0.0;6000.0;MFF;BLA;Priority
47;app0;web1;5000000;5850.0;350.0;0.0;0.0;5500.0;MFF;BLA;Priority
48;web0;app0;75000000;5600.0;600.0;0.0;0.0;5000.0;MFF;BLA;Priority
49;app0;db0;100000000;5450.0;950.0;0.0;0.0;4500.0;MFF;BLA;Priority
21;app0;db0;100000000;21000.0;12500.0;0.0;0.0;8500.0;MFF;BLA;Priority
30;db0;app0;5000000;16500.0;12500.0;0.0;0.0;4000.0;MFF;BLA;Priority
22;db0;app0;100000000;23000.0;15000.0;0.0;0.0;8000.0;MFF;BLA;Priority
29;app0;db0;100000000;22000.0;17500.0;0.0;0.0;4500.0;MFF;BLA;Priority
36;web1;app0;10000000;26000.0;25000.0;0.0;0.0;1000.0;MFF;BLA;Priority
31;app0;web1;10000000;31000.0;27500.0;0.0;0.0;3500.0;MFF;BLA;Priority
38;db0;app0;5000000;30000.0;20000.0;0.0;0.0;10000.0;MFF;BLA;Priority
23;app0;web1;50000000;40000.0;32500.0;0.0;0.0;7500.0;MFF;BLA;Priority
37;app0;db0;20000000;38000.0;37500.0;0.0;0.0;500.0;MFF;BLA;Priority
39;app0;web1;20000000;52000.0;42500.0;0.0;0.0;9500.0;MFF;BLA;Priority
40;web0;app0;20000000;8960.0;10.0;0.0;0.0;8950.0;MFF;BLA;PSO
41;app0;db0;100000000;8685.0;15.0;0.0;0.0;8670.0;MFF;BLA;PSO
42;db0;app0;75000000;8625.0;15.0;0.0;0.0;8610.0;MFF;BLA;PSO
43;app0;web0;75000000;8595.0;35.0;0.0;0.0;8560.0;MFF;BLA;PSO
44;web1;app0;100000000;9100.0;100.0;0.0;0.0;9000.0;MFF;BLA;PSO
0;web0;app0;10000000;8990.0;100.0;0.0;0.0;8890.0;MFF;BLA;PSO
8;web0;app0;10000000;8730.0;100.0;0.0;0.0;8630.0;MFF;BLA;PSO
45;app0;db0;5000000;9090.0;150.0;0.0;0.0;8940.0;MFF;BLA;PSO
1;app0;db0;5000000;8980.0;150.0;0.0;0.0;8830.0;MFF;BLA;PSO
9;app0;db0;50000000;8920.0;150.0;0.0;0.0;8770.0;MFF;BLA;PSO
2;db0;app0;100000000;9140.0;150.0;0.0;0.0;8990.0;MFF;BLA;PSO
10;db0;app0;100000000;8960.0;150.0;0.0;0.0;8810.0;MFF;BLA;PSO
46;db0;app0;100000000;8850.0;150.0;0.0;0.0;8700.0;MFF;BLA;PSO
24;web0;app0;10000000;9160.0;200.0;0.0;0.0;8960.0;MFF;BLA;PSO
26;db0;app0;50000000;9120.0;200.0;0.0;0.0;8920.0;MFF;BLA;PSO
18;db0;app0;100000000;8950.0;200.0;0.0;0.0;8750.0;MFF;BLA;PSO
16;web0;app0;75000000;8920.0;200.0;0.0;0.0;8720.0;MFF;BLA;PSO
25;app0;db0;100000000;9010.0;250.0;0.0;0.0;8760.0;MFF;BLA;PSO
17;app0;db0;50000000;8940.0;250.0;0.0;0.0;8690.0;MFF;BLA;PSO
11;app0;web0;50000000;9220.0;350.0;0.0;0.0;8870.0;MFF;BLA;PSO
3;app0;web0;5000000;9060.0;350.0;0.0;0.0;8710.0;MFF;BLA;PSO
34;db0;app0;100000000;9230.0;350.0;0.0;0.0;8880.0;MFF;BLA;PSO
47;app0;web1;5000000;9320.0;350.0;0.0;0.0;8970.0;MFF;BLA;PSO
32;web0;app0;100000000;9140.0;400.0;0.0;0.0;8740.0;MFF;BLA;PSO
33;app0;db0;75000000;9380.0;450.0;0.0;0.0;8930.0;MFF;BLA;PSO
27;app0;web0;100000000;9130.0;450.0;0.0;0.0;8680.0;MFF;BLA;PSO
19;app0;web0;10000000;9170.0;550.0;0.0;0.0;8620.0;MFF;BLA;PSO
48;web0;app0;75000000;9150.0;600.0;0.0;0.0;8550.0;MFF;BLA;PSO
35;app0;web0;20000000;9660.0;750.0;0.0;0.0;8910.0;MFF;BLA;PSO
49;app0;db0;100000000;9790.0;950.0;0.0;0.0;8840.0;MFF;BLA;PSO
12;web1;app0;5000000;9980.0;1000.0;0.0;0.0;8980.0;MFF;BLA;PSO
4;web1;app0;20000000;9820.0;1000.0;0.0;0.0;8820.0;MFF;BLA;PSO
5;app0;db0;10000000;16230.0;7500.0;0.0;0.0;8730.0;MFF;BLA;PSO
13;app0;db0;20000000;16150.0;7500.0;0.0;0.0;8650.0;MFF;BLA;PSO
6;db0;app0;100000000;16360.0;7500.0;0.0;0.0;8860.0;MFF;BLA;PSO
14;db0;app0;75000000;16290.0;7500.0;0.0;0.0;8790.0;MFF;BLA;PSO
28;web1;app0;5000000;18850.0;10000.0;0.0;0.0;8850.0;MFF;BLA;PSO
20;web1;app0;50000000;18660.0;10000.0;0.0;0.0;8660.0;MFF;BLA;PSO
21;app0;db0;100000000;21080.0;12500.0;0.0;0.0;8580.0;MFF;BLA;PSO
30;db0;app0;5000000;21040.0;12500.0;0.0;0.0;8540.0;MFF;BLA;PSO
22;db0;app0;100000000;23530.0;15000.0;0.0;0.0;8530.0;MFF;BLA;PSO
29;app0;db0;100000000;26280.0;17500.0;0.0;0.0;8780.0;MFF;BLA;PSO
15;app0;web1;75000000;26400.0;17500.0;0.0;0.0;8900.0;MFF;BLA;PSO
7;app0;web1;100000000;26100.0;17500.0;0.0;0.0;8600.0;MFF;BLA;PSO
38;db0;app0;5000000;28590.0;20000.0;0.0;0.0;8590.0;MFF;BLA;PSO
36;web1;app0;10000000;33510.0;25000.0;0.0;0.0;8510.0;MFF;BLA;PSO
31;app0;web1;10000000;36300.0;27500.0;0.0;0.0;8800.0;MFF;BLA;PSO
23;app0;web1;50000000;41070.0;32500.0;0.0;0.0;8570.0;MFF;BLA;PSO
37;app0;db0;20000000;46140.0;37500.0;0.0;0.0;8640.0;MFF;BLA;PSO
39;app0;web1;20000000;51020.0;42500.0;0.0;0.0;8520.0;MFF;BLA;PSO
0;web0;app0;10000000;9100.0;100.0;0.0;0.0;9000.0;MFF;BLA;SJF
8;web0;app0;10000000;5100.0;100.0;0.0;0.0;5000.0;MFF;BLA;SJF
1;app0;db0;5000000;8650.0;150.0;0.0;0.0;8500.0;MFF;BLA;SJF
9;app0;db0;50000000;4650.0;150.0;0.0;0.0;4500.0;MFF;BLA;SJF
2;db0;app0;100000000;8150.0;150.0;0.0;0.0;8000.0;MFF;BLA;SJF
10;db0;app0;100000000;4150.0;150.0;0.0;0.0;4000.0;MFF;BLA;SJF
16;web0;app0;75000000;1200.0;200.0;0.0;0.0;1000.0;MFF;BLA;SJF
17;app0;db0;50000000;750.0;250.0;0.0;0.0;500.0;MFF;BLA;SJF
3;app0;web0;5000000;7850.0;350.0;0.0;0.0;7500.0;MFF;BLA;SJF
11;app0;web0;50000000;3850.0;350.0;0.0;0.0;3500.0;MFF;BLA;SJF
4;web1;app0;20000000;8000.0;1000.0;0.0;0.0;7000.0;MFF;BLA;SJF
12;web1;app0;5000000;4000.0;1000.0;0.0;0.0;3000.0;MFF;BLA;SJF
5;app0;db0;10000000;14000.0;7500.0;0.0;0.0;6500.0;MFF;BLA;SJF
13;app0;db0;20000000;10000.0;7500.0;0.0;0.0;2500.0;MFF;BLA;SJF
6;db0;app0;100000000;13500.0;7500.0;0.0;0.0;6000.0;MFF;BLA;SJF
14;db0;app0;75000000;9500.0;7500.0;0.0;0.0;2000.0;MFF;BLA;SJF
18;db0;app0;100000000;10200.0;200.0;0.0;0.0;10000.0;MFF;BLA;SJF
24;web0;app0;10000000;7200.0;200.0;0.0;0.0;7000.0;MFF;BLA;SJF
26;db0;app0;50000000;6200.0;200.0;0.0;0.0;6000.0;MFF;BLA;SJF
25;app0;db0;100000000;6750.0;250.0;0.0;0.0;6500.0;MFF;BLA;SJF
34;db0;app0;100000000;2350.0;350.0;0.0;0.0;2000.0;MFF;BLA;SJF
32;web0;app0;100000000;3400.0;400.0;0.0;0.0;3000.0;MFF;BLA;SJF
33;app0;db0;75000000;2950.0;450.0;0.0;0.0;2500.0;MFF;BLA;SJF
27;app0;web0;100000000;5950.0;450.0;0.0;0.0;5500.0;MFF;BLA;SJF
19;app0;web0;10000000;10050.0;550.0;0.0;0.0;9500.0;MFF;BLA;SJF
35;app0;web0;20000000;2250.0;750.0;0.0;0.0;1500.0;MFF;BLA;SJF
7;app0;web1;100000000;23000.0;17500.0;0.0;0.0;5500.0;MFF;BLA;SJF
15;app0;web1;75000000;19000.0;17500.0;0.0;0.0;1500.0;MFF;BLA;SJF
20;web1;app0;50000000;19000.0;10000.0;0.0;0.0;9000.0;MFF;BLA;SJF
28;web1;app0;5000000;15000.0;10000.0;0.0;0.0;5000.0;MFF;BLA;SJF
40;web0;app0;20000000;9010.0;10.0;0.0;0.0;9000.0;MFF;BLA;SJF
41;app0;db0;100000000;8515.0;15.0;0.0;0.0;8500.0;MFF;BLA;SJF
42;db0;app0;75000000;8015.0;15.0;0.0;0.0;8000.0;MFF;BLA;SJF
43;app0;web0;75000000;7535.0;35.0;0.0;0.0;7500.0;MFF;BLA;SJF
44;web1;app0;100000000;7100.0;100.0;0.0;0.0;7000.0;MFF;BLA;SJF
45;app0;db0;5000000;6650.0;150.0;0.0;0.0;6500.0;MFF;BLA;SJF
46;db0;app0;100000000;6150.0;150.0;0.0;0.0;6000.0;MFF;BLA;SJF
47;app0;web1;5000000;5850.0;350.0;0.0;0.0;5500.0;MFF;BLA;SJF
48;web0;app0;75000000;5600.0;600.0;0.0;0.0;5000.0;MFF;BLA;SJF
49;app0;db0;100000000;5450.0;950.0;0.0;0.0;4500.0;MFF;BLA;SJF
21;app0;db0;100000000;21000.0;12500.0;0.0;0.0;8500.0;MFF;BLA;SJF
30;db0;app0;5000000;16500.0;12500.0;0.0;0.0;4000.0;MFF;BLA;SJF
22;db0;app0;100000000;23000.0;15000.0;0.0;0.0;8000.0;MFF;BLA;SJF
29;app0;db0;100000000;22000.0;17500.0;0.0;0.0;4500.0;MFF;BLA;SJF
36;web1;app0;10000000;26000.0;25000.0;0.0;0.0;1000.0;MFF;BLA;SJF
31;app0;web1;10000000;31000.0;27500.0;0.0;0.0;3500.0;MFF;BLA;SJF
38;db0;app0;5000000;30000.0;20000.0;0.0;0.0;10000.0;MFF;BLA;SJF
23;app0;web1;50000000;40000.0;32500.0;0.0;0.0;7500.0;MFF;BLA;SJF
37;app0;db0;20000000;38000.0;37500.0;0.0;0.0;500.0;MFF;BLA;SJF
39;app0;web1;20000000;52000.0;42500.0;0.0;0.0;9500.0;MFF;BLA;SJF
0;web0;app0;10000000;9100.0;100.0;0.0;0.0;9000.0;MFF;First;Priority
8;web0;app0;10000000;5100.0;100.0;0.0;0.0;5000.0;MFF;First;Priority
1;app0;db0;5000000;8650.0;150.0;0.0;0.0;8500.0;MFF;First;Priority
9;app0;db0;50000000;4650.0;150.0;0.0;0.0;4500.0;MFF;First;Priority
2;db0;app0;100000000;8150.0;150.0;0.0;0.0;8000.0;MFF;First;Priority
10;db0;app0;100000000;4150.0;150.0;0.0;0.0;4000.0;MFF;First;Priority
16;web0;app0;75000000;1200.0;200.0;0.0;0.0;1000.0;MFF;First;Priority
17;app0;db0;50000000;750.0;250.0;0.0;0.0;500.0;MFF;First;Priority
3;app0;web0;5000000;7850.0;350.0;0.0;0.0;7500.0;MFF;First;Priority
11;app0;web0;50000000;3850.0;350.0;0.0;0.0;3500.0;MFF;First;Priority
4;web1;app0;20000000;8000.0;1000.0;0.0;0.0;7000.0;MFF;First;Priority
12;web1;app0;5000000;4000.0;1000.0;0.0;0.0;3000.0;MFF;First;Priority
5;app0;db0;10000000;14000.0;7500.0;0.0;0.0;6500.0;MFF;First;Priority
13;app0;db0;20000000;10000.0;7500.0;0.0;0.0;2500.0;MFF;First;Priority
6;db0;app0;100000000;13500.0;7500.0;0.0;0.0;6000.0;MFF;First;Priority
14;db0;app0;75000000;9500.0;7500.0;0.0;0.0;2000.0;MFF;First;Priority
18;db0;app0;100000000;10200.0;200.0;0.0;0.0;10000.0;MFF;First;Priority
24;web0;app0;10000000;7200.0;200.0;0.0;0.0;7000.0;MFF;First;Priority
26;db0;app0;50000000;6200.0;200.0;0.0;0.0;6000.0;MFF;First;Priority
25;app0;db0;100000000;6750.0;250.0;0.0;0.0;6500.0;MFF;First;Priority
34;db0;app0;100000000;2350.0;350.0;0.0;0.0;2000.0;MFF;First;Priority
32;web0;app0;100000000;3400.0;400.0;0.0;0.0;3000.0;MFF;First;Priority
33;app0;db0;75000000;2950.0;450.0;0.0;0.0;2500.0;MFF;First;Priority
27;app0;web0;100000000;5950.0;450.0;0.0;0.0;5500.0;MFF;First;Priority
19;app0;web0;10000000;10050.0;550.0;0.0;0.0;9500.0;MFF;First;Priority
35;app0;web0;20000000;2250.0;750.0;0.0;0.0;1500.0;MFF;First;Priority
7;app0;web1;100000000;23000.0;17500.0;0.0;0.0;5500.0;MFF;First;Priority
15;app0;web1;75000000;19000.0;17500.0;0.0;0.0;1500.0;MFF;First;Priority
20;web1;app0;50000000;19000.0;10000.0;0.0;0.0;9000.0;MFF;First;Priority
28;web1;app0;5000000;15000.0;10000.0;0.0;0.0;5000.0;MFF;First;Priority
40;web0;app0;20000000;9010.0;10.0;0.0;0.0;9000.0;MFF;First;Priority
41;app0;db0;100000000;8515.0;15.0;0.0;0.0;8500.0;MFF;First;Priority
42;db0;app0;75000000;8015.0;15.0;0.0;0.0;8000.0;MFF;First;Priority
43;app0;web0;75000000;7535.0;35.0;0.0;0.0;7500.0;MFF;First;Priority
44;web1;app0;100000000;7100.0;100.0;0.0;0.0;7000.0;MFF;First;Priority
45;app0;db0;5000000;6650.0;150.0;0.0;0.0;6500.0;MFF;First;Priority
46;db0;app0;100000000;6150.0;150.0;0.0;0.0;6000.0;MFF;First;Priority
47;app0;web1;5000000;5850.0;350.0;0.0;0.0;5500.0;MFF;First;Priority
48;web0;app0;75000000;5600.0;600.0;0.0;0.0;5000.0;MFF;First;Priority
49;app0;db0;100000000;5450.0;950.0;0.0;0.0;4500.0;MFF;First;Priority
21;app0;db0;100000000;21000.0;12500.0;0.0;0.0;8500.0;MFF;First;Priority
30;db0;app0;5000000;16500.0;12500.0;0.0;0.0;4000.0;MFF;First;Priority
22;db0;app0;100000000;23000.0;15000.0;0.0;0.0;8000.0;MFF;First;Priority
29;app0;db0;100000000;22000.0;17500.0;0.0;0.0;4500.0;MFF;First;Priority
36;web1;app0;10000000;26000.0;25000.0;0.0;0.0;1000.0;MFF;First;Priority
31;app0;web1;10000000;31000.0;27500.0;0.0;0.0;3500.0;MFF;First;Priority
38;db0;app0;5000000;30000.0;20000.0;0.0;0.0;10000.0;MFF;First;Priority
23;app0;web1;50000000;40000.0;32500.0;0.0;0.0;7500.0;MFF;First;Priority
37;app0;db0;20000000;38000.0;37500.0;0.0;0.0;500.0;MFF;First;Priority
39;app0;web1;20000000;52000.0;42500.0;0.0;0.0;9500.0;MFF;First;Priority
40;web0;app0;20000000;8660.0;10.0;0.0;0.0;8650.0;MFF;First;PSO
41;app0;db0;100000000;8675.0;15.0;0.0;0.0;8660.0;MFF;First;PSO
42;db0;app0;75000000;8595.0;15.0;0.0;0.0;8580.0;MFF;First;PSO
43;app0;web0;75000000;8635.0;35.0;0.0;0.0;8600.0;MFF;First;PSO
0;web0;app0;10000000;8940.0;100.0;0.0;0.0;8840.0;MFF;First;PSO
44;web1;app0;100000000;8850.0;100.0;0.0;0.0;8750.0;MFF;First;PSO
8;web0;app0;10000000;8800.0;100.0;0.0;0.0;8700.0;MFF;First;PSO
9;app0;db0;50000000;9110.0;150.0;0.0;0.0;8960.0;MFF;First;PSO
45;app0;db0;5000000;9070.0;150.0;0.0;0.0;8920.0;MFF;First;PSO
1;app0;db0;5000000;8680.0;150.0;0.0;0.0;8530.0;MFF;First;PSO
46;db0;app0;100000000;9100.0;150.0;0.0;0.0;8950.0;MFF;First;PSO
2;db0;app0;100000000;8930.0;150.0;0.0;0.0;8780.0;MFF;First;PSO
10;db0;app0;100000000;8870.0;150.0;0.0;0.0;8720.0;MFF;First;PSO
18;db0;app0;100000000;9170.0;200.0;0.0;0.0;8970.0;MFF;First;PSO
24;web0;app0;10000000;9060.0;200.0;0.0;0.0;8860.0;MFF;First;PSO
26;db0;app0;50000000;9020.0;200.0;0.0;0.0;8820.0;MFF;First;PSO
16;web0;app0;75000000;8820.0;200.0;0.0;0.0;8620.0;MFF;First;PSO
25;app0;db0;100000000;9160.0;250.0;0.0;0.0;8910.0;MFF;First;PSO
17;app0;db0;50000000;9010.0;250.0;0.0;0.0;8760.0;MFF;First;PSO
3;app0;web0;5000000;9340.0;350.0;0.0;0.0;8990.0;MFF;First;PSO
11;app0;web0;50000000;9080.0;350.0;0.0;0.0;8730.0;MFF;First;PSO
34;db0;app0;100000000;8980.0;350.0;0.0;0.0;8630.0;MFF;First;PSO
47;app0;web1;5000000;9290.0;350.0;0.0;0.0;8940.0;MFF;First;PSO
32;web0;app0;100000000;9400.0;400.0;0.0;0.0;9000.0;MFF;First;PSO
33;app0;db0;75000000;9340.0;450.0;0.0;0.0;8890.0;MFF;First;PSO
27;app0;web0;100000000;9320.0;450.0;0.0;0.0;8870.0;MFF;First;PSO
19;app0;web0;10000000;9430.0;550.0;0.0;0.0;8880.0;MFF;First;PSO
48;web0;app0;75000000;9450.0;600.0;0.0;0.0;8850.0;MFF;First;PSO
35;app0;web0;20000000;9730.0;750.0;0.0;0.0;8980.0;MFF;First;PSO
49;app0;db0;100000000;9850.0;950.0;0.0;0.0;8900.0;MFF;First;PSO
12;web1;app0;5000000;9930.0;1000.0;0.0;0.0;8930.0;MFF;First;PSO
4;web1;app0;20000000;9640.0;1000.0;0.0;0.0;8640.0;MFF;First;PSO
5;app0;db0;10000000;16240.0;7500.0;0.0;0.0;8740.0;MFF;First;PSO
13;app0;db0;20000000;16090.0;7500.0;0.0;0.0;8590.0;MFF;First;PSO
14;db0;app0;75000000;16210.0;7500.0;0.0;0.0;8710.0;MFF;First;PSO
6;db0;app0;100000000;16050.0;7500.0;0.0;0.0;8550.0;MFF;First;PSO
28;web1;app0;5000000;18800.0;10000.0;0.0;0.0;8800.0;MFF;First;PSO
20;web1;app0;50000000;18510.0;10000.0;0.0;0.0;8510.0;MFF;First;PSO
21;app0;db0;100000000;21310.0;12500.0;0.0;0.0;8810.0;MFF;First;PSO
30;db0;app0;5000000;21330.0;12500.0;0.0;0.0;8830.0;MFF;First;PSO
22;db0;app0;100000000;23770.0;15000.0;0.0;0.0;8770.0;MFF;First;PSO
29;app0;db0;100000000;26290.0;17500.0;0.0;0.0;8790.0;MFF;First;PSO
7;app0;web1;100000000;26170.0;17500.0;0.0;0.0;8670.0;MFF;First;PSO
15;app0;web1;75000000;26040.0;17500.0;0.0;0.0;8540.0;MFF;First;PSO
38;db0;app0;5000000;28610.0;20000.0;0.0;0.0;8610.0;MFF;First;PSO
36;web1;app0;10000000;33680.0;25000.0;0.0;0.0;8680.0;MFF;First;PSO
31;app0;web1;10000000;36060.0;27500.0;0.0;0.0;8560.0;MFF;First;PSO
23;app0;web1;50000000;41020.0;32500.0;0.0;0.0;8520.0;MFF;First;PSO
37;app0;db0;20000000;46190.0;37500.0;0.0;0.0;8690.0;MFF;First;PSO
39;app0;web1;20000000;51070.0;42500.0;0.0;0.0;8570.0;MFF;First;PSO
0;web0;app0;10000000;9100.0;100.0;0.0;0.0;9000.0;MFF;First;SJF
8;web0;app0;10000000;5100.0;100.0;0.0;0.0;5000.0;MFF;First;SJF
1;app0;db0;5000000;8650.0;150.0;0.0;0.0;8500.0;MFF;First;SJF
9;app0;db0;50000000;4650.0;150.0;0.0;0.0;4500.0;MFF;First;SJF
2;db0;app0;100000000;8150.0;150.0;0.0;0.0;8000.0;MFF;First;SJF
10;db0;app0;100000000;4150.0;150.0;0.0;0.0;4000.0;MFF;First;SJF
16;web0;app0;75000000;1200.0;200.0;0.0;0.0;1000.0;MFF;First;SJF
17;app0;db0;50000000;750.0;250.0;0.0;0.0;500.0;MFF;First;SJF
3;app0;web0;5000000;7850.0;350.0;0.0;0.0;7500.0;MFF;First;SJF
11;app0;web0;50000000;3850.0;350.0;0.0;0.0;3500.0;MFF;First;SJF
4;web1;app0;20000000;8000.0;1000.0;0.0;0.0;7000.0;MFF;First;SJF
12;web1;app0;5000000;4000.0;1000.0;0.0;0.0;3000.0;MFF;First;SJF
5;app0;db0;10000000;14000.0;7500.0;0.0;0.0;6500.0;MFF;First;SJF
13;app0;db0;20000000;10000.0;7500.0;0.0;0.0;2500.0;MFF;First;SJF
6;db0;app0;100000000;13500.0;7500.0;0.0;0.0;6000.0;MFF;First;SJF
14;db0;app0;75000000;9500.0;7500.0;0.0;0.0;2000.0;MFF;First;SJF
18;db0;app0;100000000;10200.0;200.0;0.0;0.0;10000.0;MFF;First;SJF
24;web0;app0;10000000;7200.0;200.0;0.0;0.0;7000.0;MFF;First;SJF
26;db0;app0;50000000;6200.0;200.0;0.0;0.0;6000.0;MFF;First;SJF
25;app0;db0;100000000;6750.0;250.0;0.0;0.0;6500.0;MFF;First;SJF
34;db0;app0;100000000;2350.0;350.0;0.0;0.0;2000.0;MFF;First;SJF
32;web0;app0;100000000;3400.0;400.0;0.0;0.0;3000.0;MFF;First;SJF
33;app0;db0;75000000;2950.0;450.0;0.0;0.0;2500.0;MFF;First;SJF
27;app0;web0;100000000;5950.0;450.0;0.0;0.0;5500.0;MFF;First;SJF
19;app0;web0;10000000;10050.0;550.0;0.0;0.0;9500.0;MFF;First;SJF
35;app0;web0;20000000;2250.0;750.0;0.0;0.0;1500.0;MFF;First;SJF
7;app0;web1;100000000;23000.0;17500.0;0.0;0.0;5500.0;MFF;First;SJF
15;app0;web1;75000000;19000.0;17500.0;0.0;0.0;1500.0;MFF;First;SJF
20;web1;app0;50000000;19000.0;10000.0;0.0;0.0;9000.0;MFF;First;SJF
28;web1;app0;5000000;15000.0;10000.0;0.0;0.0;5000.0;MFF;First;SJF
40;web0;app0;20000000;9010.0;10.0;0.0;0.0;9000.0;MFF;First;SJF
41;app0;db0;100000000;8515.0;15.0;0.0;0.0;8500.0;MFF;First;SJF
42;db0;app0;75000000;8015.0;15.0;0.0;0.0;8000.0;MFF;First;SJF
43;app0;web0;75000000;7535.0;35.0;0.0;0.0;7500.0;MFF;First;SJF
44;web1;app0;100000000;7100.0;100.0;0.0;0.0;7000.0;MFF;First;SJF
45;app0;db0;5000000;6650.0;150.0;0.0;0.0;6500.0;MFF;First;SJF
46;db0;app0;100000000;6150.0;150.0;0.0;0.0;6000.0;MFF;First;SJF
47;app0;web1;5000000;5850.0;350.0;0.0;0.0;5500.0;MFF;First;SJF
48;web0;app0;75000000;5600.0;600.0;0.0;0.0;5000.0;MFF;First;SJF
49;app0;db0;100000000;5450.0;950.0;0.0;0.0;4500.0;MFF;First;SJF
21;app0;db0;100000000;21000.0;12500.0;0.0;0.0;8500.0;MFF;First;SJF
30;db0;app0;5000000;16500.0;12500.0;0.0;0.0;4000.0;MFF;First;SJF
22;db0;app0;100000000;23000.0;15000.0;0.0;0.0;8000.0;MFF;First;SJF
29;app0;db0;100000000;22000.0;17500.0;0.0;0.0;4500.0;MFF;First;SJF
36;web1;app0;10000000;26000.0;25000.0;0.0;0.0;1000.0;MFF;First;SJF
31;app0;web1;10000000;31000.0;27500.0;0.0;0.0;3500.0;MFF;First;SJF
38;db0;app0;5000000;30000.0;20000.0;0.0;0.0;10000.0;MFF;First;SJF
23;app0;web1;50000000;40000.0;32500.0;0.0;0.0;7500.0;MFF;First;SJF
37;app0;db0;20000000;38000.0;37500.0;0.0;0.0;500.0;MFF;First;SJF
39;app0;web1;20000000;52000.0;42500.0;0.0;0.0;9500.0;MFF;First;SJF
