# units: time(s); hostId; cpu(%); ram(%); bw(%); energy(Wh)
10;5;6.2500;12.5000;10.0000;0.3338
10;4;3.1250;6.2500;5.0000;0.3336
10;3;0.7813;3.1250;4.0000;0.3334
10;2;1.5625;6.2500;6.0000;0.3335
10;1;0.7813;3.1250;2.0000;0.3334
10;0;0.7813;3.1250;2.5000;0.3334
20;5;6.2500;12.5000;10.0000;0.6676
20;4;3.1250;6.2500;5.0000;0.6671
20;3;0.7813;3.1250;4.0000;0.6668
20;2;1.5625;6.2500;6.0000;0.6670
20;1;0.7813;3.1250;2.0000;0.6668
20;0;0.7813;3.1250;2.5000;0.6668
30;5;6.2500;12.5000;10.0000;1.0014
30;4;3.1250;6.2500;5.0000;1.0007
30;3;0.7813;3.1250;4.0000;1.0003
30;2;1.5625;6.2500;6.0000;1.0005
30;1;0.7813;3.1250;2.0000;1.0002
30;0;0.7813;3.1250;2.5000;1.0003
40;5;6.2500;12.5000;10.0000;1.3352
40;4;3.1250;6.2500;5.0000;1.3343
40;3;0.7813;3.1250;4.0000;1.3337
40;2;1.5625;6.2500;6.0000;1.3340
40;1;0.7813;3.1250;2.0000;1.3337
40;0;0.7813;3.1250;2.5000;1.3337
50;5;6.2500;12.5000;10.0000;1.6690
50;4;3.1250;6.2500;5.0000;1.6678
50;3;0.7813;3.1250;4.0000;1.6671
50;2;1.5625;6.2500;6.0000;1.6675
50;1;0.7813;3.1250;2.0000;1.6671
50;0;0.7813;3.1250;2.5000;1.6671
60;5;6.2500;12.5000;10.0000;2.0028
60;4;3.1250;6.2500;5.0000;2.0014
60;3;0.7813;3.1250;4.0000;2.0005
60;2;1.5625;6.2500;6.0000;2.0010
60;1;0.7813;3.1250;2.0000;2.0005
60;0;0.7813;3.1250;2.5000;2.0005
70;5;6.2500;12.5000;10.0000;2.3366
70;4;3.1250;6.2500;5.0000;2.3350
70;3;0.7813;3.1250;4.0000;2.3339
70;2;1.5625;6.2500;6.0000;2.3345
70;1;0.7813;3.1250;2.0000;2.3339
70;0;0.7813;3.1250;2.5000;2.3339
80;5;6.2500;12.5000;10.0000;2.6704
80;4;3.1250;6.2500;5.0000;2.6685
80;3;0.7813;3.1250;4.0000;2.6674
80;2;1.5625;6.2500;6.0000;2.6680
80;1;0.7813;3.1250;2.0000;2.6673
80;0;0.7813;3.1250;2.5000;2.6673
90;5;6.2500;12.5000;10.0000;3.0042
90;4;3.1250;6.2500;5.0000;3.0021
90;3;0.7813;3.1250;4.0000;3.0008
90;2;1.5625;6.2500;6.0000;3.0015
90;1;0.7813;3.1250;2.0000;3.0007
90;0;0.7813;3.1250;2.5000;3.0008
100;5;6.2500;12.5000;10.0000;3.3380
100;4;3.1250;6.2500;5.0000;3.3357
100;3;0.7813;3.1250;4.0000;3.3342
100;2;1.5625;6.2500;6.0000;3.3350
100;1;0.7813;3.1250;2.0000;3.3342
100;0;0.7813;3.1250;2.5000;3.3342
110;5;6.2500;12.5000;10.0000;3.6718
110;4;3.1250;6.2500;5.0000;3.6692
110;3;0.7813;3.1250;4.0000;3.6676
110;2;1.5625;6.2500;6.0000;3.6685
110;1;0.7813;3.1250;2.0000;3.6676
110;0;0.7813;3.1250;2.5000;3.6676
120;5;6.2500;12.5000;10.0000;4.0056
120;4;3.1250;6.2500;5.0000;4.0028
120;3;0.7813;3.1250;4.0000;4.0011
120;2;1.5625;6.2500;6.0000;4.0020
120;1;0.7813;3.1250;2.0000;4.0010
120;0;0.7813;3.1250;2.5000;4.0010
130;5;6.2500;12.5000;10.0000;4.0056
130;4;3.1250;6.2500;5.0000;4.0028
130;3;0.7813;3.1250;4.0000;4.0011
130;2;1.5625;6.2500;6.0000;4.0020
130;1;0.7813;3.1250;2.0000;4.0010
130;0;0.7813;3.1250;2.5000;4.0010
140;5;6.2500;12.5000;10.0000;4.3435
140;4;3.1250;6.2500;5.0000;4.3404
140;3;0.7813;3.1250;4.0000;4.3385
140;2;1.5625;6.2500;6.0000;4.3396
140;1;0.7813;3.1250;2.0000;4.3384
140;0;0.7813;3.1250;2.5000;4.3385
150;5;6.2500;12.5000;10.0000;4.6773
150;4;3.1250;6.2500;5.0000;4.6740
150;3;0.7813;3.1250;4.0000;4.6719
150;2;1.5625;6.2500;6.0000;4.6731
150;1;0.7813;3.1250;2.0000;4.6719
150;0;0.7813;3.1250;2.5000;4.6719
160;5;6.2500;12.5000;10.0000;5.0111
160;4;3.1250;6.2500;5.0000;5.0076
160;3;0.7813;3.1250;4.0000;5.0054
160;2;1.5625;6.2500;6.0000;5.0066
160;1;0.7813;3.1250;2.0000;5.0053
160;0;0.7813;3.1250;2.5000;5.0053
170;5;6.2500;12.5000;10.0000;5.3449
170;4;3.1250;6.2500;5.0000;5.3411
170;3;0.7813;3.1250;4.0000;5.3388
170;2;1.5625;6.2500;6.0000;5.3401
170;1;0.7813;3.1250;2.0000;5.3387
170;0;0.7813;3.1250;2.5000;5.3387
180;5;6.2500;12.5000;10.0000;5.6787
180;4;3.1250;6.2500;5.0000;5.6747
180;3;0.7813;3.1250;4.0000;5.6722
180;2;1.5625;6.2500;6.0000;5.6736
180;1;0.7813;3.1250;2.0000;5.6721
180;0;0.7813;3.1250;2.5000;5.6721
190;5;6.2500;12.5000;10.0000;6.0125
190;4;3.1250;6.2500;5.0000;6.0083
190;3;0.7813;3.1250;4.0000;6.0056
190;2;1.5625;6.2500;6.0000;6.0071
190;1;0.7813;3.1250;2.0000;6.0055
190;0;0.7813;3.1250;2.5000;6.0055
200;5;6.2500;12.5000;10.0000;6.3463
200;4;3.1250;6.2500;5.0000;6.3418
200;3;0.7813;3.1250;4.0000;6.3390
200;2;1.5625;6.2500;6.0000;6.3406
200;1;0.7813;3.1250;2.0000;6.3389
200;0;0.7813;3.1250;2.5000;6.3390
210;5;6.2500;12.5000;10.0000;6.6801
210;4;3.1250;6.2500;5.0000;6.6754
210;3;0.7813;3.1250;4.0000;6.6725
210;2;1.5625;6.2500;6.0000;6.6741
210;1;0.7813;3.1250;2.0000;6.6723
210;0;0.7813;3.1250;2.5000;6.6724
220;5;6.2500;12.5000;10.0000;7.0139
220;4;3.1250;6.2500;5.0000;7.0090
220;3;0.7813;3.1250;4.0000;7.0059
220;2;1.5625;6.2500;6.0000;7.0076
220;1;0.7813;3.1250;2.0000;7.0058
220;0;0.7813;3.1250;2.5000;7.0058
230;5;6.2500;12.5000;10.0000;7.3477
230;4;3.1250;6.2500;5.0000;7.3425
230;3;0.7813;3.1250;4.0000;7.3393
230;2;1.5625;6.2500;6.0000;7.3411
230;1;0.7813;3.1250;2.0000;7.3392
230;0;0.7813;3.1250;2.5000;7.3392
240;5;6.2500;12.5000;10.0000;7.6815
240;4;3.1250;6.2500;5.0000;7.6761
240;3;0.7813;3.1250;4.0000;7.6727
240;2;1.5625;6.2500;6.0000;7.6746
240;1;0.7813;3.1250;2.0000;7.6726
240;0;0.7813;3.1250;2.5000;7.6726
250;5;6.2500;12.5000;10.0000;8.0153
250;4;3.1250;6.2500;5.0000;8.0097
250;3;0.7813;3.1250;4.0000;8.0061
250;2;1.5625;6.2500;6.0000;8.0081
250;1;0.7813;3.1250;2.0000;8.0060
250;0;0.7813;3.1250;2.5000;8.0060
260;5;6.2500;12.5000;10.0000;8.3491
260;4;3.1250;6.2500;5.0000;8.3432
260;3;0.7813;3.1250;4.0000;8.3396
260;2;1.5625;6.2500;6.0000;8.3416
260;1;0.7813;3.1250;2.0000;8.3394
260;0;0.7813;3.1250;2.5000;8.3395
270;5;6.2500;12.5000;10.0000;8.6829
270;4;3.1250;6.2500;5.0000;8.6768
270;3;0.7813;3.1250;4.0000;8.6730
270;2;1.5625;6.2500;6.0000;8.6751
270;1;0.7813;3.1250;2.0000;8.6728
270;0;0.7813;3.1250;2.5000;8.6729
280;5;6.2500;12.5000;10.0000;9.0167
280;4;3.1250;6.2500;5.0000;9.0104
280;3;0.7813;3.1250;4.0000;9.0064
280;2;1.5625;6.2500;6.0000;9.0086
280;1;0.7813;3.1250;2.0000;9.0063
280;0;0.7813;3.1250;2.5000;9.0063
290;5;6.2500;12.5000;10.0000;9.3505
290;4;3.1250;6.2500;5.0000;9.3439
290;3;0.7813;3.1250;4.0000;9.3398
290;2;1.5625;6.2500;6.0000;9.3421
290;1;0.7813;3.1250;2.0000;9.3397
290;0;0.7813;3.1250;2.5000;9.3397
300;5;6.2500;12.5000;10.0000;9.6843
300;4;3.1250;6.2500;5.0000;9.6775
300;3;0.7813;3.1250;4.0000;9.6733
300;2;1.5625;6.2500;6.0000;9.6756
300;1;0.7813;3.1250;2.0000;9.6731
300;0;0.7813;3.1250;2.5000;9.6731
310;5;6.2500;12.5000;10.0000;10.0181
310;4;3.1250;6.2500;5.0000;10.0111
310;3;0.7813;3.1250;4.0000;10.0067
310;2;1.5625;6.2500;6.0000;10.0091
310;1;0.7813;3.1250;2.0000;10.0065
310;0;0.7813;3.1250;2.5000;10.0065
320;5;6.2500;12.5000;10.0000;10.3519
320;4;3.1250;6.2500;5.0000;10.3446
320;3;0.7813;3.1250;4.0000;10.3401
320;2;1.5625;6.2500;6.0000;10.3426
320;1;0.7813;3.1250;2.0000;10.3399
320;0;0.7813;3.1250;2.5000;10.3400
330;5;6.2500;12.5000;10.0000;10.6857
330;4;3.1250;6.2500;5.0000;10.6782
330;3;0.7813;3.1250;4.0000;10.6735
330;2;1.5625;6.2500;6.0000;10.6762
330;1;0.7813;3.1250;2.0000;10.6733
330;0;0.7813;3.1250;2.5000;10.6734
340;5;6.2500;12.5000;10.0000;11.0195
340;4;3.1250;6.2500;5.0000;11.0118
340;3;0.7813;3.1250;4.0000;11.0069
340;2;1.5625;6.2500;6.0000;11.0097
340;1;0.7813;3.1250;2.0000;11.0068
340;0;0.7813;3.1250;2.5000;11.0068
350;5;6.2500;12.5000;10.0000;11.3533
350;4;3.1250;6.2500;5.0000;11.3453
350;3;0.7813;3.1250;4.0000;11.3404
350;2;1.5625;6.2500;6.0000;11.3432
350;1;0.7813;3.1250;2.0000;11.3402
350;0;0.7813;3.1250;2.5000;11.3402
360;5;6.2500;12.5000;10.0000;11.6871
360;4;3.1250;6.2500;5.0000;11.6789
360;3;0.7813;3.1250;4.0000;11.6738
360;2;1.5625;6.2500;6.0000;11.6767
360;1;0.7813;3.1250;2.0000;11.6736
360;0;0.7813;3.1250;2.5000;11.6736
370;5;6.2500;12.5000;10.0000;12.0209
370;4;3.1250;6.2500;5.0000;12.0125
370;3;0.7813;3.1250;4.0000;12.0072
370;2;1.5625;6.2500;6.0000;12.0102
370;1;0.7813;3.1250;2.0000;12.0070
370;0;0.7813;3.1250;2.5000;12.0071
380;5;6.2500;12.5000;10.0000;12.3547
380;4;3.1250;6.2500;5.0000;12.3460
380;3;0.7813;3.1250;4.0000;12.3406
380;2;1.5625;6.2500;6.0000;12.3437
380;1;0.7813;3.1250;2.0000;12.3404
380;0;0.7813;3.1250;2.5000;12.3405
390;5;6.2500;12.5000;10.0000;12.6885
390;4;3.1250;6.2500;5.0000;12.6796
390;3;0.7813;3.1250;4.0000;12.6740
390;2;1.5625;6.2500;6.0000;12.6772
390;1;0.7813;3.1250;2.0000;12.6738
390;0;0.7813;3.1250;2.5000;12.6739
400;5;6.2500;12.5000;10.0000;13.0223
400;4;3.1250;6.2500;5.0000;13.0132
400;3;0.7813;3.1250;4.0000;13.0075
400;2;1.5625;6.2500;6.0000;13.0107
400;1;0.7813;3.1250;2.0000;13.0072
400;0;0.7813;3.1250;2.5000;13.0073
410;5;6.2500;12.5000;10.0000;13.3561
410;4;3.1250;6.2500;5.0000;13.3467
410;3;0.7813;3.1250;4.0000;13.3409
410;2;1.5625;6.2500;6.0000;13.3442
410;1;0.7813;3.1250;2.0000;13.3407
410;0;0.7813;3.1250;2.5000;13.3407
420;5;6.2500;12.5000;10.0000;13.6899
420;4;3.1250;6.2500;5.0000;13.6803
420;3;0.7813;3.1250;4.0000;13.6743
420;2;1.5625;6.2500;6.0000;13.6777
420;1;0.7813;3.1250;2.0000;13.6741
420;0;0.7813;3.1250;2.5000;13.6741
430;5;6.2500;12.5000;10.0000;14.0237
430;4;3.1250;6.2500;5.0000;14.0139
430;3;0.7813;3.1250;4.0000;14.0077
430;2;1.5625;6.2500;6.0000;14.0112
430;1;0.7813;3.1250;2.0000;14.0075
430;0;0.7813;3.1250;2.5000;14.0076
440;5;6.2500;12.5000;10.0000;14.3575
440;4;3.1250;6.2500;5.0000;14.3474
440;3;0.7813;3.1250;4.0000;14.3411
440;2;1.5625;6.2500;6.0000;14.3447
440;1;0.7813;3.1250;2.0000;14.3409
440;0;0.7813;3.1250;2.5000;14.3410
450;5;6.2500;12.5000;10.0000;14.6913
450;4;3.1250;6.2500;5.0000;14.6810
450;3;0.7813;3.1250;4.0000;14.6746
450;2;1.5625;6.2500;6.0000;14.6782
450;1;0.7813;3.1250;2.0000;14.6743
450;0;0.7813;3.1250;2.5000;14.6744
460;5;6.2500;12.5000;10.0000;15.0251
460;4;3.1250;6.2500;5.0000;15.0146
460;3;0.7813;3.1250;4.0000;15.0080
460;2;1.5625;6.2500;6.0000;15.0117
460;1;0.7813;3.1250;2.0000;15.0077
460;0;0.7813;3.1250;2.5000;15.0078
470;5;6.2500;12.5000;10.0000;15.3589
470;4;3.1250;6.2500;5.0000;15.3482
470;3;0.7813;3.1250;4.0000;15.3414
470;2;1.5625;6.2500;6.0000;15.3452
470;1;0.7813;3.1250;2.0000;15.3412
470;0;0.7813;3.1250;2.5000;15.3412
480;5;6.2500;12.5000;10.0000;15.6927
480;4;3.1250;6.2500;5.0000;15.6817
480;3;0.7813;3.1250;4.0000;15.6748
480;2;1.5625;6.2500;6.0000;15.6787
480;1;0.7813;3.1250;2.0000;15.6746
480;0;0.7813;3.1250;2.5000;15.6746
490;5;6.2500;12.5000;10.0000;16.0265
490;4;3.1250;6.2500;5.0000;16.0153
490;3;0.7813;3.1250;4.0000;16.0083
490;2;1.5625;6.2500;6.0000;16.0122
490;1;0.7813;3.1250;2.0000;16.0080
490;0;0.7813;3.1250;2.5000;16.0081
500;5;6.2500;12.5000;10.0000;16.3603
500;4;3.1250;6.2500;5.0000;16.3489
500;3;0.7813;3.1250;4.0000;16.3417
500;2;1.5625;6.2500;6.0000;16.3457
500;1;0.7813;3.1250;2.0000;16.3414
500;0;0.7813;3.1250;2.5000;16.3415
510;5;6.2500;12.5000;10.0000;16.6941
510;4;3.1250;6.2500;5.0000;16.6824
510;3;0.7813;3.1250;4.0000;16.6751
510;2;1.5625;6.2500;6.0000;16.6792
510;1;0.7813;3.1250;2.0000;16.6748
510;0;0.7813;3.1250;2.5000;16.6749
520;5;6.2500;12.5000;10.0000;17.0279
520;4;3.1250;6.2500;5.0000;17.0160
520;3;0.7813;3.1250;4.0000;17.0085
520;2;1.5625;6.2500;6.0000;17.0127
520;1;0.7813;3.1250;2.0000;17.0082
520;0;0.7813;3.1250;2.5000;17.0083
530;5;6.2500;12.5000;10.0000;17.3617
530;4;3.1250;6.2500;5.0000;17.3496
530;3;0.7813;3.1250;4.0000;17.3419
530;2;1.5625;6.2500;6.0000;17.3462
530;1;0.7813;3.1250;2.0000;17.3417
530;0;0.7813;3.1250;2.5000;17.3417
540;5;6.2500;12.5000;10.0000;17.6955
540;4;3.1250;6.2500;5.0000;17.6831
540;3;0.7813;3.1250;4.0000;17.6754
540;2;1.5625;6.2500;6.0000;17.6797
540;1;0.7813;3.1250;2.0000;17.6751
540;0;0.7813;3.1250;2.5000;17.6751
550;5;6.2500;12.5000;10.0000;18.0294
550;4;3.1250;6.2500;5.0000;18.0167
550;3;0.7813;3.1250;4.0000;18.0088
550;2;1.5625;6.2500;6.0000;18.0132
550;1;0.7813;3.1250;2.0000;18.0085
550;0;0.7813;3.1250;2.5000;18.0086
560;5;6.2500;12.5000;10.0000;18.3632
560;4;3.1250;6.2500;5.0000;18.3503
560;3;0.7813;3.1250;4.0000;18.3422
560;2;1.5625;6.2500;6.0000;18.3467
560;1;0.7813;3.1250;2.0000;18.3419
560;0;0.7813;3.1250;2.5000;18.3420
570;5;6.2500;12.5000;10.0000;18.6970
570;4;3.1250;6.2500;5.0000;18.6838
570;3;0.7813;3.1250;4.0000;18.6756
570;2;1.5625;6.2500;6.0000;18.6802
570;1;0.7813;3.1250;2.0000;18.6753
570;0;0.7813;3.1250;2.5000;18.6754
580;5;6.2500;12.5000;10.0000;19.0308
580;4;3.1250;6.2500;5.0000;19.0174
580;3;0.7813;3.1250;4.0000;19.0090
580;2;1.5625;6.2500;6.0000;19.0137
580;1;0.7813;3.1250;2.0000;19.0087
580;0;0.7813;3.1250;2.5000;19.0088
590;5;6.2500;12.5000;10.0000;19.3646
590;4;3.1250;6.2500;5.0000;19.3510
590;3;0.7813;3.1250;4.0000;19.3425
590;2;1.5625;6.2500;6.0000;19.3472
590;1;0.7813;3.1250;2.0000;19.3421
590;0;0.7813;3.1250;2.5000;19.3422
600;5;6.2500;12.5000;10.0000;19.6984
600;4;3.1250;6.2500;5.0000;19.6845
600;3;0.7813;3.1250;4.0000;19.6759
600;2;1.5625;6.2500;6.0000;19.6808
600;1;0.7813;3.1250;2.0000;19.6756
600;0;0.7813;3.1250;2.5000;19.6756
610;5;6.2500;12.5000;10.0000;20.0322
610;4;3.1250;6.2500;5.0000;20.0181
610;3;0.7813;3.1250;4.0000;20.0093
610;2;1.5625;6.2500;6.0000;20.0143
610;1;0.7813;3.1250;2.0000;20.0090
610;0;0.7813;3.1250;2.5000;20.0091
620;5;6.2500;12.5000;10.0000;20.3660
620;4;3.1250;6.2500;5.0000;20.3517
620;3;0.7813;3.1250;4.0000;20.3427
620;2;1.5625;6.2500;6.0000;20.3478
620;1;0.7813;3.1250;2.0000;20.3424
620;0;0.7813;3.1250;2.5000;20.3425
630;5;6.2500;12.5000;10.0000;20.6998
630;4;3.1250;6.2500;5.0000;20.6852
630;3;0.7813;3.1250;4.0000;20.6762
630;2;1.5625;6.2500;6.0000;20.6813
630;1;0.7813;3.1250;2.0000;20.6758
630;0;0.7813;3.1250;2.5000;20.6759
640;5;6.2500;12.5000;10.0000;21.0336
640;4;3.1250;6.2500;5.0000;21.0188
640;3;0.7813;3.1250;4.0000;21.0096
640;2;1.5625;6.2500;6.0000;21.0148
640;1;0.7813;3.1250;2.0000;21.0092
640;0;0.7813;3.1250;2.5000;21.0093
650;5;6.2500;12.5000;10.0000;21.3674
650;4;3.1250;6.2500;5.0000;21.3524
650;3;0.7813;3.1250;4.0000;21.3430
650;2;1.5625;6.2500;6.0000;21.3483
650;1;0.7813;3.1250;2.0000;21.3426
650;0;0.7813;3.1250;2.5000;21.3427
660;5;6.2500;12.5000;10.0000;21.7012
660;4;3.1250;6.2500;5.0000;21.6859
660;3;0.7813;3.1250;4.0000;21.6764
660;2;1.5625;6.2500;6.0000;21.6818
660;1;0.7813;3.1250;2.0000;21.6761
660;0;0.7813;3.1250;2.5000;21.6761
670;5;6.2500;12.5000;10.0000;22.0350
670;4;3.1250;6.2500;5.0000;22.0195
670;3;0.7813;3.1250;4.0000;22.0098
670;2;1.5625;6.2500;6.0000;22.0153
670;1;0.7813;3.1250;2.0000;22.0095
670;0;0.7813;3.1250;2.5000;22.0096
680;5;6.2500;12.5000;10.0000;22.3688
680;4;3.1250;6.2500;5.0000;22.3531
680;3;0.7813;3.1250;4.0000;22.3433
680;2;1.5625;6.2500;6.0000;22.3488
680;1;0.7813;3.1250;2.0000;22.3429
680;0;0.7813;3.1250;2.5000;22.3430
690;5;6.2500;12.5000;10.0000;22.7026
690;4;3.1250;6.2500;5.0000;22.6866
690;3;0.7813;3.1250;4.0000;22.6767
690;2;1.5625;6.2500;6.0000;22.6823
690;1;0.7813;3.1250;2.0000;22.6763
690;0;0.7813;3.1250;2.5000;22.6764
700;5;6.2500;12.5000;10.0000;23.0364
700;4;3.1250;6.2500;5.0000;23.0202
700;3;0.7813;3.1250;4.0000;23.0101
700;2;1.5625;6.2500;6.0000;23.0158
700;1;0.7813;3.1250;2.0000;23.0097
700;0;0.7813;3.1250;2.5000;23.0098
710;5;6.2500;12.5000;10.0000;23.3702
710;4;3.1250;6.2500;5.0000;23.3538
710;3;0.7813;3.1250;4.0000;23.3435
710;2;1.5625;6.2500;6.0000;23.3493
710;1;0.7813;3.1250;2.0000;23.3431
710;0;0.7813;3.1250;2.5000;23.3432
720;5;6.2500;12.5000;10.0000;23.7040
720;4;3.1250;6.2500;5.0000;23.6873
720;3;0.7813;3.1250;4.0000;23.6769
720;2;1.5625;6.2500;6.0000;23.6828
720;1;0.7813;3.1250;2.0000;23.6766
720;0;0.7813;3.1250;2.5000;23.6766
730;5;6.2500;12.5000;10.0000;24.0378
730;4;3.1250;6.2500;5.0000;24.0209
730;3;0.7813;3.1250;4.0000;24.0104
730;2;1.5625;6.2500;6.0000;24.0163
730;1;0.7813;3.1250;2.0000;24.0100
730;0;0.7813;3.1250;2.5000;24.0101
740;5;6.2500;12.5000;10.0000;24.3716
740;4;3.1250;6.2500;5.0000;24.3545
740;3;0.7813;3.1250;4.0000;24.3438
740;2;1.5625;6.2500;6.0000;24.3498
740;1;0.7813;3.1250;2.0000;24.3434
740;0;0.7813;3.1250;2.5000;24.3435
750;5;6.2500;12.5000;10.0000;24.7054
750;4;3.1250;6.2500;5.0000;24.6880
750;3;0.7813;3.1250;4.0000;24.6772
750;2;1.5625;6.2500;6.0000;24.6833
750;1;0.7813;3.1250;2.0000;24.6768
750;0;0.7813;3.1250;2.5000;24.6769
760;5;6.2500;12.5000;10.0000;25.0392
760;4;3.1250;6.2500;5.0000;25.0216
760;3;0.7813;3.1250;4.0000;25.0106
760;2;1.5625;6.2500;6.0000;25.0168
760;1;0.7813;3.1250;2.0000;25.0102
760;0;0.7813;3.1250;2.5000;25.0103
770;5;6.2500;12.5000;10.0000;25.3730
770;4;3.1250;6.2500;5.0000;25.3552
770;3;0.7813;3.1250;4.0000;25.3441
770;2;1.5625;6.2500;6.0000;25.3503
770;1;0.7813;3.1250;2.0000;25.3436
770;0;0.7813;3.1250;2.5000;25.3437
780;5;6.2500;12.5000;10.0000;25.7068
780;4;3.1250;6.2500;5.0000;25.6888
780;3;0.7813;3.1250;4.0000;25.6775
780;2;1.5625;6.2500;6.0000;25.6838
780;1;0.7813;3.1250;2.0000;25.6770
780;0;0.7813;3.1250;2.5000;25.6772
790;5;6.2500;12.5000;10.0000;26.0406
790;4;3.1250;6.2500;5.0000;26.0223
790;3;0.7813;3.1250;4.0000;26.0109
790;2;1.5625;6.2500;6.0000;26.0173
790;1;0.7813;3.1250;2.0000;26.0105
790;0;0.7813;3.1250;2.5000;26.0106
800;5;6.2500;12.5000;10.0000;26.3744
800;4;3.1250;6.2500;5.0000;26.3559
800;3;0.7813;3.1250;4.0000;26.3443
800;2;1.5625;6.2500;6.0000;26.3508
800;1;0.7813;3.1250;2.0000;26.3439
800;0;0.7813;3.1250;2.5000;26.3440
810;5;6.2500;12.5000;10.0000;26.7082
810;4;3.1250;6.2500;5.0000;26.6895
810;3;0.7813;3.1250;4.0000;26.6777
810;2;1.5625;6.2500;6.0000;26.6843
810;1;0.7813;3.1250;2.0000;26.6773
810;0;0.7813;3.1250;2.5000;26.6774
820;5;6.2500;12.5000;10.0000;27.0420
820;4;3.1250;6.2500;5.0000;27.0230
820;3;0.7813;3.1250;4.0000;27.0112
820;2;1.5625;6.2500;6.0000;27.0178
820;1;0.7813;3.1250;2.0000;27.0107
820;0;0.7813;3.1250;2.5000;27.0108
830;5;6.2500;12.5000;10.0000;27.3758
830;4;3.1250;6.2500;5.0000;27.3566
830;3;0.7813;3.1250;4.0000;27.3446
830;2;1.5625;6.2500;6.0000;27.3513
830;1;0.7813;3.1250;2.0000;27.3441
830;0;0.7813;3.1250;2.5000;27.3442
840;5;6.2500;12.5000;10.0000;27.7096
840;4;3.1250;6.2500;5.0000;27.6902
840;3;0.7813;3.1250;4.0000;27.6780
840;2;1.5625;6.2500;6.0000;27.6848
840;1;0.7813;3.1250;2.0000;27.6775
840;0;0.7813;3.1250;2.5000;27.6777
850;5;6.2500;12.5000;10.0000;28.0434
850;4;3.1250;6.2500;5.0000;28.0237
850;3;0.7813;3.1250;4.0000;28.0114
850;2;1.5625;6.2500;6.0000;28.0183
850;1;0.7813;3.1250;2.0000;28.0110
850;0;0.7813;3.1250;2.5000;28.0111
860;5;6.2500;12.5000;10.0000;28.3772
860;4;3.1250;6.2500;5.0000;28.3573
860;3;0.7813;3.1250;4.0000;28.3448
860;2;1.5625;6.2500;6.0000;28.3518
860;1;0.7813;3.1250;2.0000;28.3444
860;0;0.7813;3.1250;2.5000;28.3445
870;5;6.2500;12.5000;10.0000;28.7110
870;4;3.1250;6.2500;5.0000;28.6909
870;3;0.7813;3.1250;4.0000;28.6783
870;2;1.5625;6.2500;6.0000;28.6853
870;1;0.7813;3.1250;2.0000;28.6778
870;0;0.7813;3.1250;2.5000;28.6779
880;5;6.2500;12.5000;10.0000;29.0448
880;4;3.1250;6.2500;5.0000;29.0244
880;3;0.7813;3.1250;4.0000;29.0117
880;2;1.5625;6.2500;6.0000;29.0189
880;1;0.7813;3.1250;2.0000;29.0112
880;0;0.7813;3.1250;2.5000;29.0113
890;5;6.2500;12.5000;10.0000;29.3786
890;4;3.1250;6.2500;5.0000;29.3580
890;3;0.7813;3.1250;4.0000;29.3451
890;2;1.5625;6.2500;6.0000;29.3524
890;1;0.7813;3.1250;2.0000;29.3446
890;0;0.7813;3.1250;2.5000;29.3447
900;5;6.2500;12.5000;10.0000;29.7124
900;4;3.1250;6.2500;5.0000;29.6916
900;3;0.7813;3.1250;4.0000;29.6785
900;2;1.5625;6.2500;6.0000;29.6859
900;1;0.7813;3.1250;2.0000;29.6780
900;0;0.7813;3.1250;2.5000;29.6782
910;5;6.2500;12.5000;10.0000;30.0462
910;4;3.1250;6.2500;5.0000;30.0251
910;3;0.7813;3.1250;4.0000;30.0119
910;2;1.5625;6.2500;6.0000;30.0194
910;1;0.7813;3.1250;2.0000;30.0114
910;0;0.7813;3.1250;2.5000;30.0116
920;5;6.2500;12.5000;10.0000;30.3800
920;4;3.1250;6.2500;5.0000;30.3587
920;3;0.7813;3.1250;4.0000;30.3454
920;2;1.5625;6.2500;6.0000;30.3529
920;1;0.7813;3.1250;2.0000;30.3449
920;0;0.7813;3.1250;2.5000;30.3450
930;5;6.2500;12.5000;10.0000;30.7138
930;4;3.1250;6.2500;5.0000;30.6923
930;3;0.7813;3.1250;4.0000;30.6788
930;2;1.5625;6.2500;6.0000;30.6864
930;1;0.7813;3.1250;2.0000;30.6783
930;0;0.7813;3.1250;2.5000;30.6784
940;5;6.2500;12.5000;10.0000;31.0476
940;4;3.1250;6.2500;5.0000;31.0258
940;3;0.7813;3.1250;4.0000;31.0122
940;2;1.5625;6.2500;6.0000;31.0199
940;1;0.7813;3.1250;2.0000;31.0117
940;0;0.7813;3.1250;2.5000;31.0118
950;5;6.2500;12.5000;10.0000;31.3814
950;4;3.1250;6.2500;5.0000;31.3594
950;3;0.7813;3.1250;4.0000;31.3456
950;2;1.5625;6.2500;6.0000;31.3534
950;1;0.7813;3.1250;2.0000;31.3451
950;0;0.7813;3.1250;2.5000;31.3452
960;5;6.2500;12.5000;10.0000;31.7152
960;4;3.1250;6.2500;5.0000;31.6930
960;3;0.7813;3.1250;4.0000;31.6791
960;2;1.5625;6.2500;6.0000;31.6869
960;1;0.7813;3.1250;2.0000;31.6785
960;0;0.7813;3.1250;2.5000;31.6787
970;5;6.2500;12.5000;10.0000;32.0490
970;4;3.1250;6.2500;5.0000;32.0265
970;3;0.7813;3.1250;4.0000;32.0125
970;2;1.5625;6.2500;6.0000;32.0204
970;1;0.7813;3.1250;2.0000;32.0119
970;0;0.7813;3.1250;2.5000;32.0121
980;5;6.2500;12.5000;10.0000;32.3828
980;4;3.1250;6.2500;5.0000;32.3601
980;3;0.7813;3.1250;4.0000;32.3459
980;2;1.5625;6.2500;6.0000;32.3539
980;1;0.7813;3.1250;2.0000;32.3454
980;0;0.7813;3.1250;2.5000;32.3455
990;5;6.2500;12.5000;10.0000;32.7166
990;4;3.1250;6.2500;5.0000;32.6937
990;3;0.7813;3.1250;4.0000;32.6793
990;2;1.5625;6.2500;6.0000;32.6874
990;1;0.7813;3.1250;2.0000;32.6788
990;0;0.7813;3.1250;2.5000;32.6789
1000;5;6.2500;12.5000;10.0000;33.0504
1000;4;3.1250;6.2500;5.0000;33.0272
1000;3;0.7813;3.1250;4.0000;33.0127
1000;2;1.5625;6.2500;6.0000;33.0209
1000;1;0.7813;3.1250;2.0000;33.0122
1000;0;0.7813;3.1250;2.5000;33.0123
1010;5;6.2500;12.5000;10.0000;33.3842
1010;4;3.1250;6.2500;5.0000;33.3608
1010;3;0.7813;3.1250;4.0000;33.3462
1010;2;1.5625;6.2500;6.0000;33.3544
1010;1;0.7813;3.1250;2.0000;33.3456
1010;0;0.7813;3.1250;2.5000;33.3457
1020;5;6.2500;12.5000;10.0000;33.7180
1020;4;3.1250;6.2500;5.0000;33.6944
1020;3;0.7813;3.1250;4.0000;33.6796
1020;2;1.5625;6.2500;6.0000;33.6879
1020;1;0.7813;3.1250;2.0000;33.6790
1020;0;0.7813;3.1250;2.5000;33.6792
1030;5;6.2500;12.5000;10.0000;34.0519
1030;4;3.1250;6.2500;5.0000;34.0279
1030;3;0.7813;3.1250;4.0000;34.0130
1030;2;1.5625;6.2500;6.0000;34.0214
1030;1;0.7813;3.1250;2.0000;34.0124
1030;0;0.7813;3.1250;2.5000;34.0126
1040;5;6.2500;12.5000;10.0000;34.3857
1040;4;3.1250;6.2500;5.0000;34.3615
1040;3;0.7813;3.1250;4.0000;34.3464
1040;2;1.5625;6.2500;6.0000;34.3549
1040;1;0.7813;3.1250;2.0000;34.3459
1040;0;0.7813;3.1250;2.5000;34.3460
1050;5;6.2500;12.5000;10.0000;34.7195
1050;4;3.1250;6.2500;5.0000;34.6951
1050;3;0.7813;3.1250;4.0000;34.6798
1050;2;1.5625;6.2500;6.0000;34.6884
1050;1;0.7813;3.1250;2.0000;34.6793
1050;0;0.7813;3.1250;2.5000;34.6794
1060;5;6.2500;12.5000;10.0000;35.0533
1060;4;3.1250;6.2500;5.0000;35.0286
1060;3;0.7813;3.1250;4.0000;35.0133
1060;2;1.5625;6.2500;6.0000;35.0219
1060;1;0.7813;3.1250;2.0000;35.0127
1060;0;0.7813;3.1250;2.5000;35.0128
1070;5;6.2500;12.5000;10.0000;35.3871
1070;4;3.1250;6.2500;5.0000;35.3622
1070;3;0.7813;3.1250;4.0000;35.3467
1070;2;1.5625;6.2500;6.0000;35.3554
1070;1;0.7813;3.1250;2.0000;35.3461
1070;0;0.7813;3.1250;2.5000;35.3462
1080;5;6.2500;12.5000;10.0000;35.7209
1080;4;3.1250;6.2500;5.0000;35.6958
1080;3;0.7813;3.1250;4.0000;35.6801
1080;2;1.5625;6.2500;6.0000;35.6889
1080;1;0.7813;3.1250;2.0000;35.6795
1080;0;0.7813;3.1250;2.5000;35.6797
1090;5;6.2500;12.5000;10.0000;36.0547
1090;4;3.1250;6.2500;5.0000;36.0293
1090;3;0.7813;3.1250;4.0000;36.0135
1090;2;1.5625;6.2500;6.0000;36.0224
1090;1;0.7813;3.1250;2.0000;36.0129
1090;0;0.7813;3.1250;2.5000;36.0131
1100;5;6.2500;12.5000;10.0000;36.3885
1100;4;3.1250;6.2500;5.0000;36.3629
1100;3;0.7813;3.1250;4.0000;36.3470
1100;2;1.5625;6.2500;6.0000;36.3559
1100;1;0.7813;3.1250;2.0000;36.3463
1100;0;0.7813;3.1250;2.5000;36.3465
1110;5;6.2500;12.5000;10.0000;36.7223
1110;4;3.1250;6.2500;5.0000;36.6965
1110;3;0.7813;3.1250;4.0000;36.6804
1110;2;1.5625;6.2500;6.0000;36.6894
1110;1;0.7813;3.1250;2.0000;36.6798
1110;0;0.7813;3.1250;2.5000;36.6799
1120;5;6.2500;12.5000;10.0000;37.0561
1120;4;3.1250;6.2500;5.0000;37.0301
1120;3;0.7813;3.1250;4.0000;37.0138
1120;2;1.5625;6.2500;6.0000;37.0229
1120;1;0.7813;3.1250;2.0000;37.0132
1120;0;0.7813;3.1250;2.5000;37.0133
1130;5;6.2500;12.5000;10.0000;37.3899
1130;4;3.1250;6.2500;5.0000;37.3636
1130;3;0.7813;3.1250;4.0000;37.3472
1130;2;1.5625;6.2500;6.0000;37.3564
1130;1;0.7813;3.1250;2.0000;37.3466
1130;0;0.7813;3.1250;2.5000;37.3468
1140;5;6.2500;12.5000;10.0000;37.7237
1140;4;3.1250;6.2500;5.0000;37.6972
1140;3;0.7813;3.1250;4.0000;37.6806
1140;2;1.5625;6.2500;6.0000;37.6899
1140;1;0.7813;3.1250;2.0000;37.6800
1140;0;0.7813;3.1250;2.5000;37.6802
1150;5;6.2500;12.5000;10.0000;38.0575
1150;4;3.1250;6.2500;5.0000;38.0308
1150;3;0.7813;3.1250;4.0000;38.0141
1150;2;1.5625;6.2500;6.0000;38.0235
1150;1;0.7813;3.1250;2.0000;38.0134
1150;0;0.7813;3.1250;2.5000;38.0136
1160;5;6.2500;12.5000;10.0000;38.3913
1160;4;3.1250;6.2500;5.0000;38.3643
1160;3;0.7813;3.1250;4.0000;38.3475
1160;2;1.5625;6.2500;6.0000;38.3570
1160;1;0.7813;3.1250;2.0000;38.3468
1160;0;0.7813;3.1250;2.5000;38.3470
1170;5;6.2500;12.5000;10.0000;38.7251
1170;4;3.1250;6.2500;5.0000;38.6979
1170;3;0.7813;3.1250;4.0000;38.6809
1170;2;1.5625;6.2500;6.0000;38.6905
1170;1;0.7813;3.1250;2.0000;38.6803
1170;0;0.7813;3.1250;2.5000;38.6804
1180;5;6.2500;12.5000;10.0000;39.0589
1180;4;3.1250;6.2500;5.0000;39.0315
1180;3;0.7813;3.1250;4.0000;39.0143
1180;2;1.5625;6.2500;6.0000;39.0240
1180;1;0.7813;3.1250;2.0000;39.0137
1180;0;0.7813;3.1250;2.5000;39.0138
1190;5;6.2500;12.5000;10.0000;39.3927
1190;4;3.1250;6.2500;5.0000;39.3650
1190;3;0.7813;3.1250;4.0000;39.3477
1190;2;1.5625;6.2500;6.0000;39.3575
1190;1;0.7813;3.1250;2.0000;39.3471
1190;0;0.7813;3.1250;2.5000;39.3473
1200;5;6.2500;12.5000;10.0000;39.7265
1200;4;3.1250;6.2500;5.0000;39.6986
1200;3;0.7813;3.1250;4.0000;39.6812
1200;2;1.5625;6.2500;6.0000;39.6910
1200;1;0.7813;3.1250;2.0000;39.6805
1200;0;0.7813;3.1250;2.5000;39.6807
1210;5;6.2500;12.5000;10.0000;40.0603
1210;4;3.1250;6.2500;5.0000;40.0322
1210;3;0.7813;3.1250;4.0000;40.0146
1210;2;1.5625;6.2500;6.0000;40.0245
1210;1;0.7813;3.1250;2.0000;40.0139
1210;0;0.7813;3.1250;2.5000;40.0141
1220;5;6.2500;12.5000;10.0000;40.3941
1220;4;3.1250;6.2500;5.0000;40.3657
1220;3;0.7813;3.1250;4.0000;40.3480
1220;2;1.5625;6.2500;6.0000;40.3580
1220;1;0.7813;3.1250;2.0000;40.3473
1220;0;0.7813;3.1250;2.5000;40.3475
1230;5;6.2500;12.5000;10.0000;40.7279
1230;4;3.1250;6.2500;5.0000;40.6993
1230;3;0.7813;3.1250;4.0000;40.6814
1230;2;1.5625;6.2500;6.0000;40.6915
1230;1;0.7813;3.1250;2.0000;40.6808
1230;0;0.7813;3.1250;2.5000;40.6809
1240;5;6.2500;12.5000;10.0000;41.0617
1240;4;3.1250;6.2500;5.0000;41.0329
1240;3;0.7813;3.1250;4.0000;41.0149
1240;2;1.5625;6.2500;6.0000;41.0250
1240;1;0.7813;3.1250;2.0000;41.0142
1240;0;0.7813;3.1250;2.5000;41.0143
1250;5;6.2500;12.5000;10.0000;41.3955
1250;4;3.1250;6.2500;5.0000;41.3664
1250;3;0.7813;3.1250;4.0000;41.3483
1250;2;1.5625;6.2500;6.0000;41.3585
1250;1;0.7813;3.1250;2.0000;41.3476
1250;0;0.7813;3.1250;2.5000;41.3478
1260;5;6.2500;12.5000;10.0000;41.7293
1260;4;3.1250;6.2500;5.0000;41.7000
1260;3;0.7813;3.1250;4.0000;41.6817
1260;2;1.5625;6.2500;6.0000;41.6920
1260;1;0.7813;3.1250;2.0000;41.6810
1260;0;0.7813;3.1250;2.5000;41.6812
1270;5;6.2500;12.5000;10.0000;42.0631
1270;4;3.1250;6.2500;5.0000;42.0336
1270;3;0.7813;3.1250;4.0000;42.0151
1270;2;1.5625;6.2500;6.0000;42.0255
1270;1;0.7813;3.1250;2.0000;42.0144
1270;0;0.7813;3.1250;2.5000;42.0146
1280;5;6.2500;12.5000;10.0000;42.3969
1280;4;3.1250;6.2500;5.0000;42.3671
1280;3;0.7813;3.1250;4.0000;42.3485
1280;2;1.5625;6.2500;6.0000;42.3590
1280;1;0.7813;3.1250;2.0000;42.3478
1280;0;0.7813;3.1250;2.5000;42.3480
1290;5;6.2500;12.5000;10.0000;42.7307
1290;4;3.1250;6.2500;5.0000;42.7007
1290;3;0.7813;3.1250;4.0000;42.6820
1290;2;1.5625;6.2500;6.0000;42.6925
1290;1;0.7813;3.1250;2.0000;42.6812
1290;0;0.7813;3.1250;2.5000;42.6814
1300;5;6.2500;12.5000;10.0000;43.0645
1300;4;3.1250;6.2500;5.0000;43.0343
1300;3;0.7813;3.1250;4.0000;43.0154
1300;2;1.5625;6.2500;6.0000;43.0260
1300;1;0.7813;3.1250;2.0000;43.0147
1300;0;0.7813;3.1250;2.5000;43.0148
1310;5;6.2500;12.5000;10.0000;43.3983
1310;4;3.1250;6.2500;5.0000;43.3678
1310;3;0.7813;3.1250;4.0000;43.3488
1310;2;1.5625;6.2500;6.0000;43.3595
1310;1;0.7813;3.1250;2.0000;43.3481
1310;0;0.7813;3.1250;2.5000;43.3483
1320;5;6.2500;12.5000;10.0000;43.7321
1320;4;3.1250;6.2500;5.0000;43.7014
1320;3;0.7813;3.1250;4.0000;43.6822
1320;2;1.5625;6.2500;6.0000;43.6930
1320;1;0.7813;3.1250;2.0000;43.6815
1320;0;0.7813;3.1250;2.5000;43.6817
1330;5;6.2500;12.5000;10.0000;44.0659
1330;4;3.1250;6.2500;5.0000;44.0350
1330;3;0.7813;3.1250;4.0000;44.0156
1330;2;1.5625;6.2500;6.0000;44.0265
1330;1;0.7813;3.1250;2.0000;44.0149
1330;0;0.7813;3.1250;2.5000;44.0151
1340;5;6.2500;12.5000;10.0000;44.3997
1340;4;3.1250;6.2500;5.0000;44.3685
1340;3;0.7813;3.1250;4.0000;44.3491
1340;2;1.5625;6.2500;6.0000;44.3600
1340;1;0.7813;3.1250;2.0000;44.3483
1340;0;0.7813;3.1250;2.5000;44.3485
1350;5;6.2500;12.5000;10.0000;44.7335
1350;4;3.1250;6.2500;5.0000;44.7021
1350;3;0.7813;3.1250;4.0000;44.6825
1350;2;1.5625;6.2500;6.0000;44.6935
1350;1;0.7813;3.1250;2.0000;44.6817
1350;0;0.7813;3.1250;2.5000;44.6819
1360;5;6.2500;12.5000;10.0000;45.0673
1360;4;3.1250;6.2500;5.0000;45.0357
1360;3;0.7813;3.1250;4.0000;45.0159
1360;2;1.5625;6.2500;6.0000;45.0270
1360;1;0.7813;3.1250;2.0000;45.0152
1360;0;0.7813;3.1250;2.5000;45.0153
1370;5;6.2500;12.5000;10.0000;45.4011
1370;4;3.1250;6.2500;5.0000;45.3692
1370;3;0.7813;3.1250;4.0000;45.3493
1370;2;1.5625;6.2500;6.0000;45.3605
1370;1;0.7813;3.1250;2.0000;45.3486
1370;0;0.7813;3.1250;2.5000;45.3488
1380;5;6.2500;12.5000;10.0000;45.7349
1380;4;3.1250;6.2500;5.0000;45.7028
1380;3;0.7813;3.1250;4.0000;45.6827
1380;2;1.5625;6.2500;6.0000;45.6940
1380;1;0.7813;3.1250;2.0000;45.6820
1380;0;0.7813;3.1250;2.5000;45.6822
1390;5;6.2500;12.5000;10.0000;46.0687
1390;4;3.1250;6.2500;5.0000;46.0364
1390;3;0.7813;3.1250;4.0000;46.0162
1390;2;1.5625;6.2500;6.0000;46.0275
1390;1;0.7813;3.1250;2.0000;46.0154
1390;0;0.7813;3.1250;2.5000;46.0156
1400;5;6.2500;12.5000;10.0000;46.4025
1400;4;3.1250;6.2500;5.0000;46.3699
1400;3;0.7813;3.1250;4.0000;46.3496
1400;2;1.5625;6.2500;6.0000;46.3610
1400;1;0.7813;3.1250;2.0000;46.3488
1400;0;0.7813;3.1250;2.5000;46.3490
1410;5;6.2500;12.5000;10.0000;46.7363
1410;4;3.1250;6.2500;5.0000;46.7035
1410;3;0.7813;3.1250;4.0000;46.6830
1410;2;1.5625;6.2500;6.0000;46.6945
1410;1;0.7813;3.1250;2.0000;46.6822
1410;0;0.7813;3.1250;2.5000;46.6824
1420;5;6.2500;12.5000;10.0000;47.0701
1420;4;3.1250;6.2500;5.0000;47.0371
1420;3;0.7813;3.1250;4.0000;47.0164
1420;2;1.5625;6.2500;6.0000;47.0280
1420;1;0.7813;3.1250;2.0000;47.0157
1420;0;0.7813;3.1250;2.5000;47.0158
1430;5;6.2500;12.5000;10.0000;47.4039
1430;4;3.1250;6.2500;5.0000;47.3707
1430;3;0.7813;3.1250;4.0000;47.3499
1430;2;1.5625;6.2500;6.0000;47.3616
1430;1;0.7813;3.1250;2.0000;47.3491
1430;0;0.7813;3.1250;2.5000;47.3493
1440;5;6.2500;12.5000;10.0000;47.7377
1440;4;3.1250;6.2500;5.0000;47.7042
1440;3;0.7813;3.1250;4.0000;47.6833
1440;2;1.5625;6.2500;6.0000;47.6951
1440;1;0.7813;3.1250;2.0000;47.6825
1440;0;0.7813;3.1250;2.5000;47.6827
1450;5;6.2500;12.5000;10.0000;48.0715
1450;4;3.1250;6.2500;5.0000;48.0378
1450;3;0.7813;3.1250;4.0000;48.0167
1450;2;1.5625;6.2500;6.0000;48.0286
1450;1;0.7813;3.1250;2.0000;48.0159
1450;0;0.7813;3.1250;2.5000;48.0161
1460;5;6.2500;12.5000;10.0000;48.4053
1460;4;3.1250;6.2500;5.0000;48.3714
1460;3;0.7813;3.1250;4.0000;48.3501
1460;2;1.5625;6.2500;6.0000;48.3621
1460;1;0.7813;3.1250;2.0000;48.3493
1460;0;0.7813;3.1250;2.5000;48.3495
1470;5;6.2500;12.5000;10.0000;48.7391
1470;4;3.1250;6.2500;5.0000;48.7049
1470;3;0.7813;3.1250;4.0000;48.6835
1470;2;1.5625;6.2500;6.0000;48.6956
1470;1;0.7813;3.1250;2.0000;48.6827
1470;0;0.7813;3.1250;2.5000;48.6829
1480;5;6.2500;12.5000;10.0000;49.0729
1480;4;3.1250;6.2500;5.0000;49.0385
1480;3;0.7813;3.1250;4.0000;49.0170
1480;2;1.5625;6.2500;6.0000;49.0291
1480;1;0.7813;3.1250;2.0000;49.0161
1480;0;0.7813;3.1250;2.5000;49.0163
1490;5;6.2500;12.5000;10.0000;49.4067
1490;4;3.1250;6.2500;5.0000;49.3721
1490;3;0.7813;3.1250;4.0000;49.3504
1490;2;1.5625;6.2500;6.0000;49.3626
1490;1;0.7813;3.1250;2.0000;49.3496
1490;0;0.7813;3.1250;2.5000;49.3498
1500;5;6.2500;12.5000;10.0000;49.7405
1500;4;3.1250;6.2500;5.0000;49.7056
1500;3;0.7813;3.1250;4.0000;49.6838
1500;2;1.5625;6.2500;6.0000;49.6961
1500;1;0.7813;3.1250;2.0000;49.6830
1500;0;0.7813;3.1250;2.5000;49.6832
1510;5;6.2500;12.5000;10.0000;50.0744
1510;4;3.1250;6.2500;5.0000;50.0392
1510;3;0.7813;3.1250;4.0000;50.0172
1510;2;1.5625;6.2500;6.0000;50.0296
1510;1;0.7813;3.1250;2.0000;50.0164
1510;0;0.7813;3.1250;2.5000;50.0166
1520;5;6.2500;12.5000;10.0000;50.4082
1520;4;3.1250;6.2500;5.0000;50.3728
1520;3;0.7813;3.1250;4.0000;50.3506
1520;2;1.5625;6.2500;6.0000;50.3631
1520;1;0.7813;3.1250;2.0000;50.3498
1520;0;0.7813;3.1250;2.5000;50.3500
1530;5;6.2500;12.5000;10.0000;50.7420
1530;4;3.1250;6.2500;5.0000;50.7063
1530;3;0.7813;3.1250;4.0000;50.6841
1530;2;1.5625;6.2500;6.0000;50.6966
1530;1;0.7813;3.1250;2.0000;50.6832
1530;0;0.7813;3.1250;2.5000;50.6834
1540;5;6.2500;12.5000;10.0000;51.0758
1540;4;3.1250;6.2500;5.0000;51.0399
1540;3;0.7813;3.1250;4.0000;51.0175
1540;2;1.5625;6.2500;6.0000;51.0301
1540;1;0.7813;3.1250;2.0000;51.0166
1540;0;0.7813;3.1250;2.5000;51.0169
1550;5;6.2500;12.5000;10.0000;51.4096
1550;4;3.1250;6.2500;5.0000;51.3735
1550;3;0.7813;3.1250;4.0000;51.3509
1550;2;1.5625;6.2500;6.0000;51.3636
1550;1;0.7813;3.1250;2.0000;51.3501
1550;0;0.7813;3.1250;2.5000;51.3503
1560;5;6.2500;12.5000;10.0000;51.7434
1560;4;3.1250;6.2500;5.0000;51.7070
1560;3;0.7813;3.1250;4.0000;51.6843
1560;2;1.5625;6.2500;6.0000;51.6971
1560;1;0.7813;3.1250;2.0000;51.6835
1560;0;0.7813;3.1250;2.5000;51.6837
1570;5;6.2500;12.5000;10.0000;52.0772
1570;4;3.1250;6.2500;5.0000;52.0406
1570;3;0.7813;3.1250;4.0000;52.0178
1570;2;1.5625;6.2500;6.0000;52.0306
1570;1;0.7813;3.1250;2.0000;52.0169
1570;0;0.7813;3.1250;2.5000;52.0171
1580;5;6.2500;12.5000;10.0000;52.4110
1580;4;3.1250;6.2500;5.0000;52.3742
1580;3;0.7813;3.1250;4.0000;52.3512
1580;2;1.5625;6.2500;6.0000;52.3641
1580;1;0.7813;3.1250;2.0000;52.3503
1580;0;0.7813;3.1250;2.5000;52.3505
1590;5;6.2500;12.5000;10.0000;52.7448
1590;4;3.1250;6.2500;5.0000;52.7077
1590;3;0.7813;3.1250;4.0000;52.6846
1590;2;1.5625;6.2500;6.0000;52.6976
1590;1;0.7813;3.1250;2.0000;52.6837
1590;0;0.7813;3.1250;2.5000;52.6839
1600;5;6.2500;12.5000;10.0000;53.0786
1600;4;3.1250;6.2500;5.0000;53.0413
1600;3;0.7813;3.1250;4.0000;53.0180
1600;2;1.5625;6.2500;6.0000;53.0311
1600;1;0.7813;3.1250;2.0000;53.0171
1600;0;0.7813;3.1250;2.5000;53.0174
1610;5;6.2500;12.5000;10.0000;53.4124
1610;4;3.1250;6.2500;5.0000;53.3749
1610;3;0.7813;3.1250;4.0000;53.3514
1610;2;1.5625;6.2500;6.0000;53.3646
1610;1;0.7813;3.1250;2.0000;53.3505
1610;0;0.7813;3.1250;2.5000;53.3508
1620;5;6.2500;12.5000;10.0000;53.7462
1620;4;3.1250;6.2500;5.0000;53.7084
1620;3;0.7813;3.1250;4.0000;53.6849
1620;2;1.5625;6.2500;6.0000;53.6981
1620;1;0.7813;3.1250;2.0000;53.6840
1620;0;0.7813;3.1250;2.5000;53.6842
1630;5;6.2500;12.5000;10.0000;54.0800
1630;4;3.1250;6.2500;5.0000;54.0420
1630;3;0.7813;3.1250;4.0000;54.0183
1630;2;1.5625;6.2500;6.0000;54.0316
1630;1;0.7813;3.1250;2.0000;54.0174
1630;0;0.7813;3.1250;2.5000;54.0176
1640;5;6.2500;12.5000;10.0000;54.4138
1640;4;3.1250;6.2500;5.0000;54.3756
1640;3;0.7813;3.1250;4.0000;54.3517
1640;2;1.5625;6.2500;6.0000;54.3651
1640;1;0.7813;3.1250;2.0000;54.3508
1640;0;0.7813;3.1250;2.5000;54.3510
1650;5;6.2500;12.5000;10.0000;54.7476
1650;4;3.1250;6.2500;5.0000;54.7091
1650;3;0.7813;3.1250;4.0000;54.6851
1650;2;1.5625;6.2500;6.0000;54.6986
1650;1;0.7813;3.1250;2.0000;54.6842
1650;0;0.7813;3.1250;2.5000;54.6844
1660;5;6.2500;12.5000;10.0000;55.0814
1660;4;3.1250;6.2500;5.0000;55.0427
1660;3;0.7813;3.1250;4.0000;55.0185
1660;2;1.5625;6.2500;6.0000;55.0321
1660;1;0.7813;3.1250;2.0000;55.0176
1660;0;0.7813;3.1250;2.5000;55.0179
1670;5;6.2500;12.5000;10.0000;55.4152
1670;4;3.1250;6.2500;5.0000;55.3763
1670;3;0.7813;3.1250;4.0000;55.3520
1670;2;1.5625;6.2500;6.0000;55.3656
1670;1;0.7813;3.1250;2.0000;55.3510
1670;0;0.7813;3.1250;2.5000;55.3513
1680;5;6.2500;12.5000;10.0000;55.7490
1680;4;3.1250;6.2500;5.0000;55.7098
1680;3;0.7813;3.1250;4.0000;55.6854
1680;2;1.5625;6.2500;6.0000;55.6991
1680;1;0.7813;3.1250;2.0000;55.6845
1680;0;0.7813;3.1250;2.5000;55.6847
1690;5;6.2500;12.5000;10.0000;56.0828
1690;4;3.1250;6.2500;5.0000;56.0434
1690;3;0.7813;3.1250;4.0000;56.0188
1690;2;1.5625;6.2500;6.0000;56.0326
1690;1;0.7813;3.1250;2.0000;56.0179
1690;0;0.7813;3.1250;2.5000;56.0181
1700;5;6.2500;12.5000;10.0000;56.4166
1700;4;3.1250;6.2500;5.0000;56.3770
1700;3;0.7813;3.1250;4.0000;56.3522
1700;2;1.5625;6.2500;6.0000;56.3662
1700;1;0.7813;3.1250;2.0000;56.3513
1700;0;0.7813;3.1250;2.5000;56.3515
1710;5;6.2500;12.5000;10.0000;56.7504
1710;4;3.1250;6.2500;5.0000;56.7105
1710;3;0.7813;3.1250;4.0000;56.6857
1710;2;1.5625;6.2500;6.0000;56.6997
1710;1;0.7813;3.1250;2.0000;56.6847
1710;0;0.7813;3.1250;2.5000;56.6849
1720;5;6.2500;12.5000;10.0000;57.0842
1720;4;3.1250;6.2500;5.0000;57.0441
1720;3;0.7813;3.1250;4.0000;57.0191
1720;2;1.5625;6.2500;6.0000;57.0332
1720;1;0.7813;3.1250;2.0000;57.0181
1720;0;0.7813;3.1250;2.5000;57.0184
1730;5;6.2500;12.5000;10.0000;57.4180
1730;4;3.1250;6.2500;5.0000;57.3777
1730;3;0.7813;3.1250;4.0000;57.3525
1730;2;1.5625;6.2500;6.0000;57.3667
1730;1;0.7813;3.1250;2.0000;57.3515
1730;0;0.7813;3.1250;2.5000;57.3518
1740;5;6.2500;12.5000;10.0000;57.7518
1740;4;3.1250;6.2500;5.0000;57.7113
1740;3;0.7813;3.1250;4.0000;57.6859
1740;2;1.5625;6.2500;6.0000;57.7002
1740;1;0.7813;3.1250;2.0000;57.6850
1740;0;0.7813;3.1250;2.5000;57.6852
1750;5;6.2500;12.5000;10.0000;58.0856
1750;4;3.1250;6.2500;5.0000;58.0448
1750;3;0.7813;3.1250;4.0000;58.0193
1750;2;1.5625;6.2500;6.0000;58.0337
1750;1;0.7813;3.1250;2.0000;58.0184
1750;0;0.7813;3.1250;2.5000;58.0186
1760;5;6.2500;12.5000;10.0000;58.4194
1760;4;3.1250;6.2500;5.0000;58.3784
1760;3;0.7813;3.1250;4.0000;58.3528
1760;2;1.5625;6.2500;6.0000;58.3672
1760;1;0.7813;3.1250;2.0000;58.3518
1760;0;0.7813;3.1250;2.5000;58.3520
1770;5;6.2500;12.5000;10.0000;58.7532
1770;4;3.1250;6.2500;5.0000;58.7120
1770;3;0.7813;3.1250;4.0000;58.6862
1770;2;1.5625;6.2500;6.0000;58.7007
1770;1;0.7813;3.1250;2.0000;58.6852
1770;0;0.7813;3.1250;2.5000;58.6854
1780;5;6.2500;12.5000;10.0000;59.0870
1780;4;3.1250;6.2500;5.0000;59.0455
1780;3;0.7813;3.1250;4.0000;59.0196
1780;2;1.5625;6.2500;6.0000;59.0342
1780;1;0.7813;3.1250;2.0000;59.0186
1780;0;0.7813;3.1250;2.5000;59.0189
1790;5;6.2500;12.5000;10.0000;59.4208
1790;4;3.1250;6.2500;5.0000;59.3791
1790;3;0.7813;3.1250;4.0000;59.3530
1790;2;1.5625;6.2500;6.0000;59.3677
1790;1;0.7813;3.1250;2.0000;59.3520
1790;0;0.7813;3.1250;2.5000;59.3523
1800;5;6.2500;12.5000;10.0000;59.7546
1800;4;3.1250;6.2500;5.0000;59.7127
1800;3;0.7813;3.1250;4.0000;59.6864
1800;2;1.5625;6.2500;6.0000;59.7012
1800;1;0.7813;3.1250;2.0000;59.6854
1800;0;0.7813;3.1250;2.5000;59.6857
1810;5;6.2500;12.5000;10.0000;60.0884
1810;4;3.1250;6.2500;5.0000;60.0462
1810;3;0.7813;3.1250;4.0000;60.0199
1810;2;1.5625;6.2500;6.0000;60.0347
1810;1;0.7813;3.1250;2.0000;60.0189
1810;0;0.7813;3.1250;2.5000;60.0191
1820;5;6.2500;12.5000;10.0000;60.4222
1820;4;3.1250;6.2500;5.0000;60.3798
1820;3;0.7813;3.1250;4.0000;60.3533
1820;2;1.5625;6.2500;6.0000;60.3682
1820;1;0.7813;3.1250;2.0000;60.3523
1820;0;0.7813;3.1250;2.5000;60.3525
1830;5;6.2500;12.5000;10.0000;60.7560
1830;4;3.1250;6.2500;5.0000;60.7134
1830;3;0.7813;3.1250;4.0000;60.6867
1830;2;1.5625;6.2500;6.0000;60.7017
1830;1;0.7813;3.1250;2.0000;60.6857
1830;0;0.7813;3.1250;2.5000;60.6859
1840;5;6.2500;12.5000;10.0000;61.0898
1840;4;3.1250;6.2500;5.0000;61.0469
1840;3;0.7813;3.1250;4.0000;61.0201
1840;2;1.5625;6.2500;6.0000;61.0352
1840;1;0.7813;3.1250;2.0000;61.0191
1840;0;0.7813;3.1250;2.5000;61.0194
1850;5;6.2500;12.5000;10.0000;61.4236
1850;4;3.1250;6.2500;5.0000;61.3805
1850;3;0.7813;3.1250;4.0000;61.3535
1850;2;1.5625;6.2500;6.0000;61.3687
1850;1;0.7813;3.1250;2.0000;61.3525
1850;0;0.7813;3.1250;2.5000;61.3528
1860;5;6.2500;12.5000;10.0000;61.7574
1860;4;3.1250;6.2500;5.0000;61.7141
1860;3;0.7813;3.1250;4.0000;61.6870
1860;2;1.5625;6.2500;6.0000;61.7022
1860;1;0.7813;3.1250;2.0000;61.6859
1860;0;0.7813;3.1250;2.5000;61.6862
1870;5;6.2500;12.5000;10.0000;62.0912
1870;4;3.1250;6.2500;5.0000;62.0476
1870;3;0.7813;3.1250;4.0000;62.0204
1870;2;1.5625;6.2500;6.0000;62.0357
1870;1;0.7813;3.1250;2.0000;62.0194
1870;0;0.7813;3.1250;2.5000;62.0196
1880;5;6.2500;12.5000;10.0000;62.4250
1880;4;3.1250;6.2500;5.0000;62.3812
1880;3;0.7813;3.1250;4.0000;62.3538
1880;2;1.5625;6.2500;6.0000;62.3692
1880;1;0.7813;3.1250;2.0000;62.3528
1880;0;0.7813;3.1250;2.5000;62.3530
1890;5;6.2500;12.5000;10.0000;62.7588
1890;4;3.1250;6.2500;5.0000;62.7148
1890;3;0.7813;3.1250;4.0000;62.6872
1890;2;1.5625;6.2500;6.0000;62.7027
1890;1;0.7813;3.1250;2.0000;62.6862
1890;0;0.7813;3.1250;2.5000;62.6864
1900;5;6.2500;12.5000;10.0000;63.0926
1900;4;3.1250;6.2500;5.0000;63.0483
1900;3;0.7813;3.1250;4.0000;63.0207
1900;2;1.5625;6.2500;6.0000;63.0362
1900;1;0.7813;3.1250;2.0000;63.0196
1900;0;0.7813;3.1250;2.5000;63.0199
1910;5;6.2500;12.5000;10.0000;63.4264
1910;4;3.1250;6.2500;5.0000;63.3819
1910;3;0.7813;3.1250;4.0000;63.3541
1910;2;1.5625;6.2500;6.0000;63.3697
1910;1;0.7813;3.1250;2.0000;63.3530
1910;0;0.7813;3.1250;2.5000;63.3533
1920;5;6.2500;12.5000;10.0000;63.7602
1920;4;3.1250;6.2500;5.0000;63.7155
1920;3;0.7813;3.1250;4.0000;63.6875
1920;2;1.5625;6.2500;6.0000;63.7032
1920;1;0.7813;3.1250;2.0000;63.6864
1920;0;0.7813;3.1250;2.5000;63.6867
1930;5;6.2500;12.5000;10.0000;64.0940
1930;4;3.1250;6.2500;5.0000;64.0490
1930;3;0.7813;3.1250;4.0000;64.0209
1930;2;1.5625;6.2500;6.0000;64.0367
1930;1;0.7813;3.1250;2.0000;64.0199
1930;0;0.7813;3.1250;2.5000;64.0201
1940;5;6.2500;12.5000;10.0000;64.4278
1940;4;3.1250;6.2500;5.0000;64.3826
1940;3;0.7813;3.1250;4.0000;64.3543
1940;2;1.5625;6.2500;6.0000;64.3702
1940;1;0.7813;3.1250;2.0000;64.3533
1940;0;0.7813;3.1250;2.5000;64.3535
1950;5;6.2500;12.5000;10.0000;64.7616
1950;4;3.1250;6.2500;5.0000;64.7162
1950;3;0.7813;3.1250;4.0000;64.6878
1950;2;1.5625;6.2500;6.0000;64.7037
1950;1;0.7813;3.1250;2.0000;64.6867
1950;0;0.7813;3.1250;2.5000;64.6870
1960;5;6.2500;12.5000;10.0000;65.0954
1960;4;3.1250;6.2500;5.0000;65.0497
1960;3;0.7813;3.1250;4.0000;65.0212
1960;2;1.5625;6.2500;6.0000;65.0372
1960;1;0.7813;3.1250;2.0000;65.0201
1960;0;0.7813;3.1250;2.5000;65.0204
1970;5;6.2500;12.5000;10.0000;65.4292
1970;4;3.1250;6.2500;5.0000;65.3833
1970;3;0.7813;3.1250;4.0000;65.3546
1970;2;1.5625;6.2500;6.0000;65.3708
1970;1;0.7813;3.1250;2.0000;65.3535
1970;0;0.7813;3.1250;2.5000;65.3538
1980;5;6.2500;12.5000;10.0000;65.7630
1980;4;3.1250;6.2500;5.0000;65.7169
1980;3;0.7813;3.1250;4.0000;65.6880
1980;2;1.5625;6.2500;6.0000;65.7043
1980;1;0.7813;3.1250;2.0000;65.6869
1980;0;0.7813;3.1250;2.5000;65.6872
1990;5;6.2500;12.5000;10.0000;66.0969
1990;4;3.1250;6.2500;5.0000;66.0504
1990;3;0.7813;3.1250;4.0000;66.0214
1990;2;1.5625;6.2500;6.0000;66.0378
1990;1;0.7813;3.1250;2.0000;66.0203
1990;0;0.7813;3.1250;2.5000;66.0206
2000;5;6.2500;12.5000;10.0000;66.4307
2000;4;3.1250;6.2500;5.0000;66.3840
2000;3;0.7813;3.1250;4.0000;66.3549
2000;2;1.5625;6.2500;6.0000;66.3713
2000;1;0.7813;3.1250;2.0000;66.3538
2000;0;0.7813;3.1250;2.5000;66.3540
2010;5;6.2500;12.5000;10.0000;66.7645
2010;4;3.1250;6.2500;5.0000;66.7176
2010;3;0.7813;3.1250;4.0000;66.6883
2010;2;1.5625;6.2500;6.0000;66.7048
2010;1;0.7813;3.1250;2.0000;66.6872
2010;0;0.7813;3.1250;2.5000;66.6875
2020;5;6.2500;12.5000;10.0000;67.0983
2020;4;3.1250;6.2500;5.0000;67.0511
2020;3;0.7813;3.1250;4.0000;67.0217
2020;2;1.5625;6.2500;6.0000;67.0383
2020;1;0.7813;3.1250;2.0000;67.0206
2020;0;0.7813;3.1250;2.5000;67.0209
2030;5;6.2500;12.5000;10.0000;67.4321
2030;4;3.1250;6.2500;5.0000;67.3847
2030;3;0.7813;3.1250;4.0000;67.3551
2030;2;1.5625;6.2500;6.0000;67.3718
2030;1;0.7813;3.1250;2.0000;67.3540
2030;0;0.7813;3.1250;2.5000;67.3543
2040;5;6.2500;12.5000;10.0000;67.7659
2040;4;3.1250;6.2500;5.0000;67.7183
2040;3;0.7813;3.1250;4.0000;67.6886
2040;2;1.5625;6.2500;6.0000;67.7053
2040;1;0.7813;3.1250;2.0000;67.6874
2040;0;0.7813;3.1250;2.5000;67.6877
2050;5;6.2500;12.5000;10.0000;68.0997
2050;4;3.1250;6.2500;5.0000;68.0518
2050;3;0.7813;3.1250;4.0000;68.0220
2050;2;1.5625;6.2500;6.0000;68.0388
2050;1;0.7813;3.1250;2.0000;68.0208
2050;0;0.7813;3.1250;2.5000;68.0211
2060;5;6.2500;12.5000;10.0000;68.4335
2060;4;3.1250;6.2500;5.0000;68.3854
2060;3;0.7813;3.1250;4.0000;68.3554
2060;2;1.5625;6.2500;6.0000;68.3723
2060;1;0.7813;3.1250;2.0000;68.3543
2060;0;0.7813;3.1250;2.5000;68.3545
2070;5;6.2500;12.5000;10.0000;68.7673
2070;4;3.1250;6.2500;5.0000;68.7190
2070;3;0.7813;3.1250;4.0000;68.6888
2070;2;1.5625;6.2500;6.0000;68.7058
2070;1;0.7813;3.1250;2.0000;68.6877
2070;0;0.7813;3.1250;2.5000;68.6880
2080;5;6.2500;12.5000;10.0000;69.1011
2080;4;3.1250;6.2500;5.0000;69.0526
2080;3;0.7813;3.1250;4.0000;69.0222
2080;2;1.5625;6.2500;6.0000;69.0393
2080;1;0.7813;3.1250;2.0000;69.0211
2080;0;0.7813;3.1250;2.5000;69.0214
2090;5;6.2500;12.5000;10.0000;69.4349
2090;4;3.1250;6.2500;5.0000;69.3861
2090;3;0.7813;3.1250;4.0000;69.3557
2090;2;1.5625;6.2500;6.0000;69.3728
2090;1;0.7813;3.1250;2.0000;69.3545
2090;0;0.7813;3.1250;2.5000;69.3548
2100;5;6.2500;12.5000;10.0000;69.7687
2100;4;3.1250;6.2500;5.0000;69.7197
2100;3;0.7813;3.1250;4.0000;69.6891
2100;2;1.5625;6.2500;6.0000;69.7063
2100;1;0.7813;3.1250;2.0000;69.6879
2100;0;0.7813;3.1250;2.5000;69.6882
2110;5;6.2500;12.5000;10.0000;70.1025
2110;4;3.1250;6.2500;5.0000;70.0533
2110;3;0.7813;3.1250;4.0000;70.0225
2110;2;1.5625;6.2500;6.0000;70.0398
2110;1;0.7813;3.1250;2.0000;70.0213
2110;0;0.7813;3.1250;2.5000;70.0216
2120;5;6.2500;12.5000;10.0000;70.4363
2120;4;3.1250;6.2500;5.0000;70.3868
2120;3;0.7813;3.1250;4.0000;70.3559
2120;2;1.5625;6.2500;6.0000;70.3733
2120;1;0.7813;3.1250;2.0000;70.3547
2120;0;0.7813;3.1250;2.5000;70.3550
2130;5;6.2500;12.5000;10.0000;70.7701
2130;4;3.1250;6.2500;5.0000;70.7204
2130;3;0.7813;3.1250;4.0000;70.6893
2130;2;1.5625;6.2500;6.0000;70.7068
2130;1;0.7813;3.1250;2.0000;70.6882
2130;0;0.7813;3.1250;2.5000;70.6885
2140;5;6.2500;12.5000;10.0000;71.1039
2140;4;3.1250;6.2500;5.0000;71.0540
2140;3;0.7813;3.1250;4.0000;71.0228
2140;2;1.5625;6.2500;6.0000;71.0403
2140;1;0.7813;3.1250;2.0000;71.0216
2140;0;0.7813;3.1250;2.5000;71.0219
2150;5;6.2500;12.5000;10.0000;71.4377
2150;4;3.1250;6.2500;5.0000;71.3875
2150;3;0.7813;3.1250;4.0000;71.3562
2150;2;1.5625;6.2500;6.0000;71.3738
2150;1;0.7813;3.1250;2.0000;71.3550
2150;0;0.7813;3.1250;2.5000;71.3553
2160;5;6.2500;12.5000;10.0000;71.7715
2160;4;3.1250;6.2500;5.0000;71.7211
2160;3;0.7813;3.1250;4.0000;71.6896
2160;2;1.5625;6.2500;6.0000;71.7073
2160;1;0.7813;3.1250;2.0000;71.6884
2160;0;0.7813;3.1250;2.5000;71.6887
2170;5;6.2500;12.5000;10.0000;72.1053
2170;4;3.1250;6.2500;5.0000;72.0547
2170;3;0.7813;3.1250;4.0000;72.0230
2170;2;1.5625;6.2500;6.0000;72.0408
2170;1;0.7813;3.1250;2.0000;72.0218
2170;0;0.7813;3.1250;2.5000;72.0221
2180;5;6.2500;12.5000;10.0000;72.4391
2180;4;3.1250;6.2500;5.0000;72.3882
2180;3;0.7813;3.1250;4.0000;72.3564
2180;2;1.5625;6.2500;6.0000;72.3743
2180;1;0.7813;3.1250;2.0000;72.3552
2180;0;0.7813;3.1250;2.5000;72.3555
2190;5;6.2500;12.5000;10.0000;72.7729
2190;4;3.1250;6.2500;5.0000;72.7218
2190;3;0.7813;3.1250;4.0000;72.6899
2190;2;1.5625;6.2500;6.0000;72.7078
2190;1;0.7813;3.1250;2.0000;72.6887
2190;0;0.7813;3.1250;2.5000;72.6890
2200;5;6.2500;12.5000;10.0000;73.1067
2200;4;3.1250;6.2500;5.0000;73.0554
2200;3;0.7813;3.1250;4.0000;73.0233
2200;2;1.5625;6.2500;6.0000;73.0413
2200;1;0.7813;3.1250;2.0000;73.0221
2200;0;0.7813;3.1250;2.5000;73.0224
2210;5;6.2500;12.5000;10.0000;73.4405
2210;4;3.1250;6.2500;5.0000;73.3889
2210;3;0.7813;3.1250;4.0000;73.3567
2210;2;1.5625;6.2500;6.0000;73.3748
2210;1;0.7813;3.1250;2.0000;73.3555
2210;0;0.7813;3.1250;2.5000;73.3558
2220;5;6.2500;12.5000;10.0000;73.7743
2220;4;3.1250;6.2500;5.0000;73.7225
2220;3;0.7813;3.1250;4.0000;73.6901
2220;2;1.5625;6.2500;6.0000;73.7083
2220;1;0.7813;3.1250;2.0000;73.6889
2220;0;0.7813;3.1250;2.5000;73.6892
2230;5;6.2500;12.5000;10.0000;74.1081
2230;4;3.1250;6.2500;5.0000;74.0561
2230;3;0.7813;3.1250;4.0000;74.0236
2230;2;1.5625;6.2500;6.0000;74.0418
2230;1;0.7813;3.1250;2.0000;74.0223
2230;0;0.7813;3.1250;2.5000;74.0226
2240;5;6.2500;12.5000;10.0000;74.4419
2240;4;3.1250;6.2500;5.0000;74.3896
2240;3;0.7813;3.1250;4.0000;74.3570
2240;2;1.5625;6.2500;6.0000;74.3753
2240;1;0.7813;3.1250;2.0000;74.3557
2240;0;0.7813;3.1250;2.5000;74.3560
2250;5;6.2500;12.5000;10.0000;74.7757
2250;4;3.1250;6.2500;5.0000;74.7232
2250;3;0.7813;3.1250;4.0000;74.6904
2250;2;1.5625;6.2500;6.0000;74.7089
2250;1;0.7813;3.1250;2.0000;74.6892
2250;0;0.7813;3.1250;2.5000;74.6895
2260;5;6.2500;12.5000;10.0000;75.1095
2260;4;3.1250;6.2500;5.0000;75.0568
2260;3;0.7813;3.1250;4.0000;75.0238
2260;2;1.5625;6.2500;6.0000;75.0424
2260;1;0.7813;3.1250;2.0000;75.0226
2260;0;0.7813;3.1250;2.5000;75.0229
2270;5;6.2500;12.5000;10.0000;75.4433
2270;4;3.1250;6.2500;5.0000;75.3903
2270;3;0.7813;3.1250;4.0000;75.3572
2270;2;1.5625;6.2500;6.0000;75.3759
2270;1;0.7813;3.1250;2.0000;75.3560
2270;0;0.7813;3.1250;2.5000;75.3563
2280;5;6.2500;12.5000;10.0000;75.7771
2280;4;3.1250;6.2500;5.0000;75.7239
2280;3;0.7813;3.1250;4.0000;75.6907
2280;2;1.5625;6.2500;6.0000;75.7094
2280;1;0.7813;3.1250;2.0000;75.6894
2280;0;0.7813;3.1250;2.5000;75.6897
2290;5;6.2500;12.5000;10.0000;76.1109
2290;4;3.1250;6.2500;5.0000;76.0575
2290;3;0.7813;3.1250;4.0000;76.0241
2290;2;1.5625;6.2500;6.0000;76.0429
2290;1;0.7813;3.1250;2.0000;76.0228
2290;0;0.7813;3.1250;2.5000;76.0231
2300;5;6.2500;12.5000;10.0000;76.4447
2300;4;3.1250;6.2500;5.0000;76.3910
2300;3;0.7813;3.1250;4.0000;76.3575
2300;2;1.5625;6.2500;6.0000;76.3764
2300;1;0.7813;3.1250;2.0000;76.3562
2300;0;0.7813;3.1250;2.5000;76.3566
2310;5;6.2500;12.5000;10.0000;76.7785
2310;4;3.1250;6.2500;5.0000;76.7246
2310;3;0.7813;3.1250;4.0000;76.6909
2310;2;1.5625;6.2500;6.0000;76.7099
2310;1;0.7813;3.1250;2.0000;76.6896
2310;0;0.7813;3.1250;2.5000;76.6900
2320;5;6.2500;12.5000;10.0000;77.1123
2320;4;3.1250;6.2500;5.0000;77.0582
2320;3;0.7813;3.1250;4.0000;77.0243
2320;2;1.5625;6.2500;6.0000;77.0434
2320;1;0.7813;3.1250;2.0000;77.0231
2320;0;0.7813;3.1250;2.5000;77.0234
2330;5;6.2500;12.5000;10.0000;77.4461
2330;4;3.1250;6.2500;5.0000;77.3917
2330;3;0.7813;3.1250;4.0000;77.3578
2330;2;1.5625;6.2500;6.0000;77.3769
2330;1;0.7813;3.1250;2.0000;77.3565
2330;0;0.7813;3.1250;2.5000;77.3568
2340;5;6.2500;12.5000;10.0000;77.7799
2340;4;3.1250;6.2500;5.0000;77.7253
2340;3;0.7813;3.1250;4.0000;77.6912
2340;2;1.5625;6.2500;6.0000;77.7104
2340;1;0.7813;3.1250;2.0000;77.6899
2340;0;0.7813;3.1250;2.5000;77.6902
2350;5;6.2500;12.5000;10.0000;78.1137
2350;4;3.1250;6.2500;5.0000;78.0589
2350;3;0.7813;3.1250;4.0000;78.0246
2350;2;1.5625;6.2500;6.0000;78.0439
2350;1;0.7813;3.1250;2.0000;78.0233
2350;0;0.7813;3.1250;2.5000;78.0236
2360;5;6.2500;12.5000;10.0000;78.4475
2360;4;3.1250;6.2500;5.0000;78.3924
2360;3;0.7813;3.1250;4.0000;78.3580
2360;2;1.5625;6.2500;6.0000;78.3774
2360;1;0.7813;3.1250;2.0000;78.3567
2360;0;0.7813;3.1250;2.5000;78.3571
2370;5;6.2500;12.5000;10.0000;78.7813
2370;4;3.1250;6.2500;5.0000;78.7260
2370;3;0.7813;3.1250;4.0000;78.6915
2370;2;1.5625;6.2500;6.0000;78.7109
2370;1;0.7813;3.1250;2.0000;78.6901
2370;0;0.7813;3.1250;2.5000;78.6905
2380;5;6.2500;12.5000;10.0000;79.1151
2380;4;3.1250;6.2500;5.0000;79.0596
2380;3;0.7813;3.1250;4.0000;79.0249
2380;2;1.5625;6.2500;6.0000;79.0444
2380;1;0.7813;3.1250;2.0000;79.0236
2380;0;0.7813;3.1250;2.5000;79.0239
2390;5;6.2500;12.5000;10.0000;79.4489
2390;4;3.1250;6.2500;5.0000;79.3932
2390;3;0.7813;3.1250;4.0000;79.3583
2390;2;1.5625;6.2500;6.0000;79.3779
2390;1;0.7813;3.1250;2.0000;79.3570
2390;0;0.7813;3.1250;2.5000;79.3573
2400;5;6.2500;12.5000;10.0000;79.7827
2400;4;3.1250;6.2500;5.0000;79.7267
2400;3;0.7813;3.1250;4.0000;79.6917
2400;2;1.5625;6.2500;6.0000;79.7114
2400;1;0.7813;3.1250;2.0000;79.6904
2400;0;0.7813;3.1250;2.5000;79.6907
2410;5;6.2500;12.5000;10.0000;80.1165
2410;4;3.1250;6.2500;5.0000;80.0603
2410;3;0.7813;3.1250;4.0000;80.0251
2410;2;1.5625;6.2500;6.0000;80.0449
2410;1;0.7813;3.1250;2.0000;80.0238
2410;0;0.7813;3.1250;2.5000;80.0241
2420;5;6.2500;12.5000;10.0000;80.4503
2420;4;3.1250;6.2500;5.0000;80.3939
2420;3;0.7813;3.1250;4.0000;80.3586
2420;2;1.5625;6.2500;6.0000;80.3784
2420;1;0.7813;3.1250;2.0000;80.3572
2420;0;0.7813;3.1250;2.5000;80.3576
2430;5;6.2500;12.5000;10.0000;80.7841
2430;4;3.1250;6.2500;5.0000;80.7274
2430;3;0.7813;3.1250;4.0000;80.6920
2430;2;1.5625;6.2500;6.0000;80.7119
2430;1;0.7813;3.1250;2.0000;80.6906
2430;0;0.7813;3.1250;2.5000;80.6910
2440;5;6.2500;12.5000;10.0000;81.1179
2440;4;3.1250;6.2500;5.0000;81.0610
2440;3;0.7813;3.1250;4.0000;81.0254
2440;2;1.5625;6.2500;6.0000;81.0454
2440;1;0.7813;3.1250;2.0000;81.0241
2440;0;0.7813;3.1250;2.5000;81.0244
2450;5;6.2500;12.5000;10.0000;81.4517
2450;4;3.1250;6.2500;5.0000;81.3946
2450;3;0.7813;3.1250;4.0000;81.3588
2450;2;1.5625;6.2500;6.0000;81.3789
2450;1;0.7813;3.1250;2.0000;81.3575
2450;0;0.7813;3.1250;2.5000;81.3578
2460;5;6.2500;12.5000;10.0000;81.7855
2460;4;3.1250;6.2500;5.0000;81.7281
2460;3;0.7813;3.1250;4.0000;81.6922
2460;2;1.5625;6.2500;6.0000;81.7124
2460;1;0.7813;3.1250;2.0000;81.6909
2460;0;0.7813;3.1250;2.5000;81.6912
2470;5;6.2500;12.5000;10.0000;82.1194
2470;4;3.1250;6.2500;5.0000;82.0617
2470;3;0.7813;3.1250;4.0000;82.0257
2470;2;1.5625;6.2500;6.0000;82.0459
2470;1;0.7813;3.1250;2.0000;82.0243
2470;0;0.7813;3.1250;2.5000;82.0246
2480;5;6.2500;12.5000;10.0000;82.4532
2480;4;3.1250;6.2500;5.0000;82.3953
2480;3;0.7813;3.1250;4.0000;82.3591
2480;2;1.5625;6.2500;6.0000;82.3794
2480;1;0.7813;3.1250;2.0000;82.3577
2480;0;0.7813;3.1250;2.5000;82.3581
2490;5;6.2500;12.5000;10.0000;82.7870
2490;4;3.1250;6.2500;5.0000;82.7288
2490;3;0.7813;3.1250;4.0000;82.6925
2490;2;1.5625;6.2500;6.0000;82.7129
2490;1;0.7813;3.1250;2.0000;82.6911
2490;0;0.7813;3.1250;2.5000;82.6915
2500;5;6.2500;12.5000;10.0000;83.1208
2500;4;3.1250;6.2500;5.0000;83.0624
2500;3;0.7813;3.1250;4.0000;83.0259
2500;2;1.5625;6.2500;6.0000;83.0464
2500;1;0.7813;3.1250;2.0000;83.0245
2500;0;0.7813;3.1250;2.5000;83.0249
2510;5;6.2500;12.5000;10.0000;83.4546
2510;4;3.1250;6.2500;5.0000;83.3960
2510;3;0.7813;3.1250;4.0000;83.3594
2510;2;1.5625;6.2500;6.0000;83.3799
2510;1;0.7813;3.1250;2.0000;83.3580
2510;0;0.7813;3.1250;2.5000;83.3583
2520;5;6.2500;12.5000;10.0000;83.7884
2520;4;3.1250;6.2500;5.0000;83.7295
2520;3;0.7813;3.1250;4.0000;83.6928
2520;2;1.5625;6.2500;6.0000;83.7135
2520;1;0.7813;3.1250;2.0000;83.6914
2520;0;0.7813;3.1250;2.5000;83.6917
2530;5;6.2500;12.5000;10.0000;84.1222
2530;4;3.1250;6.2500;5.0000;84.0631
2530;3;0.7813;3.1250;4.0000;84.0262
2530;2;1.5625;6.2500;6.0000;84.0470
2530;1;0.7813;3.1250;2.0000;84.0248
2530;0;0.7813;3.1250;2.5000;84.0251
2540;5;6.2500;12.5000;10.0000;84.4560
2540;4;3.1250;6.2500;5.0000;84.3967
2540;3;0.7813;3.1250;4.0000;84.3596
2540;2;1.5625;6.2500;6.0000;84.3805
2540;1;0.7813;3.1250;2.0000;84.3582
2540;0;0.7813;3.1250;2.5000;84.3586
2550;5;6.2500;12.5000;10.0000;84.7898
2550;4;3.1250;6.2500;5.0000;84.7302
2550;3;0.7813;3.1250;4.0000;84.6930
2550;2;1.5625;6.2500;6.0000;84.7140
2550;1;0.7813;3.1250;2.0000;84.6916
2550;0;0.7813;3.1250;2.5000;84.6920
2560;5;6.2500;12.5000;10.0000;85.1236
2560;4;3.1250;6.2500;5.0000;85.0638
2560;3;0.7813;3.1250;4.0000;85.0265
2560;2;1.5625;6.2500;6.0000;85.0475
2560;1;0.7813;3.1250;2.0000;85.0250
2560;0;0.7813;3.1250;2.5000;85.0254
2570;5;6.2500;12.5000;10.0000;85.4574
2570;4;3.1250;6.2500;5.0000;85.3974
2570;3;0.7813;3.1250;4.0000;85.3599
2570;2;1.5625;6.2500;6.0000;85.3810
2570;1;0.7813;3.1250;2.0000;85.3585
2570;0;0.7813;3.1250;2.5000;85.3588
2580;5;6.2500;12.5000;10.0000;85.7912
2580;4;3.1250;6.2500;5.0000;85.7309
2580;3;0.7813;3.1250;4.0000;85.6933
2580;2;1.5625;6.2500;6.0000;85.7145
2580;1;0.7813;3.1250;2.0000;85.6919
2580;0;0.7813;3.1250;2.5000;85.6922
2590;5;6.2500;12.5000;10.0000;86.1250
2590;4;3.1250;6.2500;5.0000;86.0645
2590;3;0.7813;3.1250;4.0000;86.0267
2590;2;1.5625;6.2500;6.0000;86.0480
2590;1;0.7813;3.1250;2.0000;86.0253
2590;0;0.7813;3.1250;2.5000;86.0256
2600;5;6.2500;12.5000;10.0000;86.4588
2600;4;3.1250;6.2500;5.0000;86.3981
2600;3;0.7813;3.1250;4.0000;86.3601
2600;2;1.5625;6.2500;6.0000;86.3815
2600;1;0.7813;3.1250;2.0000;86.3587
2600;0;0.7813;3.1250;2.5000;86.3591
2610;5;6.2500;12.5000;10.0000;86.7926
2610;4;3.1250;6.2500;5.0000;86.7316
2610;3;0.7813;3.1250;4.0000;86.6936
2610;2;1.5625;6.2500;6.0000;86.7150
2610;1;0.7813;3.1250;2.0000;86.6921
2610;0;0.7813;3.1250;2.5000;86.6925
2620;5;6.2500;12.5000;10.0000;87.1264
2620;4;3.1250;6.2500;5.0000;87.0652
2620;3;0.7813;3.1250;4.0000;87.0270
2620;2;1.5625;6.2500;6.0000;87.0485
2620;1;0.7813;3.1250;2.0000;87.0255
2620;0;0.7813;3.1250;2.5000;87.0259
2630;5;6.2500;12.5000;10.0000;87.4602
2630;4;3.1250;6.2500;5.0000;87.3988
2630;3;0.7813;3.1250;4.0000;87.3604
2630;2;1.5625;6.2500;6.0000;87.3820
2630;1;0.7813;3.1250;2.0000;87.3590
2630;0;0.7813;3.1250;2.5000;87.3593
2640;5;6.2500;12.5000;10.0000;87.7940
2640;4;3.1250;6.2500;5.0000;87.7323
2640;3;0.7813;3.1250;4.0000;87.6938
2640;2;1.5625;6.2500;6.0000;87.7155
2640;1;0.7813;3.1250;2.0000;87.6924
2640;0;0.7813;3.1250;2.5000;87.6927
2650;5;6.2500;12.5000;10.0000;88.1278
2650;4;3.1250;6.2500;5.0000;88.0659
2650;3;0.7813;3.1250;4.0000;88.0272
2650;2;1.5625;6.2500;6.0000;88.0490
2650;1;0.7813;3.1250;2.0000;88.0258
2650;0;0.7813;3.1250;2.5000;88.0261
2660;5;6.2500;12.5000;10.0000;88.4616
2660;4;3.1250;6.2500;5.0000;88.3995
2660;3;0.7813;3.1250;4.0000;88.3607
2660;2;1.5625;6.2500;6.0000;88.3825
2660;1;0.7813;3.1250;2.0000;88.3592
2660;0;0.7813;3.1250;2.5000;88.3596
2670;5;6.2500;12.5000;10.0000;88.7954
2670;4;3.1250;6.2500;5.0000;88.7330
2670;3;0.7813;3.1250;4.0000;88.6941
2670;2;1.5625;6.2500;6.0000;88.7160
2670;1;0.7813;3.1250;2.0000;88.6926
2670;0;0.7813;3.1250;2.5000;88.6930
2680;5;6.2500;12.5000;10.0000;89.1292
2680;4;3.1250;6.2500;5.0000;89.0666
2680;3;0.7813;3.1250;4.0000;89.0275
2680;2;1.5625;6.2500;6.0000;89.0495
2680;1;0.7813;3.1250;2.0000;89.0260
2680;0;0.7813;3.1250;2.5000;89.0264
2690;5;6.2500;12.5000;10.0000;89.4630
2690;4;3.1250;6.2500;5.0000;89.4002
2690;3;0.7813;3.1250;4.0000;89.3609
2690;2;1.5625;6.2500;6.0000;89.3830
2690;1;0.7813;3.1250;2.0000;89.3594
2690;0;0.7813;3.1250;2.5000;89.3598
2700;5;6.2500;12.5000;10.0000;89.7968
2700;4;3.1250;6.2500;5.0000;89.7338
2700;3;0.7813;3.1250;4.0000;89.6944
2700;2;1.5625;6.2500;6.0000;89.7165
2700;1;0.7813;3.1250;2.0000;89.6929
2700;0;0.7813;3.1250;2.5000;89.6932
2710;5;6.2500;12.5000;10.0000;90.1306
2710;4;3.1250;6.2500;5.0000;90.0673
2710;3;0.7813;3.1250;4.0000;90.0278
2710;2;1.5625;6.2500;6.0000;90.0500
2710;1;0.7813;3.1250;2.0000;90.0263
2710;0;0.7813;3.1250;2.5000;90.0267
2720;5;6.2500;12.5000;10.0000;90.4644
2720;4;3.1250;6.2500;5.0000;90.4009
2720;3;0.7813;3.1250;4.0000;90.3612
2720;2;1.5625;6.2500;6.0000;90.3835
2720;1;0.7813;3.1250;2.0000;90.3597
2720;0;0.7813;3.1250;2.5000;90.3601
2730;5;6.2500;12.5000;10.0000;90.7982
2730;4;3.1250;6.2500;5.0000;90.7345
2730;3;0.7813;3.1250;4.0000;90.6946
2730;2;1.5625;6.2500;6.0000;90.7170
2730;1;0.7813;3.1250;2.0000;90.6931
2730;0;0.7813;3.1250;2.5000;90.6935
2740;5;6.2500;12.5000;10.0000;91.1320
2740;4;3.1250;6.2500;5.0000;91.0680
2740;3;0.7813;3.1250;4.0000;91.0280
2740;2;1.5625;6.2500;6.0000;91.0505
2740;1;0.7813;3.1250;2.0000;91.0265
2740;0;0.7813;3.1250;2.5000;91.0269
2750;5;6.2500;12.5000;10.0000;91.4658
2750;4;3.1250;6.2500;5.0000;91.4016
2750;3;0.7813;3.1250;4.0000;91.3615
2750;2;1.5625;6.2500;6.0000;91.3840
2750;1;0.7813;3.1250;2.0000;91.3599
2750;0;0.7813;3.1250;2.5000;91.3603
2760;5;6.2500;12.5000;10.0000;91.7996
2760;4;3.1250;6.2500;5.0000;91.7352
2760;3;0.7813;3.1250;4.0000;91.6949
2760;2;1.5625;6.2500;6.0000;91.7175
2760;1;0.7813;3.1250;2.0000;91.6934
2760;0;0.7813;3.1250;2.5000;91.6937
2770;5;6.2500;12.5000;10.0000;92.1334
2770;4;3.1250;6.2500;5.0000;92.0687
2770;3;0.7813;3.1250;4.0000;92.0283
2770;2;1.5625;6.2500;6.0000;92.0510
2770;1;0.7813;3.1250;2.0000;92.0268
2770;0;0.7813;3.1250;2.5000;92.0272
2780;5;6.2500;12.5000;10.0000;92.4672
2780;4;3.1250;6.2500;5.0000;92.4023
2780;3;0.7813;3.1250;4.0000;92.3617
2780;2;1.5625;6.2500;6.0000;92.3845
2780;1;0.7813;3.1250;2.0000;92.3602
2780;0;0.7813;3.1250;2.5000;92.3606
2790;5;6.2500;12.5000;10.0000;92.8010
2790;4;3.1250;6.2500;5.0000;92.7359
2790;3;0.7813;3.1250;4.0000;92.6951
2790;2;1.5625;6.2500;6.0000;92.7180
2790;1;0.7813;3.1250;2.0000;92.6936
2790;0;0.7813;3.1250;2.5000;92.6940
2800;5;6.2500;12.5000;10.0000;93.1348
2800;4;3.1250;6.2500;5.0000;93.0694
2800;3;0.7813;3.1250;4.0000;93.0286
2800;2;1.5625;6.2500;6.0000;93.0516
2800;1;0.7813;3.1250;2.0000;93.0270
2800;0;0.7813;3.1250;2.5000;93.0274
2810;5;6.2500;12.5000;10.0000;93.4686
2810;4;3.1250;6.2500;5.0000;93.4030
2810;3;0.7813;3.1250;4.0000;93.3620
2810;2;1.5625;6.2500;6.0000;93.3851
2810;1;0.7813;3.1250;2.0000;93.3604
2810;0;0.7813;3.1250;2.5000;93.3608
2820;5;6.2500;12.5000;10.0000;93.8024
2820;4;3.1250;6.2500;5.0000;93.7366
2820;3;0.7813;3.1250;4.0000;93.6954
2820;2;1.5625;6.2500;6.0000;93.7186
2820;1;0.7813;3.1250;2.0000;93.6938
2820;0;0.7813;3.1250;2.5000;93.6942
2830;5;6.2500;12.5000;10.0000;94.1362
2830;4;3.1250;6.2500;5.0000;94.0701
2830;3;0.7813;3.1250;4.0000;94.0288
2830;2;1.5625;6.2500;6.0000;94.0521
2830;1;0.7813;3.1250;2.0000;94.0273
2830;0;0.7813;3.1250;2.5000;94.0277
2840;5;6.2500;12.5000;10.0000;94.4700
2840;4;3.1250;6.2500;5.0000;94.4037
2840;3;0.7813;3.1250;4.0000;94.3623
2840;2;1.5625;6.2500;6.0000;94.3856
2840;1;0.7813;3.1250;2.0000;94.3607
2840;0;0.7813;3.1250;2.5000;94.3611
2850;5;6.2500;12.5000;10.0000;94.8038
2850;4;3.1250;6.2500;5.0000;94.7373
2850;3;0.7813;3.1250;4.0000;94.6957
2850;2;1.5625;6.2500;6.0000;94.7191
2850;1;0.7813;3.1250;2.0000;94.6941
2850;0;0.7813;3.1250;2.5000;94.6945
2860;5;6.2500;12.5000;10.0000;95.1376
2860;4;3.1250;6.2500;5.0000;95.0708
2860;3;0.7813;3.1250;4.0000;95.0291
2860;2;1.5625;6.2500;6.0000;95.0526
2860;1;0.7813;3.1250;2.0000;95.0275
2860;0;0.7813;3.1250;2.5000;95.0279
2870;5;6.2500;12.5000;10.0000;95.4714
2870;4;3.1250;6.2500;5.0000;95.4044
2870;3;0.7813;3.1250;4.0000;95.3625
2870;2;1.5625;6.2500;6.0000;95.3861
2870;1;0.7813;3.1250;2.0000;95.3609
2870;0;0.7813;3.1250;2.5000;95.3613
2880;5;6.2500;12.5000;10.0000;95.8052
2880;4;3.1250;6.2500;5.0000;95.7380
2880;3;0.7813;3.1250;4.0000;95.6959
2880;2;1.5625;6.2500;6.0000;95.7196
2880;1;0.7813;3.1250;2.0000;95.6943
2880;0;0.7813;3.1250;2.5000;95.6947
2890;5;6.2500;12.5000;10.0000;96.1390
2890;4;3.1250;6.2500;5.0000;96.0715
2890;3;0.7813;3.1250;4.0000;96.0294
2890;2;1.5625;6.2500;6.0000;96.0531
2890;1;0.7813;3.1250;2.0000;96.0278
2890;0;0.7813;3.1250;2.5000;96.0282
2900;5;6.2500;12.5000;10.0000;96.4728
2900;4;3.1250;6.2500;5.0000;96.4051
2900;3;0.7813;3.1250;4.0000;96.3628
2900;2;1.5625;6.2500;6.0000;96.3866
2900;1;0.7813;3.1250;2.0000;96.3612
2900;0;0.7813;3.1250;2.5000;96.3616
2910;5;6.2500;12.5000;10.0000;96.8066
2910;4;3.1250;6.2500;5.0000;96.7387
2910;3;0.7813;3.1250;4.0000;96.6962
2910;2;1.5625;6.2500;6.0000;96.7201
2910;1;0.7813;3.1250;2.0000;96.6946
2910;0;0.7813;3.1250;2.5000;96.6950
2920;5;6.2500;12.5000;10.0000;97.1404
2920;4;3.1250;6.2500;5.0000;97.0722
2920;3;0.7813;3.1250;4.0000;97.0296
2920;2;1.5625;6.2500;6.0000;97.0536
2920;1;0.7813;3.1250;2.0000;97.0280
2920;0;0.7813;3.1250;2.5000;97.0284
2930;5;6.2500;12.5000;10.0000;97.4742
2930;4;3.1250;6.2500;5.0000;97.4058
2930;3;0.7813;3.1250;4.0000;97.3630
2930;2;1.5625;6.2500;6.0000;97.3871
2930;1;0.7813;3.1250;2.0000;97.3614
2930;0;0.7813;3.1250;2.5000;97.3618
2940;5;6.2500;12.5000;10.0000;97.8080
2940;4;3.1250;6.2500;5.0000;97.7394
2940;3;0.7813;3.1250;4.0000;97.6965
2940;2;1.5625;6.2500;6.0000;97.7206
2940;1;0.7813;3.1250;2.0000;97.6948
2940;0;0.7813;3.1250;2.5000;97.6952
2950;5;6.2500;12.5000;10.0000;98.1419
2950;4;3.1250;6.2500;5.0000;98.0729
2950;3;0.7813;3.1250;4.0000;98.0299
2950;2;1.5625;6.2500;6.0000;98.0541
2950;1;0.7813;3.1250;2.0000;98.0283
2950;0;0.7813;3.1250;2.5000;98.0287
2960;5;6.2500;12.5000;10.0000;98.4757
2960;4;3.1250;6.2500;5.0000;98.4065
2960;3;0.7813;3.1250;4.0000;98.3633
2960;2;1.5625;6.2500;6.0000;98.3876
2960;1;0.7813;3.1250;2.0000;98.3617
2960;0;0.7813;3.1250;2.5000;98.3621
2970;5;6.2500;12.5000;10.0000;98.8095
2970;4;3.1250;6.2500;5.0000;98.7401
2970;3;0.7813;3.1250;4.0000;98.6967
2970;2;1.5625;6.2500;6.0000;98.7211
2970;1;0.7813;3.1250;2.0000;98.6951
2970;0;0.7813;3.1250;2.5000;98.6955
2980;5;6.2500;12.5000;10.0000;99.1433
2980;4;3.1250;6.2500;5.0000;99.0736
2980;3;0.7813;3.1250;4.0000;99.0302
2980;2;1.5625;6.2500;6.0000;99.0546
2980;1;0.7813;3.1250;2.0000;99.0285
2980;0;0.7813;3.1250;2.5000;99.0289
2990;5;6.2500;12.5000;10.0000;99.4771
2990;4;3.1250;6.2500;5.0000;99.4072
2990;3;0.7813;3.1250;4.0000;99.3636
2990;2;1.5625;6.2500;6.0000;99.3881
2990;1;0.7813;3.1250;2.0000;99.3619
2990;0;0.7813;3.1250;2.5000;99.3623
3000;5;6.2500;12.5000;10.0000;99.8109
3000;4;3.1250;6.2500;5.0000;99.7408
3000;3;0.7813;3.1250;4.0000;99.6970
3000;2;1.5625;6.2500;6.0000;99.7216
3000;1;0.7813;3.1250;2.0000;99.6953
3000;0;0.7813;3.1250;2.5000;99.6957
3010;5;6.2500;12.5000;10.0000;100.1447
3010;4;3.1250;6.2500;5.0000;100.0743
3010;3;0.7813;3.1250;4.0000;100.0304
3010;2;1.5625;6.2500;6.0000;100.0551
3010;1;0.7813;3.1250;2.0000;100.0287
3010;0;0.7813;3.1250;2.5000;100.0292
